# This file uses centimeters as units for non-parametric coordinates.

mtllib yizi.mtl
g default
v 3.139493 16.286135 -3.120034
v -0.000001 16.286135 -3.120034
v -3.139500 16.286135 -3.120034
v -3.550769 14.455420 -3.550769
v -0.000001 14.455420 -3.550769
v 3.550762 14.455420 -3.550769
v 3.139493 16.286135 0.000001
v -0.000001 16.286135 0.000001
v -3.139500 16.286135 0.000001
v -3.550769 14.455420 -0.000004
v -0.000001 14.455420 -0.000004
v 3.550762 14.455420 -0.000004
v 3.139493 16.286135 3.120042
v -0.000001 16.286135 3.120042
v -3.139500 16.286135 3.120042
v -3.550769 14.455420 3.550767
v -0.000001 14.455420 3.550767
v 3.550762 14.455420 3.550767
v 6.297994 16.243544 -6.239751
v 6.306483 16.224644 -6.240319
v 6.298374 16.224438 -6.259580
v 6.278879 16.224297 -6.267591
v 6.278490 16.243443 -6.259085
v 6.278491 16.251343 -6.239572
v 6.349122 15.098469 -6.283609
v 6.367934 15.089749 -6.302426
v 6.359555 15.089778 -6.321906
v 6.339545 15.089807 -6.330065
v 6.321627 15.098500 -6.310886
v 6.314010 15.117577 -6.302564
v 6.332922 15.117578 -6.294638
v 6.340850 15.117585 -6.275720
v 3.139790 16.233496 -6.276709
v 3.139579 16.252274 -6.268047
v 3.139493 16.260063 -6.248587
v 6.287503 16.260063 -3.120032
v 6.306964 16.252272 -3.120124
v 6.315626 16.233494 -3.120349
v 6.297995 16.243546 6.239762
v 6.278491 16.251343 6.239583
v 6.278669 16.243546 6.259089
v 6.279231 16.224649 6.267586
v 6.298480 16.224615 6.259579
v 6.306485 16.224644 6.240328
v 6.321799 15.098494 6.310672
v 6.339698 15.089807 6.329699
v 6.359893 15.089762 6.321610
v 6.368345 15.089719 6.302312
v 6.349370 15.098444 6.283465
v 6.340993 15.117571 6.275602
v 6.333066 15.117562 6.294520
v 6.314154 15.117560 6.302447
v -6.298004 16.243544 6.239759
v -6.306492 16.224644 6.240327
v -6.298384 16.224438 6.259588
v -6.278888 16.224297 6.267599
v -6.278499 16.243443 6.259093
v -6.278500 16.251343 6.239580
v -3.139797 16.233494 6.276718
v -3.139586 16.252272 6.268056
v -3.139500 16.260063 6.248596
v -7.103466 15.014692 7.101562
v -7.085030 15.014688 7.109284
v -7.076720 15.033278 7.101141
v -7.057600 15.041801 7.081863
v -7.075791 15.041853 7.072757
v -7.083432 15.041908 7.050968
v -7.103129 15.033296 7.073302
v -7.111177 15.014683 7.083120
v -3.538771 15.012752 7.136086
v -3.534844 15.032763 7.128762
v -3.526080 15.041843 7.110792
v 7.076150 15.033152 7.101381
v 7.084306 15.014235 7.109572
v 7.103059 15.014469 7.101846
v 7.110901 15.014688 7.083392
v 7.102929 15.033293 7.073866
v 7.083576 15.041883 7.052125
v 7.075820 15.041841 7.073288
v 7.057343 15.041800 7.082138
v 7.099763 14.498383 7.119616
v 7.100108 14.490223 7.100111
v 7.119639 14.498368 7.099759
v 7.127274 14.517766 7.099080
v 7.119004 14.517813 7.118944
v 7.099113 14.517800 7.127204
v 7.136149 15.012573 3.536911
v 7.128919 15.032741 3.532623
v 7.111156 15.041913 3.523109
v 7.109408 14.481512 3.550754
v 7.128875 14.489551 3.550548
v 7.136901 14.508706 3.550050
v 7.103171 15.033163 -7.073297
v 7.111187 15.014234 -7.082677
v 7.103469 15.014467 -7.101433
v 7.085021 15.014688 -7.109284
v 7.076712 15.033278 -7.101140
v 7.057592 15.041801 -7.081862
v 7.076088 15.041840 -7.073021
v 7.083850 15.041880 -7.051878
v 7.119651 14.498365 -7.099792
v 7.100145 14.490224 -7.100161
v 7.099774 14.498385 -7.119630
v 7.099113 14.517807 -7.127196
v 7.119009 14.517813 -7.118938
v 7.127282 14.517759 -7.099079
v -7.102907 15.033167 -7.073566
v -7.083585 15.041883 -7.052125
v -7.075582 15.041855 -7.072980
v -7.056496 15.041827 -7.081709
v -7.075867 15.033156 -7.101298
v -7.084315 15.014235 -7.109572
v -7.103079 15.014242 -7.101716
v -7.110929 15.014238 -7.082950
v -3.525418 15.041583 -7.110771
v -3.534170 15.032503 -7.128745
v -3.538113 15.012496 -7.136070
v -7.119661 14.498365 7.099786
v -7.100155 14.490224 7.100161
v -7.099783 14.498385 7.119630
v -7.099123 14.517807 7.127196
v -7.119019 14.517813 7.118938
v -7.127291 14.517759 7.099079
v -3.550147 14.508708 7.136907
v -3.550578 14.489552 7.128882
v -3.550756 14.481512 7.109415
v -7.119659 14.498368 -7.099782
v -7.127283 14.517766 -7.099080
v -7.119178 14.517545 -7.118958
v -7.099684 14.517268 -7.127223
v -7.100075 14.498229 -7.119632
v -7.100153 14.490224 -7.100148
v -3.550123 14.508709 -7.136906
v -3.550579 14.489552 -7.128882
v -3.550767 14.481512 -7.109415
v -6.349277 15.098454 -6.283484
v -6.341002 15.117571 -6.275594
v -6.333159 15.117425 -6.294518
v -6.314450 15.117288 -6.302444
v -6.321985 15.098411 -6.310688
v -6.339707 15.089807 -6.329690
v -6.359714 15.089770 -6.321605
v -6.368089 15.089735 -6.302310
v -3.152740 15.118311 -6.328488
v -3.156347 15.098673 -6.336479
v -3.164853 15.089829 -6.354489
v 6.393042 15.089952 3.146638
v 6.375240 15.098887 3.137403
v 6.367331 15.118678 3.133498
v -6.349130 15.098469 6.283618
v -6.367943 15.089749 6.302434
v -6.359564 15.089777 6.321914
v -6.339554 15.089807 6.330073
v -6.321636 15.098500 6.310894
v -6.314019 15.117577 6.302571
v -6.332932 15.117579 6.294645
v -6.340859 15.117585 6.275728
v -3.164521 15.089974 6.354483
v -3.155997 15.098817 6.336476
v -3.152387 15.118460 6.328486
v -6.298003 16.243546 -6.239753
v -6.278500 16.251343 -6.239575
v -6.278677 16.243546 -6.259081
v -6.279240 16.224649 -6.267577
v -6.298488 16.224615 -6.259570
v -6.306494 16.224644 -6.240319
v -6.287512 16.260063 3.120039
v -6.306973 16.252272 3.120131
v -6.315635 16.233494 3.120357
v -7.111145 15.041653 3.522439
v -7.128912 15.032480 3.531943
v -7.136143 15.012318 3.536247
v -7.136910 14.508707 3.550026
v -7.128884 14.489552 3.550548
v -7.109417 14.481512 3.550764
v -6.367350 15.118545 3.133812
v -6.375258 15.098759 3.137712
v -6.393065 15.089823 3.146929
v -0.000004 16.233496 -6.276709
v -0.000001 16.252274 -6.268047
v -0.000000 16.260063 -6.248587
v 3.152378 15.118505 -6.328476
v 3.155995 15.098829 -6.336480
v 3.164534 15.089972 -6.354517
v 3.526053 15.041846 -7.110752
v 3.534831 15.032750 -7.128751
v 3.538765 15.012708 -7.136087
v 3.550139 14.508708 -7.136907
v 3.550570 14.489552 -7.128883
v 3.550748 14.481512 -7.109416
v 3.550116 14.508709 7.136906
v 3.550571 14.489552 7.128882
v 3.550759 14.481512 7.109415
v 3.538107 15.012451 7.136070
v 3.534158 15.032491 7.128734
v 3.525391 15.041586 7.110729
v 3.164866 15.089827 6.354540
v 3.156345 15.098685 6.336499
v 3.152731 15.118358 6.328494
v 3.139795 16.233494 6.276718
v 3.139578 16.252272 6.268056
v 3.139490 16.260063 6.248596
v -3.139803 16.233496 -6.276709
v -3.139586 16.252274 -6.268047
v -3.139498 16.260063 -6.248587
v -0.000178 15.117148 -6.328540
v -0.000176 15.098356 -6.336884
v -0.000165 15.089812 -6.355887
v 0.000328 15.041804 -7.109348
v 0.000335 15.033019 -7.128334
v 0.000329 15.013887 -7.136076
v 0.000011 14.508709 -7.136906
v -0.000001 14.489552 -7.128882
v -0.000006 14.481512 -7.109416
v -0.000013 14.508709 7.136906
v -0.000001 14.489552 7.128882
v 0.000004 14.481512 7.109416
v -0.000331 15.013887 7.136076
v -0.000337 15.033020 7.128334
v -0.000330 15.041804 7.109348
v 0.000162 15.089812 6.355896
v 0.000173 15.098356 6.336894
v 0.000175 15.117148 6.328549
v 0.000002 16.233494 6.276718
v -0.000001 16.252272 6.268056
v -0.000002 16.260063 6.248596
v 6.287503 16.260063 0.000002
v 6.306964 16.252272 0.000001
v 6.315625 16.233494 -0.000001
v -6.287512 16.260063 -3.120034
v -6.306973 16.252272 -3.120124
v -6.315634 16.233494 -3.120345
v -6.367339 15.118730 -3.133491
v -6.375262 15.098902 -3.137402
v -6.393097 15.089950 -3.146655
v -7.111125 15.041916 -3.523088
v -7.128916 15.032728 -3.532618
v -7.136159 15.012528 -3.536913
v -7.136910 14.508706 -3.550051
v -7.128885 14.489551 -3.550549
v -7.109417 14.481512 -3.550755
v 7.109408 14.481512 -3.550766
v 7.128875 14.489552 -3.550550
v 7.136900 14.508707 -3.550028
v 7.136134 15.012272 -3.536249
v 7.128891 15.032468 -3.531938
v 7.111094 15.041656 -3.522418
v 6.393102 15.089820 -3.146947
v 6.375263 15.098772 -3.137712
v 6.367338 15.118596 -3.133805
v 6.287503 16.260063 3.120041
v 6.306964 16.252272 3.120131
v 6.315625 16.233494 3.120352
v -6.287512 16.260063 0.000000
v -6.306973 16.252272 0.000001
v -6.315634 16.233494 0.000004
v -6.367413 15.117158 0.000158
v -6.375737 15.098365 0.000156
v -6.394711 15.089777 0.000144
v -7.109469 15.041896 -0.000335
v -7.128427 15.033067 -0.000343
v -7.136148 15.013933 -0.000336
v -7.136910 14.508707 -0.000015
v -7.128885 14.489552 -0.000003
v -7.109418 14.481512 0.000002
v 7.109408 14.481512 -0.000009
v 7.128875 14.489552 -0.000004
v 7.136900 14.508707 0.000008
v 7.136139 15.013933 0.000330
v 7.128418 15.033067 0.000337
v 7.109461 15.041896 0.000329
v 6.394703 15.089777 -0.000142
v 6.375729 15.098365 -0.000153
v 6.367404 15.117158 -0.000156
v 6.294433 16.239990 -6.255600
v 6.340990 15.098487 -6.302802
v 6.294509 16.240067 6.255605
v 6.341222 15.098471 6.302602
v -6.294443 16.239990 6.255608
v -7.095247 15.033291 7.092932
v 7.094955 15.033226 7.093268
v 7.115845 14.501994 7.115819
v 7.095299 15.033226 -7.092923
v 7.115850 14.501993 -7.115832
v -7.094871 15.033167 -7.093105
v -7.115860 14.501993 7.115830
v -7.115981 14.501882 -7.115835
v -6.341209 15.098434 -6.302620
v -6.340999 15.098488 6.302811
v -6.294518 16.240067 -6.255597
vt 0.527235 0.277461
vt 0.526889 0.277467
vt 0.527409 0.257164
vt 0.527749 0.257162
vt 0.526882 0.278455
vt 0.527165 0.277747
vt 0.470804 0.277950
vt 0.470928 0.257506
vt 0.527549 0.256813
vt 0.527894 0.256811
vt 0.470802 0.278615
vt 0.414711 0.278271
vt 0.414596 0.257802
vt 0.470997 0.257142
vt 0.414713 0.278775
vt 0.358618 0.278592
vt 0.358265 0.258152
vt 0.414594 0.257457
vt 0.358624 0.278936
vt 0.301781 0.258455
vt 0.302531 0.278750
vt 0.358192 0.257789
vt 0.302543 0.279097
vt 0.301637 0.258105
vt 0.302185 0.278752
vt 0.301441 0.258456
vt 0.302258 0.279035
vt 0.301293 0.258107
vt 0.302192 0.507173
vt 0.302539 0.507167
vt 0.302019 0.527469
vt 0.301679 0.527471
vt 0.302545 0.506176
vt 0.302262 0.506887
vt 0.358624 0.506682
vt 0.358499 0.527127
vt 0.301879 0.527821
vt 0.301534 0.527822
vt 0.358625 0.506016
vt 0.414716 0.506360
vt 0.414831 0.526829
vt 0.358431 0.527491
vt 0.414714 0.505854
vt 0.470809 0.506038
vt 0.471163 0.526477
vt 0.414833 0.527174
vt 0.470803 0.505693
vt 0.526896 0.505878
vt 0.527647 0.526174
vt 0.471235 0.526840
vt 0.526884 0.505532
vt 0.527987 0.526174
vt 0.527242 0.505877
vt 0.527791 0.526523
vt 0.527169 0.505594
vt 0.528135 0.526522
vt 0.012276 0.278162
vt 0.012276 0.277829
vt 0.021403 0.278117
vt 0.021402 0.278474
vt 0.011934 0.277653
vt 0.011934 0.278006
vt 0.012319 0.213963
vt 0.021569 0.214211
vt 0.021923 0.278130
vt 0.021692 0.278418
vt 0.011949 0.213885
vt 0.012290 0.150281
vt 0.021569 0.150287
vt 0.021921 0.214220
vt 0.011938 0.150281
vt 0.012315 0.086600
vt 0.021569 0.086363
vt 0.021921 0.150287
vt 0.011944 0.086677
vt 0.021402 0.022458
vt 0.012284 0.022748
vt 0.021921 0.086354
vt 0.011936 0.022917
vt 0.021923 0.022445
vt 0.012284 0.022410
vt 0.021406 0.022100
vt 0.011936 0.022565
vt 0.021694 0.022156
vt 0.288299 0.277834
vt 0.288295 0.278167
vt 0.279173 0.278475
vt 0.279172 0.278117
vt 0.288640 0.277663
vt 0.288639 0.278012
vt 0.278651 0.278129
vt 0.278882 0.278418
vt 0.279005 0.214211
vt 0.288259 0.213975
vt 0.288630 0.213897
vt 0.278653 0.214220
vt 0.279005 0.150287
vt 0.288284 0.150293
vt 0.288635 0.150293
vt 0.278653 0.150287
vt 0.279004 0.086364
vt 0.288253 0.086612
vt 0.288624 0.086689
vt 0.278653 0.086354
vt 0.288288 0.022753
vt 0.279170 0.022458
vt 0.288636 0.022922
vt 0.278650 0.022445
vt 0.288293 0.022415
vt 0.279171 0.022100
vt 0.288637 0.022569
vt 0.278880 0.022156
vt 0.470802 0.335877
vt 0.470802 0.392314
vt 0.414714 0.392314
vt 0.414714 0.335877
vt 0.527043 0.392314
vt 0.527043 0.335877
vt 0.470802 0.448752
vt 0.414714 0.448752
vt 0.358626 0.392314
vt 0.358626 0.335877
vt 0.470802 0.279286
vt 0.414714 0.279286
vt 0.527043 0.448752
vt 0.526881 0.279448
vt 0.527712 0.335876
vt 0.527552 0.392315
vt 0.470802 0.505343
vt 0.414714 0.505343
vt 0.358626 0.448752
vt 0.302384 0.392314
vt 0.302384 0.335877
vt 0.358626 0.279286
vt 0.526881 0.505181
vt 0.527392 0.448754
vt 0.527872 0.279449
vt 0.358626 0.505343
vt 0.302384 0.448752
vt 0.301713 0.335876
vt 0.301874 0.392315
vt 0.302546 0.279448
vt 0.527232 0.505185
vt 0.527169 0.279161
vt 0.302546 0.505181
vt 0.302035 0.448754
vt 0.301552 0.279446
vt 0.527169 0.505469
vt 0.302195 0.505181
vt 0.302258 0.279160
vt 0.302258 0.505468
vt 0.150287 0.150287
vt 0.086350 0.150287
vt 0.086350 0.086350
vt 0.150287 0.086350
vt 0.150287 0.214224
vt 0.086350 0.214224
vt 0.022271 0.150287
vt 0.022271 0.086351
vt 0.086350 0.022272
vt 0.150287 0.022272
vt 0.214224 0.150287
vt 0.214224 0.086350
vt 0.086350 0.278303
vt 0.150287 0.278303
vt 0.022271 0.214224
vt 0.214224 0.214224
vt 0.022438 0.022438
vt 0.086353 0.021922
vt 0.150287 0.021921
vt 0.214223 0.022272
vt 0.278302 0.150287
vt 0.278302 0.086350
vt 0.022438 0.278136
vt 0.214224 0.278303
vt 0.086353 0.278654
vt 0.150287 0.278653
vt 0.278302 0.214224
vt 0.022439 0.021925
vt 0.214220 0.021921
vt 0.278136 0.022438
vt 0.022445 0.278652
vt 0.278135 0.278135
vt 0.214220 0.278653
vt 0.022153 0.022156
vt 0.278129 0.021923
vt 0.022155 0.278418
vt 0.278129 0.278651
vt 0.278418 0.022156
vt 0.278418 0.278418
vt 0.263098 0.531835
vt 0.262762 0.531494
vt 0.263666 0.474853
vt 0.263986 0.475021
vt 0.262945 0.532185
vt 0.262613 0.531838
vt 0.264106 0.418358
vt 0.264448 0.418360
vt 0.276862 0.481881
vt 0.275886 0.545428
vt 0.275743 0.545808
vt 0.262583 0.532329
vt 0.262263 0.531981
vt 0.264529 0.361863
vt 0.264851 0.361699
vt 0.277318 0.418450
vt 0.276231 0.545817
vt 0.277181 0.482055
vt 0.276086 0.546169
vt 0.275409 0.545965
vt 0.205411 0.532332
vt 0.205259 0.532006
vt 0.264496 0.305212
vt 0.264841 0.304875
vt 0.277833 0.355019
vt 0.277659 0.418453
vt 0.275750 0.546314
vt 0.211816 0.545999
vt 0.148427 0.531921
vt 0.148429 0.531579
vt 0.264691 0.304526
vt 0.264352 0.304866
vt 0.277822 0.291472
vt 0.278154 0.354850
vt 0.211972 0.546324
vt 0.148332 0.545488
vt 0.091444 0.531461
vt 0.091599 0.531137
vt 0.277685 0.291090
vt 0.264004 0.304718
vt 0.264328 0.304378
vt 0.278174 0.291083
vt 0.148330 0.545830
vt 0.084847 0.545029
vt 0.034281 0.530577
vt 0.034603 0.530237
vt 0.277354 0.290928
vt 0.278033 0.290733
vt 0.207010 0.303817
vt 0.207166 0.303493
vt 0.084687 0.545351
vt 0.021271 0.544019
vt 0.033922 0.530429
vt 0.034258 0.530089
vt 0.213762 0.289927
vt 0.277699 0.289611
vt 0.150180 0.303376
vt 0.150183 0.303033
vt 0.020919 0.544369
vt 0.020928 0.543859
vt 0.033774 0.530080
vt 0.034115 0.529744
vt 0.150277 0.289467
vt 0.213923 0.289115
vt 0.093350 0.302949
vt 0.093199 0.302623
vt 0.020578 0.544219
vt 0.020787 0.543483
vt 0.033758 0.473256
vt 0.034080 0.473092
vt 0.086793 0.288955
vt 0.150280 0.288880
vt 0.036346 0.302974
vt 0.036026 0.302626
vt 0.020436 0.543866
vt 0.020777 0.479935
vt 0.034162 0.416595
vt 0.034503 0.416597
vt 0.023201 0.288990
vt 0.086637 0.288631
vt 0.035665 0.302770
vt 0.035997 0.303116
vt 0.020455 0.480104
vt 0.021292 0.416505
vt 0.034625 0.359934
vt 0.034944 0.360102
vt 0.022860 0.288640
vt 0.022872 0.289152
vt 0.035847 0.303461
vt 0.035511 0.303119
vt 0.020950 0.416502
vt 0.021747 0.353074
vt 0.022524 0.288786
vt 0.022731 0.289543
vt 0.021428 0.352900
vt 0.022380 0.289138
vt 0.022378 0.288629
vt 0.022711 0.288493
vt 0.528864 0.279446
vt 0.528864 0.279096
vt 0.549163 0.278590
vt 0.549161 0.278930
vt 0.528578 0.279165
vt 0.549511 0.278795
vt 0.549514 0.278447
vt 0.548822 0.335765
vt 0.528376 0.335875
vt 0.549183 0.335702
vt 0.548525 0.392436
vt 0.528056 0.392317
vt 0.548870 0.392438
vt 0.548183 0.449108
vt 0.527736 0.448760
vt 0.548543 0.449175
vt 0.527579 0.505197
vt 0.547880 0.505945
vt 0.548225 0.506082
vt 0.547875 0.506281
vt 0.527577 0.505543
vt 0.527294 0.505470
vt 0.548222 0.506428
vt 0.300563 0.279440
vt 0.301047 0.335875
vt 0.300560 0.279094
vt 0.300844 0.279164
vt 0.301369 0.392317
vt 0.280598 0.335759
vt 0.280260 0.278928
vt 0.280258 0.278588
vt 0.301691 0.448760
vt 0.280899 0.392431
vt 0.279909 0.278793
vt 0.280237 0.335696
vt 0.279907 0.278444
vt 0.301844 0.505190
vt 0.281247 0.449103
vt 0.280555 0.392433
vt 0.301849 0.505541
vt 0.302133 0.505468
vt 0.281555 0.505938
vt 0.280887 0.449170
vt 0.281557 0.506278
vt 0.281206 0.506077
vt 0.281208 0.506425
vt 0.022710 0.288299
vt 0.022378 0.288299
vt 0.022098 0.279173
vt 0.022457 0.279173
vt 0.022155 0.278882
vt 0.086361 0.279006
vt 0.086566 0.288263
vt 0.150287 0.279005
vt 0.150281 0.288284
vt 0.214212 0.279005
vt 0.213996 0.288257
vt 0.278117 0.279172
vt 0.277850 0.288289
vt 0.278188 0.288294
vt 0.278475 0.279172
vt 0.278418 0.278881
vt 0.278042 0.288638
vt 0.277863 0.012275
vt 0.278195 0.012279
vt 0.278475 0.021401
vt 0.278117 0.021401
vt 0.277714 0.011934
vt 0.278048 0.011935
vt 0.278418 0.021692
vt 0.214212 0.021569
vt 0.214008 0.012312
vt 0.213937 0.011944
vt 0.150287 0.021570
vt 0.150293 0.012291
vt 0.150293 0.011940
vt 0.086362 0.021570
vt 0.086578 0.012317
vt 0.086649 0.011950
vt 0.022723 0.012286
vt 0.022446 0.021413
vt 0.022875 0.011938
vt 0.022385 0.012286
vt 0.022095 0.021408
vt 0.022533 0.011938
vt 0.022153 0.021696
vn 0.003458 0.999988 -0.003480
vn 0.000000 0.999991 -0.004172
vn 0.000000 1.000000 0.000000
vn 0.004147 0.999991 0.000000
vn -0.003458 0.999988 -0.003480
vn -0.004147 0.999991 0.000000
vn 0.000000 1.000000 0.000000
vn 0.000000 -1.000000 0.000000
vn -0.003670 -0.999993 0.000000
vn -0.003060 -0.999991 -0.003060
vn -0.000000 -0.999993 -0.003670
vn 0.003670 -0.999993 0.000000
vn 0.000000 -1.000000 0.000000
vn 0.003060 -0.999991 -0.003060
vn 0.000000 1.000000 0.000000
vn 0.000000 0.999991 0.004172
vn 0.003458 0.999988 0.003480
vn 0.000000 1.000000 0.000000
vn -0.003458 0.999988 0.003480
vn 0.000000 -0.999993 0.003670
vn -0.003060 -0.999991 0.003060
vn 0.000000 -1.000000 0.000000
vn 0.003060 -0.999991 0.003060
vn 0.000000 -1.000000 0.000000
vn 0.007980 0.045819 -0.998918
vn 0.382173 0.045548 -0.922968
vn 0.382661 0.051096 -0.922475
vn 0.008200 0.047360 -0.998844
vn 0.921127 0.045203 -0.386628
vn 0.998932 0.045489 -0.008114
vn 0.998858 0.047046 -0.008366
vn 0.920688 0.050908 -0.386965
vn 0.069857 0.997557 -0.000627
vn 0.431565 0.902072 -0.004136
vn 0.430834 0.902430 -0.001352
vn 0.076325 0.997083 -0.000249
vn 0.921898 0.387276 -0.011041
vn 0.998794 0.049022 -0.002904
vn 0.922128 0.386860 -0.004350
vn 0.000663 0.997774 -0.066688
vn 0.036406 0.998725 -0.034974
vn 0.040784 0.998371 -0.039911
vn 0.001109 0.995936 -0.090059
vn 0.096993 0.995284 -0.001128
vn 0.010750 0.391283 -0.920208
vn 0.004188 0.390569 -0.920564
vn 0.002838 0.049244 -0.998783
vn 0.003993 0.905642 -0.424025
vn 0.000224 0.997362 -0.072581
vn 0.001307 0.905196 -0.424993
vn 0.007954 0.999936 0.008003
vn 0.371233 0.928525 0.005198
vn 0.371550 0.928411 0.001838
vn 0.009334 0.999953 0.002780
vn 0.910181 0.414176 0.005312
vn 0.998930 0.045548 0.008087
vn 0.998769 0.049522 0.002820
vn 0.909098 0.416578 0.001891
vn 0.007990 0.045731 0.998922
vn 0.005279 0.414392 0.910083
vn 0.001879 0.416699 0.909043
vn 0.002779 0.049635 0.998764
vn 0.005166 0.928538 0.371202
vn 0.002763 0.999952 0.009392
vn 0.001827 0.928420 0.371529
vn 0.922074 0.045239 0.384361
vn 0.921590 0.050938 0.384809
vn 0.998853 0.047145 0.008324
vn 0.384459 0.045413 0.922024
vn 0.008221 0.047258 0.998849
vn 0.384838 0.051030 0.921572
vn 0.000606 0.997768 0.066774
vn 0.004002 0.905040 0.425309
vn 0.001334 0.904994 0.425423
vn 0.000242 0.997357 0.072653
vn 0.010806 0.389461 0.920979
vn 0.002849 0.049197 0.998785
vn 0.004216 0.389570 0.920987
vn 0.069734 0.997566 0.000686
vn 0.036453 0.998726 0.034894
vn 0.040677 0.998373 0.039968
vn 0.096715 0.995311 0.001186
vn 0.001052 0.995919 0.090248
vn -0.007980 0.045818 0.998918
vn -0.382168 0.045548 0.922970
vn -0.382655 0.051096 0.922477
vn -0.008200 0.047353 0.998845
vn -0.921122 0.045203 0.386641
vn -0.998932 0.045490 0.008114
vn -0.998858 0.047036 0.008365
vn -0.920683 0.050908 0.386977
vn -0.007352 0.029730 0.999531
vn -0.384411 0.060813 0.921157
vn -0.383420 0.033751 0.922957
vn -0.007282 0.002786 0.999970
vn -0.921357 0.059053 0.384205
vn -0.999603 0.027266 0.007067
vn -0.999975 0.000895 0.007032
vn -0.922888 0.031795 0.383754
vn -0.096823 0.995301 0.001131
vn -0.040713 0.998379 0.039772
vn -0.036528 0.998726 0.034804
vn -0.069855 0.997557 0.000628
vn -0.001108 0.995937 0.090044
vn -0.000663 0.997774 0.066688
vn 0.007317 0.029628 0.999534
vn 0.008303 0.372755 0.927893
vn 0.003092 0.364954 0.931021
vn 0.002551 0.024282 0.999702
vn 0.005401 0.904756 0.425896
vn 0.000342 0.997265 0.073909
vn 0.002065 0.902496 0.430694
vn 0.999595 0.027539 0.007115
vn 0.920123 0.059057 0.387151
vn 0.921777 0.032233 0.386377
vn 0.999974 0.001141 0.007089
vn 0.381417 0.060874 0.922396
vn 0.007244 0.002509 0.999971
vn 0.380766 0.033675 0.924058
vn 0.999599 0.027431 -0.007076
vn 0.930601 0.365953 -0.007780
vn 0.932994 0.359879 -0.002882
vn 0.999727 0.023258 -0.002431
vn 0.429877 0.902872 -0.005362
vn 0.077645 0.996981 -0.000360
vn 0.435134 0.900363 -0.002000
vn 0.007357 0.029740 -0.999531
vn 0.387254 0.060727 -0.919971
vn 0.386082 0.033925 -0.921840
vn 0.007300 0.002787 -0.999970
vn 0.922538 0.059177 -0.381342
vn 0.999975 0.000870 -0.007033
vn 0.923981 0.032019 -0.381096
vn 0.005521 0.906080 -0.423070
vn 0.002078 0.903309 -0.428987
vn 0.000357 0.997273 -0.073799
vn 0.008391 0.374514 -0.927183
vn 0.002573 0.024372 -0.999700
vn 0.003092 0.365700 -0.930728
vn 0.007092 -0.999950 -0.007095
vn 0.383359 -0.923588 -0.004666
vn 0.382601 -0.923912 -0.001629
vn 0.008342 -0.999962 -0.002445
vn 0.926631 -0.375941 -0.004906
vn 0.999978 -0.006225 -0.002431
vn 0.924478 -0.381231 -0.001731
vn 0.004913 -0.374317 -0.927288
vn 0.001735 -0.380374 -0.924831
vn 0.002555 -0.005251 -0.999983
vn 0.004665 -0.923286 -0.384086
vn 0.002445 -0.999962 -0.008344
vn 0.001633 -0.923775 -0.382933
vn -0.096906 0.995293 -0.001190
vn -0.429770 0.902921 -0.005542
vn -0.435133 0.900364 -0.002042
vn -0.077536 0.996990 -0.000378
vn -0.930550 0.366078 -0.007923
vn -0.999592 0.027666 -0.007107
vn -0.999724 0.023369 -0.002453
vn -0.932982 0.359911 -0.002911
vn -0.001056 0.995917 -0.090266
vn -0.040734 0.998361 -0.040193
vn -0.036245 0.998728 -0.035050
vn -0.000605 0.997769 -0.066766
vn -0.069725 0.997566 -0.000687
vn -0.922584 0.059633 -0.381161
vn -0.924299 0.032381 -0.380293
vn -0.999974 0.001123 -0.007083
vn -0.387347 0.061590 -0.919874
vn -0.007320 0.029581 -0.999536
vn -0.007248 0.002628 -0.999970
vn -0.386803 0.034353 -0.921522
vn -0.004913 -0.374317 0.927288
vn -0.001735 -0.380383 0.924828
vn -0.002555 -0.005251 0.999983
vn -0.004665 -0.923304 0.384042
vn -0.007092 -0.999950 0.007095
vn -0.002445 -0.999962 0.008343
vn -0.001633 -0.923784 0.382911
vn -0.926712 -0.375741 -0.004857
vn -0.924520 -0.381130 -0.001731
vn -0.999978 -0.006114 -0.002448
vn -0.383393 -0.923574 -0.004622
vn -0.007092 -0.999950 -0.007093
vn -0.008342 -0.999962 -0.002445
vn -0.382592 -0.923916 -0.001630
vn -0.998855 0.047105 -0.008322
vn -0.921899 0.387274 -0.010995
vn -0.922152 0.386803 -0.004329
vn -0.998792 0.049051 -0.002892
vn -0.431596 0.902058 -0.004153
vn -0.076232 0.997090 -0.000232
vn -0.430885 0.902406 -0.001336
vn -0.008211 0.047259 -0.998849
vn -0.386429 0.050969 -0.920910
vn -0.386034 0.045523 -0.921361
vn -0.007989 0.045729 -0.998922
vn -0.922267 0.050942 -0.383181
vn -0.998929 0.045550 -0.008075
vn -0.922747 0.045245 -0.382741
vn -0.007954 0.999936 -0.008003
vn -0.371253 0.928517 -0.005198
vn -0.371564 0.928405 -0.001838
vn -0.009334 0.999953 -0.002780
vn -0.910159 0.414225 -0.005312
vn -0.998769 0.049524 -0.002820
vn -0.909076 0.416627 -0.001891
vn -0.005278 0.414360 -0.910098
vn -0.001879 0.416683 -0.909050
vn -0.002780 0.049634 -0.998764
vn -0.005166 0.928558 -0.371153
vn -0.002763 0.999952 -0.009391
vn -0.001827 0.928440 -0.371479
vn -0.009334 0.999953 0.002780
vn -0.007955 0.999936 0.008007
vn -0.002763 0.999952 0.009400
vn -0.002573 0.024360 0.999700
vn 0.999978 -0.006112 0.002449
vn 0.999725 0.023336 0.002453
vn -0.002552 0.024320 -0.999701
vn -0.002536 -0.005365 -0.999982
vn -0.002850 0.049195 -0.998785
vn -0.002838 0.049238 0.998783
vn -0.002770 0.049661 0.998762
vn 0.998791 0.049065 0.002892
vn -0.000357 0.997274 0.073790
vn -0.000224 0.997363 0.072573
vn 0.077496 0.996993 0.000378
vn 0.076221 0.997091 0.000232
vn -0.000241 0.997360 -0.072615
vn -0.000342 0.997266 -0.073900
vn -0.008342 -0.999962 0.002445
vn -0.999726 0.023270 0.002431
vn -0.999978 -0.006215 0.002432
vn -0.998770 0.049495 0.002831
vn -0.998794 0.049015 0.002904
vn -0.076317 0.997084 0.000249
vn -0.077604 0.996984 0.000359
vn 0.002770 0.049662 -0.998762
vn 0.002445 -0.999962 0.008343
vn 0.008342 -0.999962 0.002445
vn 0.007094 -0.999950 0.007096
vn 0.002537 -0.005376 0.999982
vn 0.000000 0.052788 -0.998606
vn 0.000000 0.053206 -0.998584
vn -0.000030 0.997252 -0.074081
vn -0.000030 0.997353 -0.072716
vn -0.000001 -0.013763 -0.999905
vn -0.000002 0.015934 -0.999873
vn 0.000000 -0.999955 0.009539
vn 0.000002 0.015934 0.999873
vn 0.000001 -0.013763 0.999905
vn 0.000030 0.997353 0.072714
vn 0.000030 0.997252 0.074079
vn -0.000000 0.053206 0.998584
vn -0.000000 0.052788 0.998606
vn 0.000000 0.999942 0.010757
vn 0.002763 0.999952 -0.009400
vn 0.009334 0.999953 -0.002780
vn 0.007955 0.999936 -0.008007
vn 0.000000 0.999942 -0.010756
vn -0.002445 -0.999962 -0.008332
vn -0.000000 -0.999955 -0.009538
vn 0.998770 0.049495 -0.002831
vn 0.010690 0.999943 0.000000
vn -0.010690 0.999943 0.000000
vn -0.998611 0.052696 -0.000000
vn -0.998586 0.053160 -0.000000
vn -0.077921 0.996960 0.000029
vn -0.076434 0.997075 0.000029
vn -0.999903 -0.013902 0.000001
vn -0.999877 0.015692 0.000002
vn -0.009539 -0.999955 0.000000
vn 0.009539 -0.999955 0.000000
vn 0.999877 0.015690 -0.000002
vn 0.999903 -0.013904 -0.000001
vn 0.076433 0.997075 -0.000029
vn 0.077921 0.996960 -0.000029
vn 0.998586 0.053160 0.000000
vn 0.998611 0.052697 0.000000
vn 0.005167 0.927708 -0.373271
vn 0.001837 0.928018 -0.372532
vn 0.005318 0.412277 -0.911043
vn 0.001897 0.415672 -0.909513
vn 0.910185 0.414167 -0.005346
vn 0.909088 0.416600 -0.001891
vn 0.371277 0.928507 -0.005233
vn 0.371579 0.928400 -0.001839
vn -0.005167 0.927690 0.373316
vn -0.001837 0.927979 0.372629
vn -0.005317 0.412245 0.911057
vn -0.001897 0.415668 0.909515
vn -0.005528 0.906121 0.422983
vn -0.002079 0.903328 0.428945
vn -0.008369 0.374526 0.927179
vn -0.003091 0.365689 0.930732
vn 0.426932 0.904267 0.005495
vn 0.433309 0.901243 0.002017
vn 0.929898 0.367734 0.007870
vn 0.932712 0.360611 0.002882
vn 0.926606 -0.376003 0.004904
vn 0.924460 -0.381276 0.001731
vn 0.383204 -0.923652 0.004670
vn 0.382515 -0.923948 0.001631
vn -0.008328 0.374516 -0.927183
vn -0.003095 0.365746 -0.930710
vn -0.005448 0.906115 -0.422996
vn -0.002075 0.903362 -0.428874
vn 0.000000 -0.386319 0.922365
vn 0.000000 -0.924302 0.381663
vn -0.004667 -0.924672 -0.380737
vn -0.001619 -0.924449 -0.381303
vn -0.004856 -0.378108 -0.925749
vn -0.001711 -0.382292 -0.924040
vn -0.003993 0.905716 -0.423866
vn -0.001334 0.905250 -0.424878
vn -0.010769 0.391406 -0.920155
vn -0.004214 0.390668 -0.920522
vn 0.921071 0.389239 0.010976
vn 0.921683 0.387920 0.004319
vn 0.430130 0.902757 0.004118
vn 0.430325 0.902673 0.001328
vn -0.010747 0.391291 0.920204
vn -0.004187 0.390583 0.920558
vn -0.003989 0.905640 0.424028
vn -0.001308 0.905209 0.424965
vn -0.910163 0.414215 0.005346
vn -0.909066 0.416649 0.001891
vn -0.371287 0.928503 0.005233
vn -0.371589 0.928395 0.001839
vn -0.929287 0.369279 0.007722
vn -0.932442 0.361309 0.002857
vn -0.424071 0.905613 0.005359
vn -0.431464 0.902128 0.001985
vn -0.383360 -0.923587 0.004665
vn -0.382601 -0.923912 0.001629
vn -0.926640 -0.375919 0.004905
vn -0.924478 -0.381230 0.001731
vn -0.431545 0.902082 0.004131
vn -0.430818 0.902438 0.001353
vn -0.921917 0.387230 0.011040
vn -0.922143 0.386826 0.004350
vn 0.000000 0.928384 -0.371621
vn 0.000000 0.418844 -0.908058
vn -0.000010 0.391163 -0.920322
vn -0.000022 0.905088 -0.425225
vn -0.000032 0.900309 -0.435251
vn -0.000013 0.359255 -0.933239
vn -0.000000 -0.386310 -0.922369
vn -0.000000 -0.924293 -0.381685
vn 0.004671 -0.923430 0.383738
vn 0.001634 -0.923846 0.382761
vn 0.004914 -0.374827 0.927082
vn 0.001737 -0.380629 0.924726
vn 0.000017 0.359233 0.933248
vn 0.000037 0.900322 0.435225
vn 0.000017 0.905098 0.425203
vn 0.000005 0.391162 0.920322
vn 0.000000 0.418856 0.908053
vn 0.000000 0.928344 0.371721
vn 0.908071 0.418817 0.000000
vn 0.371686 0.928359 0.000000
vn -0.371696 0.928355 0.000000
vn -0.908048 0.418866 -0.000000
vn -0.921737 0.387817 0.000010
vn -0.430138 0.902763 0.000020
vn -0.440184 0.897908 0.000032
vn -0.934635 0.355609 0.000013
vn -0.922322 -0.386422 0.000000
vn -0.381696 -0.924288 0.000000
vn 0.381710 -0.924282 0.000000
vn 0.922322 -0.386422 -0.000000
vn 0.934636 0.355605 -0.000017
vn 0.440184 0.897908 -0.000036
vn 0.430122 0.902771 -0.000015
vn 0.921723 0.387849 -0.000004
vn 0.313589 0.893614 -0.321117
vn 0.873679 0.358605 -0.328768
vn 0.318260 0.355907 -0.878658
vn 0.805037 0.486765 -0.339080
vn 0.219246 0.950450 -0.220399
vn 0.337259 0.486711 -0.805835
vn 0.875350 0.360113 0.322615
vn 0.315108 0.895255 0.315000
vn 0.322702 0.360320 0.875233
vn 0.337093 0.484568 0.807194
vn 0.218006 0.950473 0.221528
vn 0.803566 0.489114 0.339191
vn -0.313576 0.893617 0.321120
vn -0.873668 0.358618 0.328781
vn -0.318263 0.355888 0.878665
vn -0.796216 0.509672 0.325998
vn -0.340692 0.508209 0.790982
vn -0.215549 0.956248 0.197810
vn 0.214696 0.954721 0.205946
vn 0.333103 0.499671 0.799607
vn 0.795080 0.504929 0.335997
vn 0.330201 -0.296020 0.896292
vn 0.330358 -0.883769 0.331386
vn 0.895469 -0.297447 0.331151
vn 0.218560 0.954664 -0.202112
vn 0.804397 0.498695 -0.322876
vn 0.346623 0.505336 -0.790245
vn 0.895473 -0.296925 -0.331609
vn 0.330604 -0.883401 -0.332120
vn 0.330157 -0.294934 -0.896666
vn -0.799708 0.500500 -0.331612
vn -0.213991 0.954663 -0.206947
vn -0.337746 0.503430 -0.795290
vn -0.895473 -0.296960 0.331577
vn -0.330652 -0.883401 0.332073
vn -0.330185 -0.294981 0.896641
vn -0.333081 -0.886081 -0.322362
vn -0.898149 -0.299453 -0.321957
vn -0.337333 -0.302521 -0.891452
vn -0.218656 0.950477 -0.220871
vn -0.805037 0.487027 -0.338705
vn -0.337667 0.486752 -0.805639
vn -0.805056 0.486734 0.339081
vn -0.219263 0.950435 0.220447
vn -0.337199 0.486687 0.805874
vn -0.875334 0.360147 -0.322623
vn -0.315095 0.895261 -0.314998
vn -0.322707 0.360350 -0.875219
s 1
g Sunmao_001 all
usemtl blinn1SG
f 1/113/1 2/114/2 8/115/3 7/116/4
f 2/114/2 3/119/5 9/120/6 8/115/7
s 3
f 11/152/8 10/153/9 4/154/10 5/155/11
f 12/162/12 11/152/13 5/155/11 6/163/14
s 1
f 7/116/4 8/115/15 14/121/16 13/122/17
f 8/115/18 9/120/6 15/131/19 14/121/16
s 3
f 17/156/20 16/157/21 10/153/9 11/152/22
f 18/167/23 17/156/20 11/152/24 12/162/12
s 9
f 22/289/25 21/290/26 31/291/27 30/292/28
s 10
f 21/1/29 20/2/30 32/3/31 31/4/32
s 11
f 26/191/33 25/192/34 249/193/35 248/194/36
s 10
f 25/9/37 32/3/31 250/8/38 249/14/39
s 11
f 28/202/40 27/195/41 99/201/42 98/210/43
f 27/195/41 26/191/33 100/200/44 99/201/42
s 9
f 30/292/28 29/294/45 183/298/46 182/296/47
s 11
f 29/203/48 28/202/40 184/211/49 183/212/50
s 1
f 40/142/51 39/23/52 252/19/53 251/134/54
s 10
f 39/23/55 44/21/56 253/16/57 252/19/58
s 15
f 42/312/59 41/147/60 201/140/61 200/313/62
s 1
f 41/147/63 40/142/51 202/133/64 201/140/65
s 10
f 44/21/56 43/25/66 51/26/67 50/20/68
s 15
f 43/314/69 42/312/59 52/318/70 51/319/71
s 11
f 46/231/72 45/230/73 198/239/74 197/240/75
s 15
f 45/322/76 52/318/70 199/317/77 198/323/78
s 11
f 48/214/79 47/221/80 79/229/81 78/223/82
f 47/221/80 46/231/72 80/237/83 79/229/81
s 15
f 56/325/84 55/328/85 156/332/86 155/330/87
s 19
f 55/29/88 54/30/89 157/31/90 156/32/91
s 20
f 63/335/92 62/336/93 122/337/94 121/338/95
s 21
f 62/57/96 69/58/97 123/59/98 122/60/99
s 11
f 67/284/100 66/278/101 152/271/102 151/280/103
f 66/278/101 65/269/104 153/264/105 152/271/102
s 20
f 74/347/106 73/246/107 195/254/108 194/345/109
s 11
f 73/246/110 80/237/83 196/245/111 195/254/112
s 24
f 76/85/113 75/86/114 85/87/115 84/88/116
s 20
f 75/348/117 74/347/106 86/346/118 85/349/119
s 24
f 94/105/120 93/107/121 246/103/122 245/102/123
s 11
f 93/207/124 100/200/44 247/199/125 246/208/126
s 26
f 96/352/127 95/353/128 105/354/129 104/355/130
s 24
f 95/109/131 94/105/120 106/106/132 105/110/133
s 11
f 98/210/43 97/217/134 186/225/135 185/218/136
s 26
f 97/356/137 96/352/127 187/360/138 186/361/139
s 3
f 102/181/140 101/108/141 243/104/142 242/173/143
s 24
f 101/108/144 106/106/132 244/101/145 243/104/146
s 26
f 104/355/130 103/186/147 189/180/148 188/359/149
s 3
f 103/186/150 102/181/140 190/171/151 189/180/152
s 11
f 108/258/153 107/265/154 237/273/155 236/266/156
s 21
f 107/79/157 114/77/158 238/72/159 237/75/160
s 11
f 110/242/161 109/250/162 142/243/163 141/235/164
f 109/250/162 108/258/153 143/251/165 142/243/163
s 21
f 114/77/158 113/81/166 129/82/167 128/76/168
s 26
f 113/371/169 112/368/170 130/369/171 129/372/172
s 20
f 121/338/95 120/182/173 125/176/174 124/340/175
s 3
f 120/182/176 119/174/177 126/164/178 125/176/179
s 21
f 128/76/168 127/80/180 240/78/181 239/73/182
s 3
f 127/80/183 132/168/184 241/159/185 240/78/186
s 19
f 137/49/187 136/54/188 234/50/189 233/45/190
s 11
f 136/252/191 143/251/165 235/259/192 234/260/193
s 9
f 139/306/194 138/308/195 165/309/196 164/305/197
s 19
f 138/52/198 137/49/187 166/48/199 165/53/200
s 1
f 162/135/201 161/51/202 231/47/203 230/129/204
s 19
f 161/51/205 166/48/199 232/44/206 231/47/207
s 9
f 164/305/197 163/143/208 204/136/209 203/303/210
s 1
f 163/143/211 162/135/201 205/125/212 204/136/213
f 15/131/19 167/138/214 58/145/215 61/139/216
s 20
f 121/338/95 124/340/175 70/341/217 63/335/92
s 24
f 92/93/218 87/94/219 76/85/113 84/88/116
s 26
f 112/368/170 117/366/220 133/365/221 130/369/171
s 9
f 164/305/197 203/303/210 144/302/222 139/306/194
s 15
f 155/330/87 160/326/223 59/320/224 56/325/84
s 10
f 50/20/68 149/17/225 253/16/57 44/21/56
s 11
f 65/269/104 72/261/226 158/256/227 153/264/105
f 89/215/228 147/205/229 48/214/79 78/223/82
f 141/235/164 146/227/230 115/234/231 110/242/161
s 3
f 119/174/177 175/166/232 16/157/21 126/164/178
s 21
f 172/63/233 173/64/234 123/59/98 69/58/97
s 19
f 54/30/89 169/35/235 176/36/236 157/31/90
s 11
f 178/275/237 170/282/238 67/284/100 151/280/103
s 9
f 182/296/47 33/297/239 22/289/25 30/292/28
s 11
f 185/218/136 184/211/49 28/202/40 98/210/43
s 26
f 188/359/149 187/360/138 96/352/127 104/355/130
s 3
f 193/175/240 18/167/23 90/178/241 82/183/242
s 20
f 194/345/109 191/344/243 86/346/118 74/347/106
s 11
f 197/240/75 196/245/111 80/237/83 46/231/72
s 15
f 200/313/62 199/317/77 52/318/70 42/312/59
s 1
f 251/134/54 13/122/17 202/133/64 40/142/51
s 9
f 206/299/244 179/300/245 33/297/239 182/296/47
s 11
f 209/226/246 208/219/247 184/211/49 185/218/136
s 26
f 212/362/248 211/363/249 187/360/138 188/359/149
s 3
f 217/165/250 17/156/20 18/167/23 193/175/240
s 20
f 218/343/251 215/342/252 191/344/243 194/345/109
s 11
f 221/248/253 220/253/254 196/245/111 197/240/75
s 15
f 224/316/255 223/321/256 199/317/77 200/313/62
s 1
f 13/122/17 14/121/16 226/132/257 202/133/64
s 9
f 144/302/222 203/303/210 179/300/245 206/299/244
s 11
f 115/234/231 146/227/230 208/219/247 209/226/246
s 26
f 133/365/221 117/366/220 211/363/249 212/362/248
s 3
f 126/164/178 16/157/21 17/156/20 217/165/250
s 20
f 70/341/217 124/340/175 215/342/252 218/343/251
s 11
f 158/256/227 72/261/226 220/253/254 221/248/253
s 15
f 59/320/224 160/326/223 223/321/256 224/316/255
s 1
f 14/121/16 15/131/19 61/139/216 226/132/257
f 35/118/258 1/113/1 36/123/259 24/126/260
f 181/117/261 2/114/2 1/113/1 35/118/258
f 205/125/212 3/119/5 2/114/2 181/117/261
f 162/135/201 230/129/204 3/119/5 205/125/212
s 19
f 233/45/190 232/44/206 166/48/199 137/49/187
s 11
f 108/258/153 236/266/156 235/259/192 143/251/165
s 21
f 128/76/168 239/73/182 238/72/159 114/77/158
s 3
f 4/154/10 241/159/185 132/168/184 135/160/262
f 5/155/11 4/154/10 135/160/262 214/161/263
f 6/163/14 5/155/11 214/161/263 190/171/151
f 242/173/143 6/163/14 190/171/151 102/181/140
s 24
f 94/105/120 245/102/123 244/101/145 106/106/132
s 11
f 26/191/33 248/194/36 247/199/125 100/200/44
s 10
f 38/7/264 250/8/38 32/3/31 20/2/30
s 1
f 36/123/259 1/113/1 7/116/4 227/124/265
f 3/119/5 230/129/204 254/130/266 9/120/6
s 19
f 257/41/267 256/40/268 232/44/206 233/45/190
s 11
f 235/259/192 236/266/156 260/274/269 259/267/270
s 21
f 238/72/159 239/73/182 263/69/271 262/68/272
s 3
f 10/153/9 265/158/273 241/159/185 4/154/10
f 266/172/274 12/162/12 6/163/14 242/173/143
s 24
f 244/101/145 245/102/123 269/98/275 268/97/276
s 11
f 247/199/125 248/194/36 272/198/277 271/206/278
s 10
f 229/12/279 274/13/280 250/8/38 38/7/264
s 1
f 227/124/265 7/116/4 13/122/17 251/134/54
f 9/120/6 254/130/266 167/138/214 15/131/19
s 19
f 176/36/236 169/35/235 256/40/268 257/41/267
s 11
f 259/267/270 260/274/269 170/282/238 178/275/237
s 21
f 262/68/272 263/69/271 173/64/234 172/63/233
s 3
f 16/157/21 175/166/232 265/158/273 10/153/9
f 90/178/241 18/167/23 12/162/12 266/172/274
s 24
f 268/97/276 269/98/275 87/94/219 92/93/218
s 11
f 271/206/278 272/198/277 147/205/229 89/215/228
s 10
f 253/16/57 149/17/225 274/13/280 229/12/279
s 1
f 24/126/260 23/137/281 34/127/282 35/118/258
s 9
f 23/137/283 22/289/25 33/297/239 34/127/284
s 10
f 20/2/30 19/5/285 37/11/286 38/7/264
s 1
f 19/5/287 24/126/260 36/123/259 37/11/288
f 58/145/215 57/149/289 60/146/290 61/139/216
s 15
f 57/149/291 56/325/84 59/320/224 60/146/292
s 11
f 65/269/104 64/277/293 71/270/294 72/261/226
s 20
f 64/277/295 63/335/92 70/341/217 71/270/296
s 11
f 78/223/82 77/232/297 88/224/298 89/215/228
s 24
f 77/89/299 76/85/113 87/94/219 88/95/300
f 84/88/116 83/91/301 91/96/302 92/93/218
s 3
f 83/91/303 82/183/242 90/178/241 91/96/304
s 26
f 112/368/170 111/370/305 116/367/306 117/366/220
s 11
f 111/249/307 110/242/161 115/234/231 116/241/308
s 20
f 124/340/175 125/176/174 216/177/309 215/342/252
s 3
f 125/176/179 126/164/178 217/165/250 216/177/310
f 132/168/184 131/179/311 134/169/312 135/160/262
s 26
f 131/179/313 130/369/171 133/365/221 134/169/314
s 11
f 141/235/164 140/236/315 145/228/316 146/227/230
s 9
f 140/307/317 139/306/194 144/302/222 145/304/318
s 10
f 50/20/68 49/24/319 148/22/320 149/17/225
s 11
f 49/213/321 48/214/79 147/205/229 148/204/322
s 15
f 155/330/87 154/333/323 159/331/324 160/326/223
s 11
f 154/263/325 153/264/105 158/256/227 159/255/326
s 19
f 54/30/89 53/33/327 168/39/328 169/35/235
s 1
f 53/33/329 58/145/215 167/138/214 168/39/330
s 21
f 69/58/97 68/61/331 171/67/332 172/63/233
s 11
f 68/286/333 67/284/100 170/282/238 171/285/334
s 3
f 119/174/177 118/65/335 174/70/336 175/166/232
s 21
f 118/65/337 123/59/98 173/64/234 174/70/338
s 11
f 151/280/103 150/279/339 177/276/340 178/275/237
s 19
f 150/37/341 157/31/90 176/36/236 177/42/342
s 1
f 35/118/258 34/127/282 180/128/343 181/117/261
s 9
f 34/127/284 33/297/239 179/300/245 180/128/344
f 182/296/47 183/298/46 207/301/345 206/299/244
s 11
f 183/212/50 184/211/49 208/219/247 207/220/346
f 185/218/136 186/225/135 210/233/347 209/226/246
s 26
f 186/361/139 187/360/138 211/363/249 210/364/348
f 188/359/149 189/180/148 213/170/349 212/362/248
s 3
f 189/180/152 190/171/151 214/161/263 213/170/350
f 82/183/242 81/188/351 192/184/352 193/175/240
s 20
f 81/188/353 86/346/118 191/344/243 192/184/354
f 194/345/109 195/254/108 219/262/355 218/343/251
s 11
f 195/254/112 196/245/111 220/253/254 219/262/356
f 197/240/75 198/239/74 222/247/357 221/248/253
s 15
f 198/323/78 199/317/77 223/321/256 222/327/358
f 200/313/62 201/140/61 225/141/359 224/316/255
s 1
f 201/140/65 202/133/64 226/132/257 225/141/360
f 181/117/261 180/128/343 204/136/213 205/125/212
s 9
f 180/128/344 179/300/245 203/303/210 204/136/209
s 11
f 146/227/230 145/228/316 207/220/346 208/219/247
s 9
f 145/304/318 144/302/222 206/299/244 207/301/345
s 26
f 117/366/220 116/367/306 210/364/348 211/363/249
s 11
f 116/241/308 115/234/231 209/226/246 210/233/347
s 3
f 135/160/262 134/169/312 213/170/350 214/161/263
s 26
f 134/169/314 133/365/221 212/362/248 213/170/349
s 3
f 193/175/240 192/184/352 216/177/310 217/165/250
s 20
f 192/184/354 191/344/243 215/342/252 216/177/309
s 11
f 72/261/226 71/270/294 219/262/356 220/253/254
s 20
f 71/270/296 70/341/217 218/343/251 219/262/355
s 15
f 160/326/223 159/331/324 222/327/358 223/321/256
s 11
f 159/255/326 158/256/227 221/248/253 222/247/357
s 1
f 61/139/216 60/146/290 225/141/360 226/132/257
s 15
f 60/146/292 59/320/224 224/316/255 225/141/359
s 10
f 38/7/264 37/11/286 228/15/361 229/12/279
s 1
f 37/11/288 36/123/259 227/124/265 228/15/362
f 230/129/204 231/47/203 255/43/363 254/130/266
s 19
f 231/47/207 232/44/206 256/40/268 255/43/364
f 233/45/190 234/50/189 258/46/365 257/41/267
s 11
f 234/260/193 235/259/192 259/267/270 258/268/366
f 236/266/156 237/273/155 261/281/367 260/274/269
s 21
f 237/75/160 238/72/159 262/68/272 261/71/368
f 239/73/182 240/78/181 264/74/369 263/69/271
s 3
f 240/78/186 241/159/185 265/158/273 264/74/370
f 242/173/143 243/104/142 267/100/371 266/172/274
s 24
f 243/104/146 244/101/145 268/97/276 267/100/372
f 245/102/123 246/103/122 270/99/373 269/98/275
s 11
f 246/208/126 247/199/125 271/206/278 270/216/374
f 248/194/36 249/193/35 273/197/375 272/198/277
s 10
f 249/14/39 250/8/38 274/13/280 273/18/376
f 229/12/279 228/15/361 252/19/58 253/16/57
s 1
f 228/15/362 227/124/265 251/134/54 252/19/53
s 19
f 169/35/235 168/39/328 255/43/364 256/40/268
s 1
f 168/39/330 167/138/214 254/130/266 255/43/363
s 11
f 178/275/237 177/276/340 258/268/366 259/267/270
s 19
f 177/42/342 176/36/236 257/41/267 258/46/365
s 21
f 172/63/233 171/67/332 261/71/368 262/68/272
s 11
f 171/285/334 170/282/238 260/274/269 261/281/367
s 3
f 175/166/232 174/70/336 264/74/370 265/158/273
s 21
f 174/70/338 173/64/234 263/69/271 264/74/369
s 24
f 92/93/218 91/96/302 267/100/372 268/97/276
s 3
f 91/96/304 90/178/241 266/172/274 267/100/371
s 11
f 89/215/228 88/224/298 270/216/374 271/206/278
s 24
f 88/95/300 87/94/219 269/98/275 270/99/373
s 10
f 149/17/225 148/22/320 273/18/376 274/13/280
s 11
f 148/204/322 147/205/229 272/198/277 273/197/375
s 1
f 23/137/281 24/126/260 19/5/287 275/144/377
s 10
f 19/5/285 20/2/30 21/1/29 275/6/378
s 9
f 21/290/26 22/289/25 23/137/283 275/293/379
s 10
f 31/4/32 32/3/31 25/9/37 276/10/380
s 11
f 25/192/34 26/191/33 27/195/41 276/196/381
f 27/195/41 28/202/40 29/203/48 276/196/381
s 9
f 29/294/45 30/292/28 31/291/27 276/295/382
s 10
f 43/25/66 44/21/56 39/23/55 277/27/383
s 1
f 39/23/52 40/142/51 41/147/63 277/150/384
s 15
f 41/147/60 42/312/59 43/314/69 277/315/385
f 51/319/71 52/318/70 45/322/76 278/324/386
s 11
f 45/230/73 46/231/72 47/221/80 278/222/387
f 47/221/80 48/214/79 49/213/321 278/222/387
s 10
f 49/24/319 50/20/68 51/26/67 278/28/388
s 1
f 57/149/289 58/145/215 53/33/329 279/151/389
s 19
f 53/33/327 54/30/89 55/29/88 279/34/390
s 15
f 55/328/85 56/325/84 57/149/291 279/329/391
s 21
f 68/61/331 69/58/97 62/57/96 280/62/392
s 20
f 62/287/93 63/288/92 64/277/295 280/283/393
s 11
f 64/277/293 65/269/104 66/278/101 280/283/394
f 66/278/101 67/284/100 68/286/333 280/283/394
f 79/229/81 80/237/83 73/246/110 281/238/395
s 20
f 73/246/107 74/347/106 75/348/117 281/351/396
s 24
f 75/86/114 76/85/113 77/89/299 281/90/397
s 11
f 77/232/297 78/223/82 79/229/81 281/238/395
s 20
f 85/349/119 86/346/118 81/188/353 282/350/398
s 3
f 81/188/351 82/183/242 83/91/303 282/190/399
s 24
f 83/91/301 84/88/116 85/87/115 282/92/400
s 11
f 99/201/42 100/200/44 93/207/124 283/209/401
s 24
f 93/107/121 94/105/120 95/109/131 283/111/402
s 26
f 95/353/128 96/352/127 97/356/137 283/357/403
s 11
f 97/217/134 98/210/43 99/201/42 283/209/401
s 24
f 105/110/133 106/106/132 101/108/144 284/112/404
s 3
f 101/108/141 102/181/140 103/186/150 284/189/405
s 26
f 103/186/147 104/355/130 105/354/129 284/358/406
s 21
f 113/81/166 114/77/158 107/79/157 285/83/407
s 11
f 107/265/154 108/258/153 109/250/162 285/257/408
f 109/250/162 110/242/161 111/249/307 285/257/408
s 26
f 111/370/305 112/368/170 113/371/169 285/373/409
s 21
f 122/60/99 123/59/98 118/65/337 286/66/410
s 3
f 118/65/335 119/174/177 120/182/176 286/187/411
s 20
f 120/182/173 121/338/95 122/337/94 286/339/412
s 3
f 131/179/311 132/168/184 127/80/183 287/185/413
s 21
f 127/80/180 128/76/168 129/82/167 287/84/414
s 26
f 129/372/172 130/369/171 131/179/313 287/374/415
s 11
f 142/243/163 143/251/165 136/252/191 288/244/416
s 19
f 136/54/188 137/49/187 138/52/198 288/56/417
s 9
f 138/308/195 139/306/194 140/307/317 288/311/418
s 11
f 140/236/315 141/235/164 142/243/163 288/244/416
s 19
f 156/32/91 157/31/90 150/37/341 289/38/419
s 11
f 150/279/339 151/280/103 152/271/102 289/272/420
f 152/271/102 153/264/105 154/263/325 289/272/420
s 15
f 154/333/323 155/330/87 156/332/86 289/334/421
s 19
f 165/53/200 166/48/199 161/51/205 290/55/422
s 1
f 161/51/202 162/135/201 163/143/211 290/148/423
s 9
f 163/143/208 164/305/197 165/309/196 290/310/424
g default
v 7.801397 15.065607 -7.801897
v 7.801397 15.083761 -7.801897
v 7.823313 15.083761 -7.823305
v 7.823313 15.065607 -7.823305
v 7.823313 15.907045 -7.823305
v 7.801397 15.907045 -7.801897
v 7.801397 16.257456 -7.801897
v 7.823314 16.257456 -7.823305
v 7.823313 15.497328 -7.823305
v 7.801397 15.497328 -7.801897
v 7.801397 15.845863 -7.801897
v 7.823313 15.845863 -7.823305
v 6.336743 15.083761 -6.371224
v 6.336743 15.065607 -6.371224
v 6.287216 15.065607 -6.322845
v 6.287216 15.083761 -6.322845
v 7.649461 15.497327 -7.653486
v 7.649461 15.497327 -7.613915
v 7.649462 15.845863 -7.613915
v 7.649462 15.845863 -7.653486
v 6.336743 16.257456 -6.371223
v 6.336743 15.907045 -6.371223
v 6.287215 15.907045 -6.322845
v 6.287215 16.257456 -6.322845
v 6.203131 15.065607 -6.240711
v 6.203131 15.083761 -6.240711
v 6.203131 15.497328 -6.240710
v 6.203131 15.845863 -6.240710
v 6.287215 15.845863 -6.322845
v 6.287215 15.497327 -6.322845
v 6.203131 15.907045 -6.240710
v 6.203131 16.257456 -6.240711
v 7.623522 15.497327 -6.346418
v 7.623523 15.845863 -6.346419
v 7.649462 15.845863 -6.346419
v 7.649461 15.497327 -6.346419
v 7.629772 15.879292 -7.594706
v 7.020131 15.879292 -6.999952
v 6.980405 15.879292 -6.999952
v 7.628529 15.879292 -7.633039
v 7.629772 15.472449 -7.594706
v 7.628529 15.472449 -7.633039
v 6.980405 15.472449 -6.999952
v 7.020131 15.472449 -6.999952
v 6.980406 15.065607 -6.999952
v 6.980406 15.083761 -6.999952
v 7.628529 15.083761 -7.633039
v 7.628529 15.065607 -7.633039
v 7.628529 16.257456 -7.633039
v 7.628529 15.907045 -7.633039
v 6.980405 15.907045 -6.999952
v 6.980405 16.257456 -6.999952
v 7.649462 15.472449 -6.371223
v 7.624014 15.472449 -6.371223
v 7.623523 15.472449 -6.346419
v 7.649462 15.472449 -6.346419
v 7.649462 15.845863 -6.371223
v 7.649462 15.497328 -6.371223
v 7.624015 15.879292 -6.371223
v 7.649462 15.879292 -6.371223
v 7.649462 15.879292 -6.346419
v 7.623523 15.879292 -6.346419
v 7.636492 15.879292 -6.999952
v 7.649259 15.879292 -6.999952
v 7.649461 15.497327 -6.999952
v 7.649462 15.845863 -6.999952
v 7.649259 15.472449 -6.999952
v 7.636492 15.472449 -6.999952
v 7.649462 15.879292 -7.613915
v 7.649462 15.879292 -7.653486
v 7.649462 15.472449 -7.613915
v 7.649462 15.472449 -7.653486
v 6.366298 15.472449 -6.371223
v 6.336743 15.472449 -6.371223
v 6.311349 15.472449 -6.346419
v 6.342412 15.472449 -6.346419
v 6.311349 15.497327 -6.346419
v 6.342412 15.497327 -6.346419
v 6.342412 15.845863 -6.346419
v 6.311349 15.845863 -6.346419
v 6.342412 15.879292 -6.346419
v 6.311349 15.879292 -6.346419
v 6.336743 15.879292 -6.371223
v 6.366298 15.879292 -6.371223
v 6.980405 16.286135 -6.999952
v 6.942900 16.286135 -6.999952
v 7.587538 16.286135 -7.633039
v 7.628529 16.286135 -7.633039
v 6.336743 16.286135 -6.371223
v 6.302696 16.286135 -6.371223
v 6.287215 16.286135 -6.322845
v 6.253431 16.286135 -6.322845
v 6.203131 16.286135 -6.240711
v 6.169801 16.286135 -6.240711
v 6.145550 16.257456 -6.216895
v 6.178749 16.257456 -6.216895
v 6.178749 15.907045 -6.216894
v 6.145550 15.907045 -6.216894
v 6.178749 15.845863 -6.216894
v 6.145551 15.845863 -6.216894
v 6.145548 15.497328 -6.216894
v 6.178749 15.497328 -6.216894
v 6.145547 15.065607 -6.216895
v 6.145547 15.083761 -6.216895
v 6.178749 15.083761 -6.216895
v 6.178749 15.065607 -6.216895
v 6.253434 15.065607 -6.322845
v 6.169799 15.065607 -6.240711
v 6.302693 15.065607 -6.371223
v 6.942897 15.065607 -6.999952
v 7.587541 15.065607 -7.633039
v 7.781275 15.065607 -7.823305
v 7.759478 15.065607 -7.801897
v 7.781275 15.083761 -7.823305
v 7.781275 15.845863 -7.823305
v 7.781278 15.497328 -7.823305
v 7.781275 15.907045 -7.823305
v 7.781275 16.257456 -7.823305
v 7.801397 16.286135 -7.801897
v 7.759477 16.286135 -7.801897
v 7.781275 16.286135 -7.823305
v 7.823313 16.286135 -7.823305
v 7.622399 15.065607 -7.667273
v 7.663576 15.065607 -7.667273
v 7.663576 15.083761 -7.667273
v 7.663575 15.497327 -7.667273
v 7.663576 15.845863 -7.667273
v 7.663576 15.907045 -7.667273
v 7.663576 16.257456 -7.667273
v 7.663576 16.286135 -7.667273
v 7.622396 16.286135 -7.667273
v 6.178749 16.286135 -6.216895
v 6.145550 16.286135 -6.216895
v 6.145550 15.450750 -6.216894
v 6.178749 15.450750 -6.216894
v 6.203131 15.450750 -6.240710
v 6.287215 15.450750 -6.322845
v 6.336743 15.450750 -6.371223
v 6.980405 15.450750 -6.999952
v 7.628529 15.450750 -7.633039
v 7.663576 15.450750 -7.667273
v 7.801397 15.450750 -7.801897
v 7.823313 15.450750 -7.823305
v 7.781275 15.450750 -7.823305
v 3.062590 16.257456 -6.207403
v 3.062591 16.286135 -6.207403
v 3.062591 15.907045 -6.207402
v 3.062591 15.845863 -6.207402
v 3.062589 15.497328 -6.207402
v 3.062590 15.450750 -6.207402
v 3.062588 15.083761 -6.207403
v 3.062588 15.065607 -6.207403
v 3.074869 15.065607 -6.231343
v 3.117222 15.065607 -6.313904
v 3.142146 15.065607 -6.362556
v 3.465809 15.065607 -6.995078
v 3.791881 15.065607 -7.631825
v 3.809578 15.065607 -7.666266
v 3.879553 15.065607 -7.801759
v 3.890681 15.065607 -7.823305
v 3.890681 15.083761 -7.823305
v 3.890681 15.450750 -7.823305
v 3.890682 15.497328 -7.823305
v 3.890680 15.845863 -7.823305
v 3.890681 15.907045 -7.823305
v 3.890681 16.257456 -7.823305
v 3.890681 16.286135 -7.823305
v 3.879553 16.286135 -7.801759
v 3.809576 16.286135 -7.666266
v 3.791878 16.286135 -7.631826
v 3.465793 16.286135 -6.995096
v 3.142147 16.286135 -6.362556
v 3.117220 16.286135 -6.313904
v 3.074871 16.286135 -6.231343
v 0.000000 16.257456 -6.197911
v 0.000000 16.286135 -6.197911
v 0.000000 15.907045 -6.197910
v 0.000000 15.845863 -6.197910
v 0.000000 15.497328 -6.197910
v 0.000000 15.450750 -6.197910
v 0.000000 15.083761 -6.197911
v 0.000000 15.065607 -6.197911
v 0.000000 15.065607 -6.221975
v 0.000000 15.065607 -6.304964
v 0.000000 15.065607 -6.353888
v 0.000000 15.065607 -6.990204
v 0.000000 15.065607 -7.630612
v 0.000000 15.065607 -7.665260
v 0.000000 15.065607 -7.801621
v 0.000000 15.065607 -7.823305
v 0.000000 15.083761 -7.823304
v 0.000000 15.450750 -7.823304
v 0.000000 15.497328 -7.823305
v 0.000000 15.845863 -7.823304
v 0.000000 15.907045 -7.823305
v 0.000000 16.257456 -7.823304
v 0.000000 16.286135 -7.823304
v 0.000000 16.286135 -7.801621
v 0.000000 16.286135 -7.665260
v 0.000000 16.286135 -7.630614
v 0.000000 16.286135 -6.990240
v 0.000000 16.286135 -6.353889
v 0.000000 16.286135 -6.304964
v 0.000000 16.286135 -6.221975
v -7.801397 15.065607 -7.801897
v -7.801397 15.083761 -7.801897
v -7.823313 15.083761 -7.823305
v -7.823313 15.065607 -7.823305
v -7.823313 15.907045 -7.823305
v -7.801397 15.907045 -7.801897
v -7.801397 16.257456 -7.801897
v -7.823314 16.257456 -7.823305
v -7.823313 15.497328 -7.823305
v -7.801397 15.497328 -7.801897
v -7.801397 15.845863 -7.801897
v -7.823313 15.845863 -7.823305
v -6.336743 15.083761 -6.371224
v -6.336743 15.065607 -6.371224
v -6.287216 15.065607 -6.322845
v -6.287216 15.083761 -6.322845
v -7.649461 15.497327 -7.653486
v -7.649461 15.497327 -7.613915
v -7.649462 15.845863 -7.613915
v -7.649462 15.845863 -7.653486
v -6.336743 16.257456 -6.371223
v -6.336743 15.907045 -6.371223
v -6.287215 15.907045 -6.322845
v -6.287215 16.257456 -6.322845
v -6.203131 15.065607 -6.240711
v -6.203131 15.083761 -6.240711
v -6.203131 15.497328 -6.240710
v -6.203131 15.845863 -6.240710
v -6.287215 15.845863 -6.322845
v -6.287215 15.497327 -6.322845
v -6.203131 15.907045 -6.240710
v -6.203131 16.257456 -6.240711
v -7.623522 15.497327 -6.346418
v -7.623523 15.845863 -6.346419
v -7.649462 15.845863 -6.346419
v -7.649461 15.497327 -6.346419
v -7.629772 15.879292 -7.594706
v -7.020131 15.879292 -6.999952
v -6.980405 15.879292 -6.999952
v -7.628529 15.879292 -7.633039
v -7.629772 15.472449 -7.594706
v -7.628529 15.472449 -7.633039
v -6.980405 15.472449 -6.999952
v -7.020131 15.472449 -6.999952
v -6.980406 15.065607 -6.999952
v -6.980406 15.083761 -6.999952
v -7.628529 15.083761 -7.633039
v -7.628529 15.065607 -7.633039
v -7.628529 16.257456 -7.633039
v -7.628529 15.907045 -7.633039
v -6.980405 15.907045 -6.999952
v -6.980405 16.257456 -6.999952
v -7.649462 15.472449 -6.371223
v -7.624014 15.472449 -6.371223
v -7.623523 15.472449 -6.346419
v -7.649462 15.472449 -6.346419
v -7.649462 15.845863 -6.371223
v -7.649462 15.497328 -6.371223
v -7.624015 15.879292 -6.371223
v -7.649462 15.879292 -6.371223
v -7.649462 15.879292 -6.346419
v -7.623523 15.879292 -6.346419
v -7.636492 15.879292 -6.999952
v -7.649259 15.879292 -6.999952
v -7.649461 15.497327 -6.999952
v -7.649462 15.845863 -6.999952
v -7.649259 15.472449 -6.999952
v -7.636492 15.472449 -6.999952
v -7.649462 15.879292 -7.613915
v -7.649462 15.879292 -7.653486
v -7.649462 15.472449 -7.613915
v -7.649462 15.472449 -7.653486
v -6.366298 15.472449 -6.371223
v -6.336743 15.472449 -6.371223
v -6.311349 15.472449 -6.346419
v -6.342412 15.472449 -6.346419
v -6.311349 15.497327 -6.346419
v -6.342412 15.497327 -6.346419
v -6.342412 15.845863 -6.346419
v -6.311349 15.845863 -6.346419
v -6.342412 15.879292 -6.346419
v -6.311349 15.879292 -6.346419
v -6.336743 15.879292 -6.371223
v -6.366298 15.879292 -6.371223
v -6.980405 16.286135 -6.999952
v -6.942900 16.286135 -6.999952
v -7.587538 16.286135 -7.633039
v -7.628529 16.286135 -7.633039
v -6.336743 16.286135 -6.371223
v -6.302696 16.286135 -6.371223
v -6.287215 16.286135 -6.322845
v -6.253431 16.286135 -6.322845
v -6.203131 16.286135 -6.240711
v -6.169801 16.286135 -6.240711
v -6.145550 16.257456 -6.216895
v -6.178749 16.257456 -6.216895
v -6.178749 15.907045 -6.216894
v -6.145550 15.907045 -6.216894
v -6.178749 15.845863 -6.216894
v -6.145551 15.845863 -6.216894
v -6.145548 15.497328 -6.216894
v -6.178749 15.497328 -6.216894
v -6.145547 15.065607 -6.216895
v -6.145547 15.083761 -6.216895
v -6.178749 15.083761 -6.216895
v -6.178749 15.065607 -6.216895
v -6.253434 15.065607 -6.322845
v -6.169799 15.065607 -6.240711
v -6.302693 15.065607 -6.371223
v -6.942897 15.065607 -6.999952
v -7.587541 15.065607 -7.633039
v -7.781275 15.065607 -7.823305
v -7.759478 15.065607 -7.801897
v -7.781275 15.083761 -7.823305
v -7.781275 15.845863 -7.823305
v -7.781278 15.497328 -7.823305
v -7.781275 15.907045 -7.823305
v -7.781275 16.257456 -7.823305
v -7.801397 16.286135 -7.801897
v -7.759477 16.286135 -7.801897
v -7.781275 16.286135 -7.823305
v -7.823313 16.286135 -7.823305
v -7.622399 15.065607 -7.667273
v -7.663576 15.065607 -7.667273
v -7.663576 15.083761 -7.667273
v -7.663575 15.497327 -7.667273
v -7.663576 15.845863 -7.667273
v -7.663576 15.907045 -7.667273
v -7.663576 16.257456 -7.667273
v -7.663576 16.286135 -7.667273
v -7.622396 16.286135 -7.667273
v -6.178749 16.286135 -6.216895
v -6.145550 16.286135 -6.216895
v -6.145550 15.450750 -6.216894
v -6.178749 15.450750 -6.216894
v -6.203131 15.450750 -6.240710
v -6.287215 15.450750 -6.322845
v -6.336743 15.450750 -6.371223
v -6.980405 15.450750 -6.999952
v -7.628529 15.450750 -7.633039
v -7.663576 15.450750 -7.667273
v -7.801397 15.450750 -7.801897
v -7.823313 15.450750 -7.823305
v -7.781275 15.450750 -7.823305
v -3.062590 16.257456 -6.207403
v -3.062591 16.286135 -6.207403
v -3.062591 15.907045 -6.207402
v -3.062591 15.845863 -6.207402
v -3.062589 15.497328 -6.207402
v -3.062590 15.450750 -6.207402
v -3.062588 15.083761 -6.207403
v -3.062588 15.065607 -6.207403
v -3.074869 15.065607 -6.231343
v -3.117222 15.065607 -6.313904
v -3.142146 15.065607 -6.362556
v -3.465809 15.065607 -6.995078
v -3.791881 15.065607 -7.631825
v -3.809578 15.065607 -7.666266
v -3.879553 15.065607 -7.801759
v -3.890681 15.065607 -7.823305
v -3.890681 15.083761 -7.823305
v -3.890681 15.450750 -7.823305
v -3.890682 15.497328 -7.823305
v -3.890680 15.845863 -7.823305
v -3.890681 15.907045 -7.823305
v -3.890681 16.257456 -7.823305
v -3.890681 16.286135 -7.823305
v -3.879553 16.286135 -7.801759
v -3.809576 16.286135 -7.666266
v -3.791878 16.286135 -7.631826
v -3.465793 16.286135 -6.995096
v -3.142147 16.286135 -6.362556
v -3.117220 16.286135 -6.313904
v -3.074871 16.286135 -6.231343
vt 0.646679 0.553389
vt 0.653292 0.553369
vt 0.653294 0.554120
vt 0.646681 0.554140
vt 0.653291 0.553108
vt 0.646678 0.553128
vt 0.653926 0.553367
vt 0.653928 0.554118
vt 0.653329 0.565769
vt 0.646717 0.565789
vt 0.646209 0.554142
vt 0.646207 0.553391
vt 0.654452 0.553104
vt 0.645794 0.553130
vt 0.653283 0.550553
vt 0.646670 0.550573
vt 0.653964 0.565767
vt 0.653366 0.577698
vt 0.646753 0.577718
vt 0.646245 0.565791
vt 0.653927 0.553755
vt 0.654454 0.553753
vt 0.654444 0.550550
vt 0.646208 0.553779
vt 0.645796 0.553780
vt 0.645786 0.550576
vt 0.646669 0.550167
vt 0.653282 0.550147
vt 0.654000 0.577696
vt 0.653367 0.578169
vt 0.646754 0.578189
vt 0.646281 0.577720
vt 0.661100 0.553084
vt 0.661102 0.553733
vt 0.653964 0.565767
vt 0.654490 0.565765
vt 0.661092 0.550529
vt 0.654443 0.550143
vt 0.646245 0.565791
vt 0.645833 0.565792
vt 0.638833 0.553801
vt 0.638831 0.553152
vt 0.638823 0.550597
vt 0.645785 0.550170
vt 0.654002 0.578167
vt 0.646282 0.578190
vt 0.661644 0.553082
vt 0.661646 0.553732
vt 0.661139 0.565745
vt 0.654000 0.577696
vt 0.654527 0.577695
vt 0.661091 0.550123
vt 0.661636 0.550528
vt 0.646281 0.577720
vt 0.645869 0.577721
vt 0.638870 0.565813
vt 0.638489 0.553802
vt 0.638487 0.553153
vt 0.638822 0.550191
vt 0.638479 0.550598
vt 0.661683 0.565743
vt 0.661175 0.577674
vt 0.654530 0.578613
vt 0.654002 0.578167
vt 0.661635 0.550121
vt 0.646282 0.578190
vt 0.645872 0.578639
vt 0.638906 0.577742
vt 0.638525 0.565814
vt 0.638478 0.550192
vt 0.661719 0.577673
vt 0.661178 0.578592
vt 0.653369 0.578616
vt 0.653367 0.578169
vt 0.646754 0.578189
vt 0.646756 0.578636
vt 0.638909 0.578660
vt 0.638562 0.577743
vt 0.661722 0.578591
vt 0.654534 0.580171
vt 0.661183 0.580150
vt 0.653374 0.580174
vt 0.646761 0.580195
vt 0.645877 0.580197
vt 0.638914 0.580219
vt 0.638565 0.578661
vt 0.661727 0.580149
vt 0.661184 0.580602
vt 0.654536 0.580623
vt 0.653375 0.580626
vt 0.646762 0.580647
vt 0.645878 0.580649
vt 0.638569 0.580220
vt 0.638915 0.580670
vt 0.661728 0.580601
vt 0.638571 0.580672
vt 0.707894 0.849491
vt 0.707893 0.850242
vt 0.701280 0.850240
vt 0.701281 0.849490
vt 0.708365 0.850242
vt 0.708366 0.849491
vt 0.707892 0.861891
vt 0.701279 0.861889
vt 0.700646 0.850240
vt 0.700646 0.849490
vt 0.701281 0.849228
vt 0.707894 0.849229
vt 0.708364 0.861891
vt 0.708777 0.849229
vt 0.707890 0.873820
vt 0.701277 0.873819
vt 0.700644 0.861889
vt 0.700120 0.849228
vt 0.701281 0.846674
vt 0.707894 0.846675
vt 0.708362 0.873820
vt 0.708778 0.846675
vt 0.708777 0.849879
vt 0.708366 0.849879
vt 0.707890 0.874290
vt 0.701277 0.874289
vt 0.700643 0.873819
vt 0.700120 0.846674
vt 0.700646 0.849877
vt 0.700120 0.849877
vt 0.707894 0.846269
vt 0.701281 0.846268
vt 0.708362 0.874291
vt 0.708778 0.846269
vt 0.715741 0.846676
vt 0.715740 0.849230
vt 0.715740 0.849880
vt 0.708775 0.861891
vt 0.708364 0.861891
vt 0.700642 0.874289
vt 0.700120 0.846267
vt 0.693471 0.849227
vt 0.693472 0.846673
vt 0.700644 0.861889
vt 0.700118 0.861889
vt 0.693471 0.849876
vt 0.715741 0.846269
vt 0.716085 0.849230
vt 0.716085 0.846676
vt 0.716085 0.849880
vt 0.715739 0.861892
vt 0.708773 0.873820
vt 0.708362 0.873820
vt 0.693472 0.846266
vt 0.692927 0.849227
vt 0.692928 0.846672
vt 0.700643 0.873819
vt 0.700116 0.873819
vt 0.693469 0.861888
vt 0.692927 0.849876
vt 0.716085 0.846270
vt 0.716083 0.861892
vt 0.715737 0.873821
vt 0.708362 0.874291
vt 0.708773 0.874738
vt 0.692928 0.846266
vt 0.700642 0.874289
vt 0.700116 0.874737
vt 0.693467 0.873818
vt 0.692925 0.861888
vt 0.716081 0.873821
vt 0.715737 0.874739
vt 0.707890 0.874738
vt 0.707890 0.874290
vt 0.701277 0.874737
vt 0.701277 0.874289
vt 0.693467 0.874735
vt 0.692923 0.873818
vt 0.716081 0.874739
vt 0.715736 0.876297
vt 0.708773 0.876296
vt 0.707889 0.876296
vt 0.701276 0.876295
vt 0.700116 0.876295
vt 0.693467 0.876294
vt 0.692923 0.874735
vt 0.716081 0.876297
vt 0.708773 0.876748
vt 0.715736 0.876749
vt 0.707889 0.876748
vt 0.701276 0.876747
vt 0.700116 0.876747
vt 0.693467 0.876746
vt 0.692923 0.876294
vt 0.716081 0.876749
vt 0.692923 0.876746
vt 0.429736 0.037314
vt 0.430440 0.037337
vt 0.418811 0.049243
vt 0.418811 0.048513
vt 0.430089 0.036952
vt 0.430816 0.036952
vt 0.407261 0.061067
vt 0.407261 0.060524
vt 0.418811 0.037191
vt 0.418811 0.036956
vt 0.406806 0.061533
vt 0.406806 0.060963
vt 0.407261 0.037420
vt 0.407261 0.036952
vt 0.406806 0.037429
vt 0.406806 0.036952
vt 0.376401 0.037314
vt 0.387327 0.048513
vt 0.387327 0.049243
vt 0.375697 0.037337
vt 0.387327 0.037191
vt 0.398876 0.060524
vt 0.398876 0.061067
vt 0.375321 0.036952
vt 0.376048 0.036952
vt 0.387327 0.036956
vt 0.398876 0.037420
vt 0.399332 0.060963
vt 0.399332 0.061533
vt 0.398876 0.036952
vt 0.399332 0.037429
vt 0.399332 0.036952
vt 0.677306 0.565389
vt 0.689318 0.553092
vt 0.689318 0.553870
vt 0.677306 0.566101
vt 0.689967 0.552427
vt 0.689967 0.553208
vt 0.689295 0.625887
vt 0.677213 0.632074
vt 0.665376 0.577602
vt 0.665376 0.578248
vt 0.692521 0.549812
vt 0.692521 0.550608
vt 0.689948 0.625551
vt 0.689272 0.697833
vt 0.677121 0.697833
vt 0.665212 0.638215
vt 0.664458 0.579183
vt 0.664458 0.578542
vt 0.692928 0.549396
vt 0.692928 0.550194
vt 0.692519 0.624224
vt 0.689929 0.697833
vt 0.689295 0.769778
vt 0.677213 0.763591
vt 0.665047 0.697833
vt 0.664289 0.638688
vt 0.662900 0.580137
vt 0.662900 0.580769
vt 0.692928 0.624013
vt 0.692516 0.697833
vt 0.689948 0.770114
vt 0.689318 0.841796
vt 0.677306 0.829565
vt 0.665212 0.757451
vt 0.664119 0.697833
vt 0.662722 0.639491
vt 0.662088 0.580600
vt 0.662089 0.581230
vt 0.692928 0.697833
vt 0.692519 0.771442
vt 0.689967 0.842457
vt 0.677306 0.830276
vt 0.689318 0.842574
vt 0.665376 0.817418
vt 0.664289 0.756978
vt 0.662545 0.697833
vt 0.662089 0.639725
vt 0.692928 0.771653
vt 0.692521 0.845058
vt 0.689967 0.843238
vt 0.665376 0.818064
vt 0.664458 0.816483
vt 0.662722 0.756174
vt 0.662089 0.697833
vt 0.692928 0.845472
vt 0.692521 0.845853
vt 0.664458 0.817124
vt 0.662900 0.814896
vt 0.662268 0.755941
vt 0.692928 0.846269
vt 0.662900 0.815529
vt 0.662448 0.814436
vt 0.662448 0.815066
vt 0.635828 0.578630
vt 0.637396 0.580216
vt 0.637400 0.580848
vt 0.635832 0.579271
vt 0.638211 0.580674
vt 0.638214 0.581304
vt 0.637939 0.639568
vt 0.636368 0.638774
vt 0.634904 0.577696
vt 0.634908 0.578342
vt 0.638574 0.639797
vt 0.638476 0.697907
vt 0.636902 0.697917
vt 0.635442 0.638307
vt 0.622900 0.565557
vt 0.622905 0.566269
vt 0.638932 0.697904
vt 0.638658 0.756248
vt 0.637096 0.757061
vt 0.635973 0.697922
vt 0.623403 0.632240
vt 0.610813 0.553334
vt 0.610818 0.554111
vt 0.639110 0.756013
vt 0.638841 0.814970
vt 0.637293 0.816567
vt 0.636176 0.757540
vt 0.623900 0.697997
vt 0.611284 0.626127
vt 0.610164 0.553454
vt 0.610159 0.552673
vt 0.639290 0.814507
vt 0.637297 0.817208
vt 0.638845 0.815603
vt 0.636381 0.817507
vt 0.624213 0.763755
vt 0.611750 0.698071
vt 0.610628 0.625796
vt 0.607589 0.550074
vt 0.607594 0.550869
vt 0.639294 0.815137
vt 0.636385 0.818153
vt 0.624526 0.829727
vt 0.612170 0.770016
vt 0.611092 0.698075
vt 0.608049 0.624484
vt 0.607180 0.549660
vt 0.607185 0.550458
vt 0.624531 0.830439
vt 0.612590 0.842032
vt 0.611518 0.770356
vt 0.608505 0.698091
vt 0.607639 0.624275
vt 0.612595 0.842810
vt 0.611945 0.842698
vt 0.608956 0.771699
vt 0.608094 0.698094
vt 0.611949 0.843479
vt 0.609406 0.845314
vt 0.608548 0.771913
vt 0.609411 0.846109
vt 0.609003 0.845730
vt 0.609008 0.846528
vt 0.476002 0.030310
vt 0.465076 0.019111
vt 0.465076 0.018382
vt 0.476706 0.030287
vt 0.465076 0.030434
vt 0.453527 0.007101
vt 0.453527 0.006558
vt 0.477082 0.030672
vt 0.476355 0.030672
vt 0.465076 0.030668
vt 0.453527 0.030205
vt 0.453071 0.006662
vt 0.453071 0.006091
vt 0.453527 0.030672
vt 0.453071 0.030196
vt 0.453071 0.030672
vt 0.422667 0.030310
vt 0.421962 0.030287
vt 0.433592 0.018382
vt 0.433592 0.019111
vt 0.421587 0.030672
vt 0.422314 0.030672
vt 0.445142 0.007101
vt 0.445142 0.006558
vt 0.433592 0.030434
vt 0.433592 0.030668
vt 0.445142 0.030205
vt 0.445597 0.006091
vt 0.445597 0.006662
vt 0.445142 0.030672
vt 0.445597 0.030195
vt 0.445597 0.030672
vt 0.399789 0.037429
vt 0.399789 0.036952
vt 0.406191 0.036952
vt 0.406191 0.037429
vt 0.399332 0.036952
vt 0.406806 0.036952
vt 0.406191 0.060963
vt 0.399789 0.060963
vt 0.406191 0.061533
vt 0.399789 0.061533
vt 0.399332 0.061533
vt 0.406806 0.061533
vt 0.661186 0.581232
vt 0.654538 0.581253
vt 0.661366 0.639727
vt 0.654718 0.639747
vt 0.653375 0.580626
vt 0.653377 0.581256
vt 0.661545 0.697835
vt 0.654897 0.697855
vt 0.653557 0.639751
vt 0.646764 0.581277
vt 0.646762 0.580647
vt 0.661724 0.755943
vt 0.655075 0.755964
vt 0.653736 0.697859
vt 0.646944 0.639771
vt 0.645880 0.581279
vt 0.645878 0.580649
vt 0.655255 0.814458
vt 0.661904 0.814438
vt 0.653915 0.755967
vt 0.647123 0.697879
vt 0.646060 0.639774
vt 0.638915 0.580671
vt 0.638917 0.581301
vt 0.654095 0.814462
vt 0.661906 0.815068
vt 0.655257 0.815088
vt 0.647302 0.755987
vt 0.646239 0.697882
vt 0.639097 0.639795
vt 0.662450 0.815066
vt 0.647482 0.814482
vt 0.654097 0.815091
vt 0.646418 0.755990
vt 0.639276 0.697903
vt 0.647484 0.815112
vt 0.646598 0.814485
vt 0.639455 0.756012
vt 0.646600 0.815115
vt 0.639635 0.814506
vt 0.639637 0.815136
vt 0.639292 0.815137
vt 0.715741 0.549396
vt 0.716085 0.549396
vt 0.716085 0.550194
vt 0.715741 0.550194
vt 0.716085 0.624013
vt 0.715741 0.624013
vt 0.708778 0.549396
vt 0.708778 0.550194
vt 0.716085 0.697833
vt 0.715741 0.697833
vt 0.708778 0.624013
vt 0.707894 0.550194
vt 0.707894 0.549396
vt 0.716085 0.771653
vt 0.715741 0.771653
vt 0.708778 0.697833
vt 0.707894 0.624013
vt 0.701281 0.549396
vt 0.701281 0.550194
vt 0.716085 0.845472
vt 0.715741 0.845472
vt 0.708778 0.771653
vt 0.707894 0.697833
vt 0.701281 0.624013
vt 0.700120 0.550194
vt 0.700120 0.549396
vt 0.716085 0.846269
vt 0.708778 0.845472
vt 0.707894 0.771653
vt 0.701281 0.697833
vt 0.700120 0.624013
vt 0.693472 0.549396
vt 0.693472 0.550194
vt 0.707894 0.845472
vt 0.701281 0.771653
vt 0.700120 0.697833
vt 0.693472 0.624013
vt 0.707894 0.846269
vt 0.701281 0.845472
vt 0.700120 0.771653
vt 0.693472 0.697833
vt 0.701281 0.846269
vt 0.700120 0.845472
vt 0.693472 0.771653
vt 0.700120 0.846269
vt 0.693472 0.845472
vt 0.693472 0.846269
vt 0.446054 0.030195
vt 0.452457 0.030196
vt 0.452457 0.030672
vt 0.446054 0.030672
vt 0.446054 0.006662
vt 0.452457 0.006662
vt 0.453071 0.030672
vt 0.445597 0.030672
vt 0.446054 0.006091
vt 0.452457 0.006091
vt 0.445597 0.006091
vt 0.453071 0.006091
vn 0.698766 0.000000 0.715350
vn 0.698766 0.000000 0.715350
vn 0.698766 0.000000 0.715350
vn 0.698766 0.000000 0.715350
vn 0.698753 0.000000 0.715363
vn 0.698753 0.000000 0.715363
vn 0.698753 0.000000 0.715363
vn 0.698753 0.000000 0.715363
vn 0.698766 0.000000 0.715350
vn 0.698766 0.000000 0.715350
vn 0.698766 0.000000 0.715350
vn 0.698766 0.000000 0.715350
vn 0.698759 0.000000 0.715357
vn 0.698759 0.000000 0.715357
vn 0.698759 0.000000 0.715357
vn 0.698759 0.000000 0.715357
vn 1.000000 -0.000004 0.000006
vn 1.000000 -0.000004 0.000006
vn 1.000000 -0.000004 0.000006
vn 1.000000 -0.000004 0.000006
vn 0.698754 0.000000 0.715362
vn 0.698754 0.000000 0.715362
vn 0.698754 0.000000 0.715362
vn 0.698754 0.000000 0.715362
vn 0.698764 0.000000 0.715352
vn 0.698764 0.000000 0.715352
vn 0.698764 0.000000 0.715352
vn 0.698764 0.000000 0.715352
vn 0.698762 0.000000 0.715354
vn 0.698762 0.000000 0.715354
vn 0.698762 0.000000 0.715354
vn 0.698762 0.000000 0.715354
vn 0.698765 0.000001 0.715352
vn 0.698765 0.000001 0.715352
vn 0.698765 0.000001 0.715352
vn 0.698765 0.000001 0.715352
vn 0.000026 0.000001 1.000000
vn 0.000026 0.000001 1.000000
vn 0.000026 0.000001 1.000000
vn 0.000026 0.000001 1.000000
vn 0.000000 1.000000 0.000000
vn 0.000000 1.000000 0.000000
vn 0.000000 1.000000 0.000000
vn 0.000000 1.000000 0.000000
vn 0.000000 -1.000000 0.000015
vn 0.000000 -1.000000 0.000015
vn 0.000000 -1.000000 0.000015
vn 0.000000 -1.000000 0.000015
vn 0.698779 0.000000 0.715337
vn 0.698779 0.000000 0.715337
vn 0.698779 0.000000 0.715337
vn 0.698779 0.000000 0.715337
vn 0.698759 0.000000 0.715357
vn 0.698759 0.000000 0.715357
vn 0.698759 0.000000 0.715357
vn 0.698759 0.000000 0.715357
vn 0.000000 -1.000000 0.000000
vn 0.000000 -1.000000 0.000000
vn 0.000000 -1.000000 0.000000
vn 0.000000 -1.000000 0.000000
vn 1.000000 0.000000 0.000010
vn 1.000000 0.000000 0.000010
vn 1.000000 0.000000 0.000010
vn 1.000000 0.000000 0.000010
vn 0.000000 1.000000 0.000000
vn 0.000000 1.000000 0.000000
vn 0.000000 1.000000 0.000000
vn 0.000000 1.000000 0.000000
vn 0.698760 0.000000 0.715356
vn 0.698760 0.000000 0.715356
vn 0.698760 0.000000 0.715356
vn 0.698760 0.000000 0.715356
vn 0.000000 1.000000 0.000000
vn 0.000000 1.000000 0.000000
vn 0.000000 1.000000 0.000000
vn 0.000000 1.000000 0.000000
vn 1.000000 0.000002 -0.000000
vn 1.000000 0.000002 -0.000000
vn 1.000000 0.000002 -0.000000
vn 1.000000 0.000002 -0.000000
vn 0.000000 -1.000000 0.000000
vn 0.000000 -1.000000 0.000000
vn 0.000000 -1.000000 0.000000
vn 0.000000 -1.000000 0.000000
vn 0.698752 0.000000 0.715364
vn 0.698752 0.000000 0.715364
vn 0.698752 0.000000 0.715364
vn 0.698752 0.000000 0.715364
vn 0.698762 0.000002 0.715355
vn 0.698762 0.000002 0.715355
vn 0.698762 0.000002 0.715355
vn 0.698762 0.000002 0.715355
vn 0.000000 0.000000 1.000000
vn 0.000000 0.000000 1.000000
vn 0.000000 0.000000 1.000000
vn 0.000000 0.000000 1.000000
vn 1.000000 0.000000 0.000000
vn 1.000000 0.000000 0.000000
vn 1.000000 0.000000 0.000000
vn 1.000000 0.000000 0.000000
vn 0.999995 0.003040 -0.000162
vn 0.999995 0.003040 -0.000162
vn 0.999995 0.003040 -0.000162
vn 0.999995 0.003040 -0.000162
vn 1.000000 0.000000 0.000000
vn 1.000000 0.000000 0.000000
vn 1.000000 0.000000 0.000000
vn 1.000000 0.000000 0.000000
vn 0.698766 0.000000 0.715350
vn 0.698766 0.000000 0.715350
vn 0.698766 0.000000 0.715350
vn 0.698766 0.000000 0.715350
vn 1.000000 0.000049 0.000006
vn 1.000000 0.000049 0.000006
vn 1.000000 0.000049 0.000006
vn 1.000000 0.000049 0.000006
vn 0.999992 -0.004115 -0.000162
vn 0.999992 -0.004115 -0.000162
vn 0.999992 -0.004115 -0.000162
vn 0.999992 -0.004115 -0.000162
vn 1.000000 0.000000 0.000010
vn 1.000000 0.000000 0.000010
vn 1.000000 0.000000 0.000010
vn 1.000000 0.000000 0.000010
vn 0.000023 -0.000010 1.000000
vn 0.000023 -0.000010 1.000000
vn 0.000023 -0.000010 1.000000
vn 0.000023 -0.000010 1.000000
vn 0.000000 -1.000000 0.000000
vn 0.000000 -1.000000 0.000000
vn 0.000000 -1.000000 0.000000
vn 0.000000 -1.000000 0.000000
vn 0.000000 -1.000000 0.000040
vn 0.000000 -1.000000 0.000040
vn 0.000000 -1.000000 0.000040
vn 0.000000 -1.000000 0.000040
vn 0.000000 0.000000 1.000000
vn 0.000000 0.000000 1.000000
vn 0.000000 0.000000 1.000000
vn 0.000000 0.000000 1.000000
vn 0.000000 0.000000 1.000000
vn 0.000000 0.000000 1.000000
vn 0.000000 0.000000 1.000000
vn 0.000000 0.000000 1.000000
vn 0.000000 0.000000 1.000000
vn 0.000000 0.000000 1.000000
vn 0.000000 0.000000 1.000000
vn 0.000000 0.000000 1.000000
vn 0.000000 1.000000 0.000000
vn 0.000000 1.000000 0.000000
vn 0.000000 1.000000 0.000000
vn 0.000000 1.000000 0.000000
vn 0.000000 1.000000 0.000000
vn 0.000000 1.000000 0.000000
vn 0.000000 1.000000 0.000000
vn 0.000000 1.000000 0.000000
vn 0.000000 1.000000 0.000002
vn 0.000000 1.000000 0.000002
vn 0.000000 1.000000 0.000002
vn 0.000000 1.000000 0.000002
vn 0.000000 1.000000 -0.000013
vn 0.000000 1.000000 -0.000013
vn 0.000000 1.000000 -0.000013
vn 0.000000 1.000000 -0.000013
vn 0.000000 1.000000 0.000000
vn 0.000000 1.000000 0.000000
vn 0.000000 1.000000 0.000000
vn 0.000000 1.000000 0.000000
vn 0.000000 1.000000 -0.000022
vn 0.000000 1.000000 -0.000022
vn 0.000000 1.000000 -0.000022
vn 0.000000 1.000000 -0.000022
vn 0.000000 0.000001 1.000000
vn 0.000000 0.000001 1.000000
vn 0.000000 0.000001 1.000000
vn 0.000000 0.000001 1.000000
vn 0.000000 0.000000 1.000000
vn 0.000000 0.000000 1.000000
vn 0.000000 0.000000 1.000000
vn 0.000000 0.000000 1.000000
vn 0.000000 0.000000 1.000000
vn 0.000000 0.000000 1.000000
vn 0.000000 0.000000 1.000000
vn 0.000000 0.000000 1.000000
vn 0.000000 0.000000 1.000000
vn 0.000000 0.000000 1.000000
vn 0.000000 0.000000 1.000000
vn 0.000000 0.000000 1.000000
vn 0.000000 -1.000000 -0.000043
vn 0.000000 -1.000000 -0.000043
vn 0.000000 -1.000000 -0.000043
vn 0.000000 -1.000000 -0.000043
vn 0.000000 -1.000000 0.000036
vn 0.000000 -1.000000 0.000036
vn 0.000000 -1.000000 0.000036
vn 0.000000 -1.000000 0.000036
vn 0.000000 -1.000000 -0.000037
vn 0.000000 -1.000000 -0.000037
vn 0.000000 -1.000000 -0.000037
vn 0.000000 -1.000000 -0.000037
vn 0.000000 -1.000000 -0.000007
vn 0.000000 -1.000000 -0.000007
vn 0.000000 -1.000000 -0.000007
vn 0.000000 -1.000000 -0.000007
vn 0.000000 -1.000000 0.000000
vn 0.000000 -1.000000 0.000000
vn 0.000000 -1.000000 0.000000
vn 0.000000 -1.000000 0.000000
vn 0.000000 0.000000 -1.000000
vn 0.000000 0.000000 -1.000000
vn 0.000000 0.000000 -1.000000
vn 0.000000 0.000000 -1.000000
vn 0.000000 0.000000 -1.000000
vn 0.000000 0.000000 -1.000000
vn 0.000000 0.000000 -1.000000
vn 0.000000 0.000000 -1.000000
vn 0.000000 0.000000 -1.000000
vn 0.000000 0.000000 -1.000000
vn 0.000000 0.000000 -1.000000
vn 0.000000 0.000000 -1.000000
vn 0.000000 0.000000 -1.000000
vn 0.000000 0.000000 -1.000000
vn 0.000000 0.000000 -1.000000
vn 0.000000 0.000000 -1.000000
vn 0.000000 1.000000 0.000000
vn 0.000000 1.000000 0.000000
vn 0.000000 1.000000 0.000000
vn 0.000000 1.000000 0.000000
vn 0.000000 -1.000000 -0.000011
vn 0.000000 -1.000000 -0.000011
vn 0.000000 -1.000000 -0.000011
vn 0.000000 -1.000000 -0.000011
vn 0.698735 0.000000 0.715380
vn 0.698735 0.000000 0.715380
vn 0.698735 0.000000 0.715380
vn 0.698735 0.000000 0.715380
vn 0.698761 -0.000002 0.715355
vn 0.698761 -0.000002 0.715355
vn 0.698761 -0.000002 0.715355
vn 0.698761 -0.000002 0.715355
vn 0.698763 0.000000 0.715354
vn 0.698763 0.000000 0.715354
vn 0.698763 0.000000 0.715354
vn 0.698763 0.000000 0.715354
vn 0.698763 0.000000 0.715354
vn 0.698763 0.000000 0.715354
vn 0.698763 0.000000 0.715354
vn 0.698763 0.000000 0.715354
vn 0.000000 1.000000 0.000011
vn 0.000000 1.000000 0.000011
vn 0.000000 1.000000 0.000011
vn 0.000000 1.000000 0.000011
vn 0.698757 -0.000007 0.715360
vn 0.698757 -0.000007 0.715360
vn 0.698757 -0.000007 0.715360
vn 0.698757 -0.000007 0.715360
vn 0.698747 0.000000 0.715369
vn 0.698747 0.000000 0.715369
vn 0.698747 0.000000 0.715369
vn 0.698747 0.000000 0.715369
vn 0.698745 0.000000 0.715371
vn 0.698745 0.000000 0.715371
vn 0.698745 0.000000 0.715371
vn 0.698745 0.000000 0.715371
vn 0.698767 0.000000 0.715350
vn 0.698767 0.000000 0.715350
vn 0.698767 0.000000 0.715350
vn 0.698767 0.000000 0.715350
vn 0.698745 0.000000 0.715371
vn 0.698745 0.000000 0.715371
vn 0.698745 0.000000 0.715371
vn 0.698745 0.000000 0.715371
vn 0.698765 0.000000 0.715351
vn 0.698765 0.000000 0.715351
vn 0.698765 0.000000 0.715351
vn 0.698765 0.000000 0.715351
vn 0.000000 0.000000 -1.000000
vn 0.000000 0.000000 -1.000000
vn 0.000000 0.000000 -1.000000
vn 0.000000 0.000000 -1.000000
vn 0.000000 0.000000 1.000000
vn 0.000000 0.000000 1.000000
vn 0.000000 0.000000 1.000000
vn 0.000000 0.000000 1.000000
vn 0.000000 -0.000001 1.000000
vn 0.000000 -0.000001 1.000000
vn 0.000000 -0.000001 1.000000
vn 0.000000 -0.000001 1.000000
vn 0.698759 0.000001 0.715357
vn 0.698759 0.000001 0.715357
vn 0.698759 0.000001 0.715357
vn 0.698759 0.000001 0.715357
vn 0.698762 -0.000000 0.715354
vn 0.698762 -0.000000 0.715354
vn 0.698762 -0.000000 0.715354
vn 0.698762 -0.000000 0.715354
vn 0.698761 0.000000 0.715356
vn 0.698761 0.000000 0.715356
vn 0.698761 0.000000 0.715356
vn 0.698761 0.000000 0.715356
vn 0.698760 0.000000 0.715356
vn 0.698760 0.000000 0.715356
vn 0.698760 0.000000 0.715356
vn 0.698760 0.000000 0.715356
vn 0.698761 0.000000 0.715355
vn 0.698761 0.000000 0.715355
vn 0.698761 0.000000 0.715355
vn 0.698761 0.000000 0.715355
vn 0.698763 0.000000 0.715353
vn 0.698763 0.000000 0.715353
vn 0.698763 0.000000 0.715353
vn 0.698763 0.000000 0.715353
vn 0.000000 0.000000 -1.000000
vn 0.000000 0.000000 -1.000000
vn 0.000000 0.000000 -1.000000
vn 0.000000 0.000000 -1.000000
vn 0.000000 0.000000 1.000000
vn 0.000000 0.000000 1.000000
vn 0.000000 0.000000 1.000000
vn 0.000000 0.000000 1.000000
vn 0.698765 0.000000 0.715351
vn 0.698765 0.000000 0.715351
vn 0.698765 0.000000 0.715351
vn 0.698765 0.000000 0.715351
vn 0.698777 0.000013 0.715340
vn 0.698777 0.000013 0.715340
vn 0.698777 0.000013 0.715340
vn 0.698777 0.000013 0.715340
vn 0.698741 0.000000 0.715374
vn 0.698741 0.000000 0.715374
vn 0.698741 0.000000 0.715374
vn 0.698741 0.000000 0.715374
vn 0.698753 0.000000 0.715363
vn 0.698753 0.000000 0.715363
vn 0.698753 0.000000 0.715363
vn 0.698753 0.000000 0.715363
vn 0.698754 0.000013 0.715362
vn 0.698754 0.000013 0.715362
vn 0.698754 0.000013 0.715362
vn 0.698754 0.000013 0.715362
vn 0.698761 0.000000 0.715356
vn 0.698761 0.000000 0.715356
vn 0.698761 0.000000 0.715356
vn 0.698761 0.000000 0.715356
vn 0.000000 0.000000 -1.000000
vn 0.000000 0.000000 -1.000000
vn 0.000000 0.000000 -1.000000
vn 0.000000 0.000000 -1.000000
vn 0.698773 0.000000 0.715344
vn 0.698773 0.000000 0.715344
vn 0.698773 0.000000 0.715344
vn 0.698773 0.000000 0.715344
vn 0.698757 0.000000 0.715359
vn 0.698757 0.000000 0.715359
vn 0.698757 0.000000 0.715359
vn 0.698757 0.000000 0.715359
vn 0.698758 -0.000010 0.715358
vn 0.698758 -0.000010 0.715358
vn 0.698758 -0.000010 0.715358
vn 0.698758 -0.000010 0.715358
vn 0.000000 1.000000 0.000002
vn 0.000000 1.000000 0.000002
vn 0.000000 1.000000 0.000002
vn 0.000000 1.000000 -0.000001
vn 0.000000 1.000000 -0.000001
vn 0.000000 1.000000 -0.000001
vn 0.000000 1.000000 -0.000001
vn 0.000000 1.000000 -0.000061
vn 0.000000 1.000000 -0.000061
vn 0.000000 1.000000 -0.000061
vn 0.000000 1.000000 -0.000061
vn 0.000000 0.000000 1.000000
vn 0.000000 0.000000 1.000000
vn 0.000000 0.000000 1.000000
vn 0.000000 0.000000 1.000000
vn -0.000001 0.000001 1.000000
vn -0.000001 0.000001 1.000000
vn -0.000001 0.000001 1.000000
vn -0.000001 0.000001 1.000000
vn -0.000000 -0.000010 1.000000
vn -0.000000 -0.000010 1.000000
vn -0.000000 -0.000010 1.000000
vn -0.000000 -0.000010 1.000000
vn 0.000000 -1.000000 0.000000
vn 0.000000 -1.000000 0.000000
vn 0.000000 -1.000000 0.000000
vn 0.000000 -1.000000 0.000000
vn 0.000000 -1.000000 -0.000001
vn 0.000000 -1.000000 -0.000001
vn 0.000000 -1.000000 -0.000001
vn 0.000000 -1.000000 -0.000001
vn 0.000000 -1.000000 0.000000
vn 0.000000 -1.000000 0.000000
vn 0.000000 -1.000000 0.000000
vn 0.999992 -0.004007 0.000165
vn 0.999992 -0.004007 0.000165
vn 0.999992 -0.004007 0.000165
vn 0.999992 -0.004007 0.000165
vn 1.000000 -0.000004 -0.000000
vn 1.000000 -0.000004 -0.000000
vn 1.000000 -0.000004 -0.000000
vn 1.000000 -0.000004 -0.000000
vn 0.999995 0.003020 0.000165
vn 0.999995 0.003020 0.000165
vn 0.999995 0.003020 0.000165
vn 0.999995 0.003020 0.000165
vn 0.000000 -1.000000 -0.000042
vn 0.000000 -1.000000 -0.000042
vn 0.000000 -1.000000 -0.000042
vn 0.000000 -1.000000 -0.000042
vn 0.698740 0.000000 0.715376
vn 0.698740 0.000000 0.715376
vn 0.698740 0.000000 0.715376
vn 0.698740 0.000000 0.715376
vn 0.698764 0.000000 0.715353
vn 0.698764 0.000000 0.715353
vn 0.698764 0.000000 0.715353
vn 0.698764 0.000000 0.715353
vn 0.698766 0.000021 0.715350
vn 0.698766 0.000021 0.715350
vn 0.698766 0.000021 0.715350
vn 0.698766 0.000021 0.715350
vn 0.698743 -0.000002 0.715373
vn 0.698743 -0.000002 0.715373
vn 0.698743 -0.000002 0.715373
vn 0.698743 -0.000002 0.715373
vn 0.698756 0.000000 0.715360
vn 0.698756 0.000000 0.715360
vn 0.698756 0.000000 0.715360
vn 0.698756 0.000000 0.715360
vn 0.698757 0.000000 0.715360
vn 0.698757 0.000000 0.715360
vn 0.698757 0.000000 0.715360
vn 0.698757 0.000000 0.715360
vn 0.698754 0.000000 0.715362
vn 0.698754 0.000000 0.715362
vn 0.698754 0.000000 0.715362
vn 0.698754 0.000000 0.715362
vn 0.000000 1.000000 -0.000042
vn 0.000000 1.000000 -0.000042
vn 0.000000 1.000000 -0.000042
vn 0.000000 1.000000 -0.000042
vn 0.698758 0.000008 0.715359
vn 0.698758 0.000008 0.715359
vn 0.698758 0.000008 0.715359
vn 0.698758 0.000008 0.715359
vn 0.698773 -0.000001 0.715344
vn 0.698773 -0.000001 0.715344
vn 0.698773 -0.000001 0.715344
vn 0.698773 -0.000001 0.715344
vn 0.698763 0.000010 0.715353
vn 0.698763 0.000010 0.715353
vn 0.698763 0.000010 0.715353
vn 0.698763 0.000010 0.715353
vn 0.000000 -1.000000 0.000000
vn 0.000000 -1.000000 0.000000
vn 0.000000 -1.000000 0.000000
vn 0.000000 -1.000000 0.000000
vn 0.698748 0.000035 0.715368
vn 0.698748 0.000035 0.715368
vn 0.698748 0.000035 0.715368
vn 0.698748 0.000035 0.715368
vn 0.698760 -0.000027 0.715356
vn 0.698760 -0.000027 0.715356
vn 0.698760 -0.000027 0.715356
vn 0.698760 -0.000027 0.715356
vn 0.000000 1.000000 0.000002
vn 0.000000 1.000000 0.000002
vn 0.000000 1.000000 0.000002
vn 0.000000 1.000000 0.000002
vn 0.000000 1.000000 -0.000002
vn 0.000000 1.000000 -0.000002
vn 0.000000 1.000000 -0.000002
vn 0.000000 1.000000 -0.000002
vn 0.000000 -1.000000 -0.000002
vn 0.000000 -1.000000 -0.000002
vn 0.000000 -1.000000 -0.000002
vn 0.000000 -1.000000 -0.000002
vn 0.000000 1.000000 0.000000
vn 0.000000 1.000000 0.000000
vn 0.000000 1.000000 0.000000
vn 0.000000 1.000000 0.000000
vn 0.000000 -1.000000 -0.000075
vn 0.000000 -1.000000 -0.000075
vn 0.000000 -1.000000 -0.000075
vn 0.000000 -1.000000 -0.000075
vn 0.698768 0.000000 0.715349
vn 0.698768 0.000000 0.715349
vn 0.698768 0.000000 0.715349
vn 0.698768 0.000000 0.715349
vn 0.698762 -0.000001 0.715354
vn 0.698762 -0.000001 0.715354
vn 0.698762 -0.000001 0.715354
vn 0.698762 -0.000001 0.715354
vn 0.698741 0.000000 0.715374
vn 0.698742 0.000000 0.715374
vn 0.698742 0.000000 0.715374
vn 0.698741 0.000000 0.715374
vn 0.698763 0.000000 0.715353
vn 0.698763 0.000000 0.715353
vn 0.698763 0.000000 0.715353
vn 0.698763 0.000000 0.715353
vn 0.698762 0.000000 0.715354
vn 0.698762 0.000000 0.715354
vn 0.698762 0.000000 0.715354
vn 0.698762 0.000000 0.715354
vn 0.698762 0.000001 0.715354
vn 0.698762 0.000001 0.715354
vn 0.698763 0.000001 0.715354
vn 0.698763 0.000001 0.715354
vn 0.698765 -0.000015 0.715351
vn 0.698765 -0.000015 0.715351
vn 0.698765 -0.000015 0.715351
vn 0.698765 -0.000015 0.715351
vn 0.003079 -0.000000 0.999995
vn 0.003079 -0.000000 0.999995
vn 0.003089 -0.000000 0.999995
vn 0.003089 -0.000000 0.999995
vn 0.003078 0.000002 0.999995
vn 0.003078 0.000002 0.999995
vn 0.003089 0.000002 0.999995
vn 0.003089 0.000002 0.999995
vn 0.003079 0.000000 0.999995
vn 0.003079 0.000000 0.999995
vn 0.003089 0.000000 0.999995
vn 0.003089 0.000000 0.999995
vn 0.003089 -0.000000 0.999995
vn 0.003079 -0.000000 0.999995
vn 0.003079 -0.000000 0.999995
vn 0.003089 -0.000000 0.999995
vn 0.003079 0.000000 0.999995
vn 0.003079 0.000000 0.999995
vn 0.003089 0.000000 0.999995
vn 0.003089 0.000000 0.999995
vn 0.003078 -0.000002 0.999995
vn 0.003078 -0.000002 0.999995
vn 0.003089 -0.000002 0.999995
vn 0.003089 -0.000002 0.999995
vn 0.003089 0.000000 0.999995
vn 0.003079 0.000000 0.999995
vn 0.003079 0.000000 0.999995
vn 0.003089 0.000000 0.999995
vn 0.000000 -1.000000 0.000003
vn 0.000000 -1.000000 0.000005
vn 0.000000 -1.000000 0.000005
vn 0.000000 -1.000000 0.000002
vn 0.000000 -1.000000 0.000000
vn 0.000000 -1.000000 0.000007
vn 0.000000 -1.000000 0.000004
vn 0.000000 -1.000000 0.000000
vn 0.000000 -1.000000 -0.000010
vn 0.000000 -1.000000 -0.000002
vn 0.000000 -1.000000 -0.000002
vn 0.000000 -1.000000 -0.000017
vn 0.000000 -1.000000 0.000000
vn 0.000000 -1.000000 0.000000
vn 0.000000 -1.000000 0.000000
vn 0.000000 -1.000000 0.000000
vn 0.000000 -1.000000 -0.000000
vn 0.000000 -1.000000 -0.000000
vn 0.000000 -1.000000 -0.000000
vn 0.000000 -1.000000 -0.000000
vn 0.000000 -1.000000 -0.000010
vn 0.000000 -1.000000 -0.000001
vn 0.000000 -1.000000 -0.000006
vn 0.000000 -1.000000 -0.000010
vn 0.000000 -1.000000 0.000002
vn 0.000000 -1.000000 0.000000
vn 0.000000 -1.000000 0.000001
vn 0.000000 -1.000000 0.000002
vn 0.000000 -1.000000 0.000035
vn 0.000000 -1.000000 0.000025
vn 0.000000 -1.000000 0.000030
vn 0.000000 -1.000000 0.000035
vn 0.000000 0.000000 -1.000000
vn 0.000000 0.000007 -1.000000
vn 0.000000 0.000007 -1.000000
vn 0.000000 0.000000 -1.000000
vn -0.000000 0.000000 -1.000000
vn 0.000000 0.000000 -1.000000
vn 0.000000 0.000000 -1.000000
vn -0.000000 0.000000 -1.000000
vn 0.000000 -0.000003 -1.000000
vn 0.000000 0.000000 -1.000000
vn 0.000000 0.000000 -1.000000
vn 0.000000 -0.000003 -1.000000
vn 0.000000 0.000000 -1.000000
vn 0.000000 0.000000 -1.000000
vn 0.000000 0.000000 -1.000000
vn 0.000000 0.000000 -1.000000
vn -0.000000 -0.000002 -1.000000
vn 0.000000 0.000000 -1.000000
vn 0.000000 0.000000 -1.000000
vn -0.000000 -0.000002 -1.000000
vn 0.000000 0.000000 -1.000000
vn -0.000000 0.000000 -1.000000
vn -0.000000 0.000000 -1.000000
vn 0.000000 0.000000 -1.000000
vn 0.000000 0.000000 -1.000000
vn -0.000000 0.000000 -1.000000
vn -0.000000 0.000000 -1.000000
vn 0.000000 0.000000 -1.000000
vn 0.000000 1.000000 0.000011
vn 0.000000 1.000000 0.000031
vn 0.000000 1.000000 0.000031
vn 0.000000 1.000000 0.000020
vn 0.000000 1.000000 -0.000005
vn 0.000000 1.000000 -0.000001
vn 0.000000 1.000000 -0.000001
vn 0.000000 1.000000 -0.000003
vn 0.000000 1.000000 -0.000005
vn 0.000000 1.000000 -0.000014
vn 0.000000 1.000000 -0.000014
vn 0.000000 1.000000 -0.000009
vn 0.000000 1.000000 -0.000000
vn 0.000000 1.000000 -0.000000
vn 0.000000 1.000000 -0.000000
vn 0.000000 1.000000 -0.000000
vn 0.000000 1.000000 0.000000
vn 0.000000 1.000000 0.000000
vn 0.000000 1.000000 -0.000000
vn 0.000000 1.000000 0.000000
vn 0.000000 1.000000 0.000019
vn 0.000000 1.000000 0.000015
vn 0.000000 1.000000 0.000012
vn 0.000000 1.000000 0.000019
vn 0.000000 1.000000 0.000000
vn 0.000000 1.000000 0.000002
vn 0.000000 1.000000 0.000004
vn 0.000000 1.000000 0.000000
vn 0.000000 1.000000 0.000000
vn 0.000000 1.000000 -0.000002
vn 0.000000 1.000000 -0.000005
vn 0.000000 1.000000 0.000000
vn 0.003099 -0.000000 0.999995
vn 0.003099 -0.000000 0.999995
vn 0.003099 0.000003 0.999995
vn 0.003099 0.000003 0.999995
vn 0.003099 0.000000 0.999995
vn 0.003099 0.000000 0.999995
vn 0.003099 -0.000000 0.999995
vn 0.003099 -0.000000 0.999995
vn 0.003099 0.000000 0.999995
vn 0.003099 0.000000 0.999995
vn 0.003099 -0.000003 0.999995
vn 0.003099 -0.000003 0.999995
vn 0.003099 0.000000 0.999995
vn 0.003099 0.000000 0.999995
vn 0.000000 -1.000000 0.000000
vn 0.000000 -1.000000 0.000000
vn 0.000000 -1.000000 0.000011
vn 0.000000 -1.000000 0.000011
vn 0.000000 -1.000000 -0.000025
vn 0.000000 -1.000000 -0.000025
vn 0.000000 -1.000000 0.000000
vn 0.000000 -1.000000 0.000000
vn 0.000000 -1.000000 0.000000
vn 0.000000 -1.000000 0.000000
vn 0.000000 -1.000000 0.000003
vn 0.000000 -1.000000 0.000003
vn 0.000000 -1.000000 -0.000001
vn 0.000000 -1.000000 -0.000001
vn 0.000000 -1.000000 0.000020
vn 0.000000 -1.000000 0.000020
vn 0.000000 0.000013 -1.000000
vn 0.000000 0.000013 -1.000000
vn -0.000000 0.000000 -1.000000
vn -0.000000 0.000000 -1.000000
vn 0.000000 -0.000005 -1.000000
vn 0.000000 -0.000005 -1.000000
vn 0.000000 0.000001 -1.000000
vn 0.000000 0.000001 -1.000000
vn -0.000000 -0.000004 -1.000000
vn -0.000000 -0.000004 -1.000000
vn -0.000000 0.000001 -1.000000
vn -0.000000 0.000001 -1.000000
vn -0.000000 0.000000 -1.000000
vn -0.000000 0.000000 -1.000000
vn 0.000000 1.000000 0.000000
vn 0.000000 1.000000 0.000000
vn 0.000000 1.000000 -0.000007
vn 0.000000 1.000000 -0.000007
vn 0.000000 1.000000 0.000000
vn 0.000000 1.000000 0.000000
vn 0.000000 1.000000 -0.000000
vn 0.000000 1.000000 -0.000000
vn 0.000000 1.000000 -0.000000
vn 0.000000 1.000000 -0.000000
vn 0.000000 1.000000 0.000008
vn 0.000000 1.000000 0.000008
vn 0.000000 1.000000 0.000007
vn 0.000000 1.000000 0.000007
vn 0.000000 1.000000 -0.000007
vn 0.000000 1.000000 -0.000007
vn -0.698766 0.000000 0.715350
vn -0.698766 0.000000 0.715350
vn -0.698766 0.000000 0.715350
vn -0.698766 0.000000 0.715350
vn -0.698754 0.000000 0.715362
vn -0.698754 0.000000 0.715362
vn -0.698754 0.000000 0.715362
vn -0.698754 0.000000 0.715362
vn -0.698766 0.000000 0.715350
vn -0.698766 0.000000 0.715350
vn -0.698766 0.000000 0.715350
vn -0.698766 0.000000 0.715350
vn -0.698759 0.000000 0.715357
vn -0.698759 0.000000 0.715357
vn -0.698759 0.000000 0.715357
vn -0.698759 0.000000 0.715357
vn -1.000000 -0.000004 0.000006
vn -1.000000 -0.000004 0.000006
vn -1.000000 -0.000004 0.000006
vn -1.000000 -0.000004 0.000006
vn -0.698754 0.000000 0.715362
vn -0.698754 0.000000 0.715362
vn -0.698754 0.000000 0.715362
vn -0.698754 0.000000 0.715362
vn -0.698764 0.000000 0.715352
vn -0.698764 0.000000 0.715352
vn -0.698764 0.000000 0.715352
vn -0.698764 0.000000 0.715352
vn -0.698762 0.000000 0.715354
vn -0.698762 0.000000 0.715354
vn -0.698762 0.000000 0.715355
vn -0.698762 0.000000 0.715354
vn -0.698765 0.000001 0.715352
vn -0.698765 0.000001 0.715352
vn -0.698765 0.000001 0.715352
vn -0.698765 0.000001 0.715352
vn -0.000026 0.000001 1.000000
vn -0.000026 0.000001 1.000000
vn -0.000026 0.000001 1.000000
vn -0.000026 0.000001 1.000000
vn 0.000000 1.000000 -0.000011
vn 0.000000 1.000000 -0.000011
vn 0.000000 1.000000 -0.000011
vn 0.000000 1.000000 -0.000011
vn 0.000000 -1.000000 0.000000
vn 0.000000 -1.000000 0.000000
vn 0.000000 -1.000000 0.000000
vn 0.000000 -1.000000 0.000000
vn -0.698779 0.000000 0.715337
vn -0.698779 0.000000 0.715337
vn -0.698779 0.000000 0.715337
vn -0.698780 0.000000 0.715337
vn -0.698759 0.000000 0.715358
vn -0.698759 0.000000 0.715358
vn -0.698759 0.000000 0.715358
vn -0.698759 0.000000 0.715358
vn 0.000000 -1.000000 0.000000
vn 0.000000 -1.000000 0.000000
vn 0.000000 -1.000000 0.000000
vn 0.000000 -1.000000 0.000000
vn -1.000000 0.000000 0.000010
vn -1.000000 0.000000 0.000010
vn -1.000000 0.000000 0.000010
vn -1.000000 0.000000 0.000010
vn 0.000000 1.000000 -0.000006
vn 0.000000 1.000000 -0.000006
vn 0.000000 1.000000 -0.000006
vn 0.000000 1.000000 -0.000006
vn -0.698760 0.000000 0.715356
vn -0.698760 0.000000 0.715356
vn -0.698760 0.000000 0.715356
vn -0.698760 0.000000 0.715356
vn 0.000000 1.000000 0.000000
vn 0.000000 1.000000 0.000000
vn 0.000000 1.000000 0.000000
vn 0.000000 1.000000 0.000000
vn -1.000000 0.000001 -0.000000
vn -1.000000 0.000001 -0.000000
vn -1.000000 0.000001 -0.000000
vn -1.000000 0.000001 -0.000000
vn 0.000000 -1.000000 -0.000001
vn 0.000000 -1.000000 -0.000001
vn 0.000000 -1.000000 -0.000001
vn 0.000000 -1.000000 -0.000001
vn -0.698752 0.000000 0.715364
vn -0.698752 0.000000 0.715364
vn -0.698752 0.000000 0.715364
vn -0.698752 0.000000 0.715364
vn -0.698762 0.000000 0.715355
vn -0.698762 0.000000 0.715355
vn -0.698762 0.000000 0.715355
vn -0.698762 0.000000 0.715355
vn 0.000000 0.000000 1.000000
vn 0.000000 0.000000 1.000000
vn 0.000000 0.000000 1.000000
vn 0.000000 0.000000 1.000000
vn -1.000000 0.000000 0.000000
vn -1.000000 0.000000 0.000000
vn -1.000000 0.000000 0.000000
vn -1.000000 0.000000 0.000000
vn -0.999995 0.003040 -0.000162
vn -0.999995 0.003040 -0.000162
vn -0.999995 0.003040 -0.000162
vn -0.999995 0.003040 -0.000162
vn -1.000000 0.000000 0.000000
vn -1.000000 0.000000 0.000000
vn -1.000000 0.000000 0.000000
vn -1.000000 0.000000 0.000000
vn -0.698767 0.000000 0.715350
vn -0.698767 0.000000 0.715350
vn -0.698767 0.000000 0.715350
vn -0.698767 0.000000 0.715350
vn -1.000000 0.000061 0.000006
vn -1.000000 0.000061 0.000006
vn -1.000000 0.000061 0.000006
vn -1.000000 0.000061 0.000006
vn -0.999992 -0.004115 -0.000162
vn -0.999992 -0.004115 -0.000162
vn -0.999992 -0.004115 -0.000162
vn -0.999992 -0.004115 -0.000162
vn -1.000000 0.000000 0.000010
vn -1.000000 0.000000 0.000010
vn -1.000000 0.000000 0.000010
vn -1.000000 0.000000 0.000010
vn -0.000023 -0.000010 1.000000
vn -0.000023 -0.000010 1.000000
vn -0.000023 -0.000010 1.000000
vn -0.000023 -0.000010 1.000000
vn 0.000000 -1.000000 -0.000003
vn 0.000000 -1.000000 -0.000003
vn 0.000000 -1.000000 -0.000003
vn 0.000000 -1.000000 -0.000003
vn 0.000000 -1.000000 -0.000040
vn 0.000000 -1.000000 -0.000040
vn 0.000000 -1.000000 -0.000040
vn 0.000000 -1.000000 -0.000040
vn 0.000000 0.000000 1.000000
vn 0.000000 0.000000 1.000000
vn 0.000000 0.000000 1.000000
vn 0.000000 0.000000 1.000000
vn 0.000000 0.000000 1.000000
vn 0.000000 0.000000 1.000000
vn 0.000000 0.000000 1.000000
vn 0.000000 0.000000 1.000000
vn 0.000000 0.000000 1.000000
vn 0.000000 0.000000 1.000000
vn 0.000000 0.000000 1.000000
vn 0.000000 0.000000 1.000000
vn 0.000000 1.000000 0.000000
vn 0.000000 1.000000 0.000000
vn 0.000000 1.000000 0.000000
vn 0.000000 1.000000 0.000000
vn 0.000000 1.000000 -0.000008
vn 0.000000 1.000000 -0.000008
vn 0.000000 1.000000 -0.000008
vn 0.000000 1.000000 -0.000008
vn 0.000000 1.000000 0.000000
vn 0.000000 1.000000 0.000000
vn 0.000000 1.000000 0.000000
vn 0.000000 1.000000 0.000000
vn 0.000000 1.000000 0.000000
vn 0.000000 1.000000 0.000000
vn 0.000000 1.000000 0.000000
vn 0.000000 1.000000 0.000000
vn 0.000000 1.000000 0.000000
vn 0.000000 1.000000 0.000000
vn 0.000000 1.000000 0.000000
vn 0.000000 1.000000 0.000000
vn 0.000000 1.000000 0.000000
vn 0.000000 1.000000 0.000000
vn 0.000000 1.000000 0.000000
vn 0.000000 1.000000 0.000000
vn 0.000000 0.000001 1.000000
vn 0.000000 0.000001 1.000000
vn 0.000000 0.000001 1.000000
vn 0.000000 0.000001 1.000000
vn 0.000000 0.000000 1.000000
vn 0.000000 0.000000 1.000000
vn 0.000000 0.000000 1.000000
vn 0.000000 0.000000 1.000000
vn 0.000000 0.000000 1.000000
vn 0.000000 0.000000 1.000000
vn 0.000000 0.000000 1.000000
vn 0.000000 0.000000 1.000000
vn 0.000000 0.000000 1.000000
vn 0.000000 0.000000 1.000000
vn 0.000000 0.000000 1.000000
vn 0.000000 0.000000 1.000000
vn 0.000000 -1.000000 0.000000
vn 0.000000 -1.000000 0.000000
vn 0.000000 -1.000000 0.000000
vn 0.000000 -1.000000 0.000000
vn 0.000000 -1.000000 -0.000036
vn 0.000000 -1.000000 -0.000036
vn 0.000000 -1.000000 -0.000036
vn 0.000000 -1.000000 -0.000036
vn 0.000000 -1.000000 -0.000042
vn 0.000000 -1.000000 -0.000042
vn 0.000000 -1.000000 -0.000042
vn 0.000000 -1.000000 -0.000042
vn 0.000000 -1.000000 0.000000
vn 0.000000 -1.000000 0.000000
vn 0.000000 -1.000000 0.000000
vn 0.000000 -1.000000 0.000000
vn 0.000000 -1.000000 0.000000
vn 0.000000 -1.000000 0.000000
vn 0.000000 -1.000000 0.000000
vn 0.000000 -1.000000 0.000000
vn 0.000000 0.000000 -1.000000
vn 0.000000 0.000000 -1.000000
vn 0.000000 0.000000 -1.000000
vn 0.000000 0.000000 -1.000000
vn 0.000000 0.000000 -1.000000
vn 0.000000 0.000000 -1.000000
vn 0.000000 0.000000 -1.000000
vn 0.000000 0.000000 -1.000000
vn 0.000000 0.000000 -1.000000
vn 0.000000 0.000000 -1.000000
vn 0.000000 0.000000 -1.000000
vn 0.000000 0.000000 -1.000000
vn 0.000000 0.000000 -1.000000
vn 0.000000 0.000000 -1.000000
vn 0.000000 0.000000 -1.000000
vn 0.000000 0.000000 -1.000000
vn 0.000000 1.000000 -0.000033
vn 0.000000 1.000000 -0.000033
vn 0.000000 1.000000 -0.000033
vn 0.000000 1.000000 -0.000033
vn 0.000000 -1.000000 0.000000
vn 0.000000 -1.000000 0.000000
vn 0.000000 -1.000000 0.000000
vn 0.000000 -1.000000 0.000000
vn -0.698735 0.000000 0.715380
vn -0.698735 0.000000 0.715380
vn -0.698735 0.000000 0.715380
vn -0.698735 0.000000 0.715380
vn -0.698760 -0.000002 0.715356
vn -0.698760 -0.000002 0.715356
vn -0.698760 -0.000002 0.715356
vn -0.698760 -0.000002 0.715356
vn -0.698763 0.000000 0.715354
vn -0.698763 0.000000 0.715354
vn -0.698763 0.000000 0.715354
vn -0.698763 0.000000 0.715354
vn -0.698763 0.000000 0.715354
vn -0.698763 0.000000 0.715354
vn -0.698763 0.000000 0.715354
vn -0.698763 0.000000 0.715354
vn 0.000000 1.000000 0.000000
vn 0.000000 1.000000 0.000000
vn 0.000000 1.000000 0.000000
vn 0.000000 1.000000 0.000000
vn -0.698757 0.000000 0.715360
vn -0.698757 0.000000 0.715360
vn -0.698757 0.000000 0.715360
vn -0.698757 0.000000 0.715360
vn -0.698747 0.000000 0.715369
vn -0.698747 0.000000 0.715369
vn -0.698747 0.000000 0.715369
vn -0.698747 0.000000 0.715369
vn -0.698745 0.000000 0.715371
vn -0.698745 0.000000 0.715371
vn -0.698745 0.000000 0.715371
vn -0.698745 0.000000 0.715371
vn -0.698767 0.000000 0.715350
vn -0.698767 0.000000 0.715350
vn -0.698767 0.000000 0.715350
vn -0.698767 0.000000 0.715350
vn -0.698745 0.000000 0.715371
vn -0.698745 0.000000 0.715371
vn -0.698745 0.000000 0.715371
vn -0.698745 0.000000 0.715371
vn -0.698759 0.000000 0.715357
vn -0.698759 0.000000 0.715357
vn -0.698759 0.000000 0.715357
vn -0.698759 0.000000 0.715357
vn 0.000000 0.000000 -1.000000
vn 0.000000 0.000000 -1.000000
vn 0.000000 0.000000 -1.000000
vn 0.000000 0.000000 -1.000000
vn 0.000000 0.000000 1.000000
vn 0.000000 0.000000 1.000000
vn 0.000000 0.000000 1.000000
vn 0.000000 0.000000 1.000000
vn 0.000000 -0.000001 1.000000
vn 0.000000 -0.000001 1.000000
vn 0.000000 -0.000001 1.000000
vn 0.000000 -0.000001 1.000000
vn -0.698759 0.000001 0.715357
vn -0.698759 0.000001 0.715357
vn -0.698759 0.000001 0.715357
vn -0.698759 0.000001 0.715357
vn -0.698762 0.000000 0.715354
vn -0.698762 0.000000 0.715354
vn -0.698762 0.000000 0.715354
vn -0.698762 0.000000 0.715354
vn -0.698761 0.000000 0.715355
vn -0.698761 0.000000 0.715355
vn -0.698761 0.000000 0.715355
vn -0.698761 0.000000 0.715355
vn -0.698760 0.000000 0.715356
vn -0.698760 0.000000 0.715356
vn -0.698760 0.000000 0.715356
vn -0.698760 0.000000 0.715356
vn -0.698761 0.000000 0.715355
vn -0.698761 0.000000 0.715355
vn -0.698761 0.000000 0.715355
vn -0.698761 0.000000 0.715355
vn -0.698763 0.000000 0.715353
vn -0.698763 0.000000 0.715353
vn -0.698763 0.000000 0.715353
vn -0.698763 0.000000 0.715353
vn 0.000000 0.000000 -1.000000
vn 0.000000 0.000000 -1.000000
vn 0.000000 0.000000 -1.000000
vn 0.000000 0.000000 -1.000000
vn 0.000000 0.000000 1.000000
vn 0.000000 0.000000 1.000000
vn 0.000000 0.000000 1.000000
vn 0.000000 0.000000 1.000000
vn -0.698765 0.000003 0.715351
vn -0.698765 0.000003 0.715351
vn -0.698765 0.000003 0.715351
vn -0.698765 0.000003 0.715351
vn -0.698777 0.000013 0.715340
vn -0.698777 0.000013 0.715340
vn -0.698777 0.000013 0.715340
vn -0.698777 0.000013 0.715340
vn -0.698741 0.000000 0.715374
vn -0.698741 0.000000 0.715374
vn -0.698741 0.000000 0.715374
vn -0.698741 0.000000 0.715374
vn -0.698753 0.000000 0.715363
vn -0.698753 0.000000 0.715363
vn -0.698753 0.000000 0.715363
vn -0.698753 0.000000 0.715363
vn -0.698755 0.000013 0.715362
vn -0.698754 0.000013 0.715362
vn -0.698754 0.000013 0.715362
vn -0.698755 0.000013 0.715362
vn -0.698756 0.000000 0.715360
vn -0.698756 0.000000 0.715360
vn -0.698756 0.000000 0.715360
vn -0.698756 0.000000 0.715360
vn 0.000000 0.000000 -1.000000
vn 0.000000 0.000000 -1.000000
vn 0.000000 0.000000 -1.000000
vn 0.000000 0.000000 -1.000000
vn -0.698773 0.000000 0.715344
vn -0.698773 0.000000 0.715344
vn -0.698773 0.000000 0.715344
vn -0.698773 0.000000 0.715344
vn -0.698757 0.000000 0.715359
vn -0.698757 0.000000 0.715359
vn -0.698757 0.000000 0.715359
vn -0.698757 0.000000 0.715359
vn -0.698758 0.000000 0.715358
vn -0.698758 0.000000 0.715358
vn -0.698758 0.000000 0.715358
vn -0.698758 0.000000 0.715358
vn 0.000000 1.000000 0.000000
vn 0.000000 1.000000 0.000000
vn 0.000000 1.000000 0.000000
vn 0.000000 1.000000 0.000002
vn 0.000000 1.000000 0.000002
vn 0.000000 1.000000 0.000002
vn 0.000000 1.000000 0.000002
vn 0.000000 1.000000 -0.000038
vn 0.000000 1.000000 -0.000038
vn 0.000000 1.000000 -0.000038
vn 0.000000 1.000000 -0.000038
vn 0.000000 0.000000 1.000000
vn 0.000000 0.000000 1.000000
vn 0.000000 0.000000 1.000000
vn 0.000000 0.000000 1.000000
vn 0.000001 0.000001 1.000000
vn 0.000001 0.000001 1.000000
vn 0.000001 0.000001 1.000000
vn 0.000001 0.000001 1.000000
vn 0.000000 -0.000010 1.000000
vn 0.000000 -0.000010 1.000000
vn 0.000000 -0.000010 1.000000
vn 0.000000 -0.000010 1.000000
vn 0.000000 -1.000000 0.000001
vn 0.000000 -1.000000 0.000001
vn 0.000000 -1.000000 0.000001
vn 0.000000 -1.000000 0.000001
vn 0.000000 -1.000000 0.000000
vn 0.000000 -1.000000 0.000000
vn 0.000000 -1.000000 0.000000
vn 0.000000 -1.000000 0.000000
vn 0.000000 -1.000000 -0.000002
vn 0.000000 -1.000000 -0.000002
vn 0.000000 -1.000000 -0.000002
vn -0.999992 -0.003996 0.000165
vn -0.999992 -0.003996 0.000165
vn -0.999992 -0.003996 0.000165
vn -0.999992 -0.003996 0.000165
vn -1.000000 -0.000004 -0.000000
vn -1.000000 -0.000004 -0.000000
vn -1.000000 -0.000004 -0.000000
vn -1.000000 -0.000004 -0.000000
vn -0.999995 0.003020 0.000165
vn -0.999995 0.003020 0.000165
vn -0.999995 0.003020 0.000165
vn -0.999995 0.003020 0.000165
vn 0.000000 -1.000000 -0.000042
vn 0.000000 -1.000000 -0.000042
vn 0.000000 -1.000000 -0.000042
vn 0.000000 -1.000000 -0.000042
vn -0.698740 0.000000 0.715376
vn -0.698740 0.000000 0.715376
vn -0.698740 0.000000 0.715376
vn -0.698740 0.000000 0.715376
vn -0.698764 0.000000 0.715353
vn -0.698764 0.000000 0.715353
vn -0.698764 0.000000 0.715353
vn -0.698764 0.000000 0.715353
vn -0.698772 0.000021 0.715345
vn -0.698771 0.000021 0.715345
vn -0.698771 0.000021 0.715345
vn -0.698771 0.000021 0.715345
vn -0.698742 -0.000002 0.715374
vn -0.698742 -0.000002 0.715374
vn -0.698742 -0.000002 0.715374
vn -0.698742 -0.000002 0.715374
vn -0.698764 0.000000 0.715352
vn -0.698764 0.000000 0.715352
vn -0.698764 0.000000 0.715352
vn -0.698764 0.000000 0.715352
vn -0.698757 0.000000 0.715360
vn -0.698757 0.000000 0.715360
vn -0.698757 0.000000 0.715360
vn -0.698757 0.000000 0.715360
vn -0.698754 0.000000 0.715362
vn -0.698754 0.000000 0.715362
vn -0.698754 0.000000 0.715362
vn -0.698754 0.000000 0.715362
vn 0.000000 1.000000 0.000000
vn 0.000000 1.000000 0.000000
vn 0.000000 1.000000 0.000000
vn 0.000000 1.000000 0.000000
vn -0.698758 0.000009 0.715359
vn -0.698758 0.000009 0.715359
vn -0.698758 0.000009 0.715359
vn -0.698758 0.000009 0.715359
vn -0.698773 -0.000001 0.715344
vn -0.698773 -0.000001 0.715344
vn -0.698773 -0.000001 0.715344
vn -0.698773 -0.000001 0.715344
vn -0.698763 0.000012 0.715353
vn -0.698763 0.000012 0.715353
vn -0.698763 0.000012 0.715353
vn -0.698763 0.000012 0.715353
vn 0.000000 -1.000000 0.000000
vn 0.000000 -1.000000 0.000000
vn 0.000000 -1.000000 0.000000
vn 0.000000 -1.000000 0.000000
vn -0.698765 0.000018 0.715351
vn -0.698765 0.000018 0.715351
vn -0.698765 0.000018 0.715351
vn -0.698765 0.000018 0.715351
vn -0.698756 -0.000014 0.715360
vn -0.698756 -0.000014 0.715360
vn -0.698756 -0.000014 0.715360
vn -0.698756 -0.000014 0.715360
vn 0.000000 1.000000 0.000000
vn 0.000000 1.000000 0.000000
vn 0.000000 1.000000 0.000000
vn 0.000000 1.000000 0.000000
vn 0.000000 1.000000 -0.000001
vn 0.000000 1.000000 -0.000001
vn 0.000000 1.000000 -0.000001
vn 0.000000 1.000000 -0.000001
vn 0.000000 -1.000000 -0.000003
vn 0.000000 -1.000000 -0.000003
vn 0.000000 -1.000000 -0.000003
vn 0.000000 -1.000000 -0.000003
vn 0.000000 1.000000 0.000000
vn 0.000000 1.000000 0.000000
vn 0.000000 1.000000 0.000000
vn 0.000000 1.000000 0.000000
vn 0.000000 -1.000000 0.000038
vn 0.000000 -1.000000 0.000038
vn 0.000000 -1.000000 0.000038
vn 0.000000 -1.000000 0.000038
vn -0.698768 0.000000 0.715349
vn -0.698768 0.000000 0.715349
vn -0.698768 0.000000 0.715349
vn -0.698768 0.000000 0.715349
vn -0.698762 -0.000002 0.715354
vn -0.698762 -0.000002 0.715354
vn -0.698762 -0.000002 0.715354
vn -0.698762 -0.000002 0.715354
vn -0.698741 0.000000 0.715374
vn -0.698741 0.000000 0.715374
vn -0.698742 0.000000 0.715374
vn -0.698742 0.000000 0.715374
vn -0.698763 0.000000 0.715353
vn -0.698763 0.000000 0.715353
vn -0.698763 0.000000 0.715353
vn -0.698763 0.000000 0.715353
vn -0.698762 0.000000 0.715354
vn -0.698762 0.000000 0.715354
vn -0.698762 0.000000 0.715354
vn -0.698762 0.000000 0.715354
vn -0.698762 0.000002 0.715354
vn -0.698763 0.000002 0.715354
vn -0.698763 0.000002 0.715354
vn -0.698762 0.000002 0.715354
vn -0.698765 -0.000015 0.715351
vn -0.698765 -0.000015 0.715351
vn -0.698765 -0.000015 0.715351
vn -0.698765 -0.000015 0.715351
vn -0.003079 -0.000000 0.999995
vn -0.003089 -0.000000 0.999995
vn -0.003089 -0.000000 0.999995
vn -0.003079 -0.000000 0.999995
vn -0.003078 0.000002 0.999995
vn -0.003089 0.000002 0.999995
vn -0.003089 0.000002 0.999995
vn -0.003078 0.000002 0.999995
vn -0.003079 0.000000 0.999995
vn -0.003089 0.000000 0.999995
vn -0.003089 0.000000 0.999995
vn -0.003079 0.000000 0.999995
vn -0.003089 -0.000000 0.999995
vn -0.003089 -0.000000 0.999995
vn -0.003079 -0.000000 0.999995
vn -0.003079 -0.000000 0.999995
vn -0.003079 0.000000 0.999995
vn -0.003089 0.000000 0.999995
vn -0.003089 0.000000 0.999995
vn -0.003079 0.000000 0.999995
vn -0.003078 -0.000002 0.999995
vn -0.003089 -0.000002 0.999995
vn -0.003089 -0.000002 0.999995
vn -0.003078 -0.000002 0.999995
vn -0.003089 0.000000 0.999995
vn -0.003089 0.000000 0.999995
vn -0.003079 0.000000 0.999995
vn -0.003079 0.000000 0.999995
vn 0.000000 -1.000000 0.000000
vn 0.000000 -1.000000 0.000000
vn 0.000000 -1.000000 0.000000
vn 0.000000 -1.000000 0.000000
vn 0.000000 -1.000000 0.000000
vn 0.000000 -1.000000 0.000000
vn 0.000000 -1.000000 0.000005
vn 0.000000 -1.000000 0.000010
vn 0.000000 -1.000000 -0.000009
vn 0.000000 -1.000000 -0.000016
vn 0.000000 -1.000000 0.000000
vn 0.000000 -1.000000 0.000000
vn 0.000000 -1.000000 0.000000
vn 0.000000 -1.000000 0.000000
vn 0.000000 -1.000000 0.000000
vn 0.000000 -1.000000 0.000000
vn 0.000000 -1.000000 0.000001
vn 0.000000 -1.000000 0.000001
vn 0.000000 -1.000000 0.000002
vn 0.000000 -1.000000 0.000002
vn 0.000000 -1.000000 0.000000
vn 0.000000 -1.000000 0.000000
vn 0.000000 -1.000000 0.000000
vn 0.000000 -1.000000 0.000000
vn 0.000000 -1.000000 0.000000
vn 0.000000 -1.000000 0.000000
vn 0.000000 -1.000000 0.000000
vn 0.000000 -1.000000 0.000000
vn 0.000000 -1.000000 0.000046
vn 0.000000 -1.000000 0.000046
vn 0.000000 -1.000000 0.000030
vn 0.000000 -1.000000 0.000016
vn 0.000000 0.000000 -1.000000
vn 0.000000 0.000000 -1.000000
vn 0.000000 0.000007 -1.000000
vn 0.000000 0.000007 -1.000000
vn 0.000000 0.000000 -1.000000
vn 0.000000 0.000000 -1.000000
vn 0.000000 0.000000 -1.000000
vn 0.000000 0.000000 -1.000000
vn 0.000000 -0.000003 -1.000000
vn 0.000000 -0.000003 -1.000000
vn 0.000000 0.000000 -1.000000
vn 0.000000 0.000000 -1.000000
vn 0.000000 0.000000 -1.000000
vn 0.000000 0.000000 -1.000000
vn 0.000000 0.000000 -1.000000
vn 0.000000 0.000000 -1.000000
vn 0.000000 -0.000002 -1.000000
vn 0.000000 -0.000002 -1.000000
vn 0.000000 0.000000 -1.000000
vn 0.000000 0.000000 -1.000000
vn 0.000000 0.000000 -1.000000
vn 0.000000 0.000000 -1.000000
vn 0.000000 0.000000 -1.000000
vn 0.000000 0.000000 -1.000000
vn 0.000000 0.000000 -1.000000
vn 0.000000 0.000000 -1.000000
vn 0.000000 0.000000 -1.000000
vn 0.000000 0.000000 -1.000000
vn 0.000000 1.000000 0.000016
vn 0.000000 1.000000 0.000030
vn 0.000000 1.000000 0.000046
vn 0.000000 1.000000 0.000046
vn 0.000000 1.000000 -0.000005
vn 0.000000 1.000000 -0.000003
vn 0.000000 1.000000 0.000000
vn 0.000000 1.000000 0.000000
vn 0.000000 1.000000 0.000000
vn 0.000000 1.000000 0.000000
vn 0.000000 1.000000 0.000000
vn 0.000000 1.000000 0.000000
vn 0.000000 1.000000 0.000000
vn 0.000000 1.000000 0.000000
vn 0.000000 1.000000 0.000000
vn 0.000000 1.000000 0.000000
vn 0.000000 1.000000 0.000000
vn 0.000000 1.000000 0.000000
vn 0.000000 1.000000 0.000000
vn 0.000000 1.000000 0.000000
vn 0.000000 1.000000 0.000025
vn 0.000000 1.000000 0.000025
vn 0.000000 1.000000 0.000009
vn 0.000000 1.000000 0.000016
vn 0.000000 1.000000 0.000000
vn 0.000000 1.000000 0.000000
vn 0.000000 1.000000 0.000000
vn 0.000000 1.000000 0.000000
vn 0.000000 1.000000 0.000000
vn 0.000000 1.000000 0.000000
vn 0.000000 1.000000 0.000000
vn 0.000000 1.000000 0.000000
vn -0.003099 -0.000000 0.999995
vn -0.003099 -0.000000 0.999995
vn -0.003099 0.000003 0.999995
vn -0.003099 0.000003 0.999995
vn -0.003099 0.000000 0.999995
vn -0.003099 0.000000 0.999995
vn -0.003099 -0.000000 0.999995
vn -0.003099 -0.000000 0.999995
vn -0.003099 0.000000 0.999995
vn -0.003099 0.000000 0.999995
vn -0.003099 -0.000003 0.999995
vn -0.003099 -0.000003 0.999995
vn -0.003099 0.000000 0.999995
vn -0.003099 0.000000 0.999995
vn 0.000000 -1.000000 0.000000
vn 0.000000 -1.000000 0.000000
vn 0.000000 -1.000000 0.000015
vn 0.000000 -1.000000 0.000015
vn 0.000000 -1.000000 -0.000025
vn 0.000000 -1.000000 -0.000025
vn 0.000000 -1.000000 0.000000
vn 0.000000 -1.000000 0.000000
vn 0.000000 -1.000000 0.000000
vn 0.000000 -1.000000 0.000000
vn 0.000000 -1.000000 0.000000
vn 0.000000 -1.000000 0.000000
vn 0.000000 -1.000000 0.000000
vn 0.000000 -1.000000 0.000000
vn 0.000000 -1.000000 0.000000
vn 0.000000 -1.000000 0.000000
vn 0.000000 0.000013 -1.000000
vn 0.000000 0.000013 -1.000000
vn 0.000000 0.000000 -1.000000
vn 0.000000 0.000000 -1.000000
vn 0.000000 -0.000005 -1.000000
vn 0.000000 -0.000005 -1.000000
vn 0.000000 0.000001 -1.000000
vn 0.000000 0.000001 -1.000000
vn 0.000000 -0.000004 -1.000000
vn 0.000000 -0.000004 -1.000000
vn 0.000000 0.000001 -1.000000
vn 0.000000 0.000001 -1.000000
vn 0.000000 0.000000 -1.000000
vn 0.000000 0.000000 -1.000000
vn 0.000000 1.000000 0.000000
vn 0.000000 1.000000 0.000000
vn 0.000000 1.000000 -0.000007
vn 0.000000 1.000000 -0.000007
vn 0.000000 1.000000 0.000000
vn 0.000000 1.000000 0.000000
vn 0.000000 1.000000 0.000000
vn 0.000000 1.000000 0.000000
vn 0.000000 1.000000 0.000000
vn 0.000000 1.000000 0.000000
vn 0.000000 1.000000 0.000000
vn 0.000000 1.000000 0.000000
vn 0.000000 1.000000 0.000000
vn 0.000000 1.000000 0.000000
vn 0.000000 1.000000 0.000000
vn 0.000000 1.000000 0.000000
s off
g all dengbian_001 Sunmao_002
usemtl lambert2SG
f 291/434/425 294/444/426 293/433/427 292/417/428
f 295/412/429 298/426/430 297/411/431 296/397/432
f 299/401/433 302/402/434 301/389/435 300/390/436
f 303/442/437 306/451/438 305/460/439 304/452/440
f 307/375/441 310/376/442 309/377/443 308/378/444
f 311/436/445 314/446/446 313/437/447 312/425/448
f 315/467/449 305/460/450 306/451/451 316/459/452
f 317/457/453 320/450/454 319/447/455 318/456/456
f 321/454/457 313/437/458 314/446/459 322/455/460
f 323/757/461 326/758/462 325/759/463 324/760/464
f 327/567/465 330/568/466 329/569/467 328/570/468
f 331/583/469 334/584/470 333/585/471 332/586/472
f 335/443/473 338/431/474 337/415/475 336/430/476
f 339/408/477 342/423/478 341/410/479 340/396/480
f 343/596/481 346/598/482 345/597/483 344/593/484
f 347/392/485 325/404/486 326/405/487 348/393/488
f 349/579/489 352/581/490 351/582/491 350/580/492
f 341/410/493 342/423/494 311/436/495 312/425/496
f 349/579/497 350/580/498 354/576/499 353/575/500
f 355/384/501 356/383/502 347/392/503 348/393/504
f 357/592/505 343/596/506 344/593/507 358/587/508
f 304/452/509 335/443/510 336/430/511 303/442/512
f 313/437/513 321/454/514 318/456/515 319/447/516
f 324/760/517 325/759/518 351/762/519 352/581/520
f 350/403/521 351/419/522 325/404/523 347/392/524
f 356/383/525 354/391/526 350/403/527 347/392/528
f 310/376/529 360/381/530 359/382/531 309/377/532
f 302/402/533 295/412/534 296/397/535 301/389/536
f 361/385/537 362/386/538 307/375/539 308/378/540
f 343/406/541 357/394/542 355/384/543 348/393/544
f 348/393/545 326/405/546 346/420/547 343/406/548
f 345/597/549 346/761/550 326/758/551 323/757/552
f 363/588/553 364/589/554 333/585/555 334/584/556
f 363/588/557 366/594/558 365/595/559 364/589/560
f 365/767/561 366/594/562 368/764/563 367/766/564
f 369/763/565 370/765/566 367/766/567 368/764/568
f 371/578/569 372/768/570 370/765/571 369/763/572
f 373/573/573 372/577/574 371/578/575 374/574/576
f 328/570/577 329/569/578 373/573/579 374/574/580
f 375/599/581 378/600/582 377/601/583 376/602/584
f 379/607/585 375/599/586 376/602/587 380/608/588
f 380/608/589 382/615/590 381/616/591 379/607/592
f 383/625/593 381/616/594 382/615/595 384/626/596
f 385/769/597 388/770/598 387/463/599 386/462/600
f 389/773/601 387/463/602 388/770/603 390/774/604
f 391/778/605 392/779/606 389/773/607 390/774/608
f 393/667/609 396/666/610 395/791/611 394/792/612
f 305/662/613 315/663/614 398/664/615 397/665/616
f 304/670/617 305/662/618 397/665/619 399/671/620
f 335/676/621 304/670/622 399/671/623 400/677/624
f 338/683/625 335/676/626 400/677/627 401/684/628
f 294/708/629 291/700/630 403/701/631 402/709/632
f 293/811/633 294/812/634 402/813/635 404/814/636
f 302/828/637 299/823/638 406/822/639 405/829/640
f 405/829/641 407/835/642 295/836/643 302/828/644
f 298/842/645 295/836/646 407/835/647 408/843/648
f 409/609/649 412/617/650 411/618/651 410/610/652
f 291/700/653 414/692/654 413/691/655 403/701/656
f 414/432/657 291/434/658 292/417/659 415/416/660
f 301/389/661 417/379/662 416/380/663 300/390/664
f 296/397/665 418/387/666 417/379/667 301/389/668
f 296/397/669 297/411/670 419/407/671 418/387/672
f 420/603/673 409/609/674 410/610/675 421/604/676
f 322/455/677 314/446/678 381/453/679 383/461/680
f 379/445/681 381/453/682 314/446/683 311/436/684
f 342/423/685 375/435/686 379/445/687 311/436/688
f 378/422/689 375/435/690 342/423/691 339/408/692
f 297/411/693 409/427/694 420/421/695 419/407/696
f 298/426/697 412/439/698 409/427/699 297/411/700
f 411/618/701 412/617/702 298/842/703 408/843/704
f 422/635/705 423/636/706 385/769/707 386/462/708
f 395/791/709 425/785/710 424/784/711 394/792/712
f 316/459/713 306/451/714 427/441/715 426/458/716
f 428/429/717 427/441/718 306/451/719 303/442/720
f 336/430/721 429/414/722 428/429/723 303/442/724
f 430/399/725 429/414/726 336/430/727 337/415/728
f 292/417/729 432/400/730 431/388/731 415/416/732
f 293/433/733 433/418/734 432/400/735 292/417/736
f 433/817/737 293/811/738 404/814/739 434/818/740
f 392/779/741 391/778/742 424/784/743 425/785/744
f 427/441/745 320/450/746 317/457/747 426/458/748
f 365/440/749 427/441/750 428/429/751 364/428/752
f 429/414/753 333/413/754 364/428/755 428/429/756
f 332/398/757 333/413/758 429/414/759 430/399/760
f 300/390/761 416/380/762 431/388/763 432/400/764
f 299/401/765 300/390/766 432/400/767 433/418/768
f 406/822/769 299/823/770 433/817/771 434/818/772
f 329/409/773 330/395/774 340/396/775 341/410/776
f 373/424/777 329/409/778 341/410/779 312/425/780
f 312/425/781 313/437/782 372/438/783 373/424/784
f 327/567/785 328/570/786 353/575/787
f 353/575/788 328/570/789 374/574/790 349/579/791
f 374/574/792 371/578/793 352/581/794 349/579/795
f 352/581/796 371/578/797 369/763/798 324/760/799
f 324/760/800 369/763/801 368/764/802 323/757/803
f 366/594/804 345/597/805 323/757/806 368/764/807
f 344/593/808 345/597/809 366/594/810 363/588/811
f 344/593/812 363/588/813 334/584/814 358/587/815
f 331/583/816 358/587/817 334/584/818
f 357/394/819 361/385/820 308/378/821 355/384/822
f 309/377/823 356/383/824 355/384/825 308/378/826
f 359/382/827 354/391/828 356/383/829 309/377/830
f 338/683/831 401/684/832 413/691/833 414/692/834
f 415/416/835 337/415/836 338/431/837 414/432/838
f 431/388/839 430/399/840 337/415/841 415/416/842
f 362/386/843 431/388/844 416/380/845 307/375/846
f 417/379/847 310/376/848 307/375/849 416/380/850
f 418/387/851 360/381/852 310/376/853 417/379/854
f 419/407/855 339/408/856 340/396/857 418/387/858
f 420/421/859 378/422/860 339/408/861 419/407/862
f 377/601/863 378/600/864 420/603/865 421/604/866
f 319/447/867 370/448/868 372/438/869 313/437/870
f 320/450/871 367/449/872 370/448/873 319/447/874
f 427/441/875 365/440/876 367/449/877 320/450/878
f 362/590/879 361/591/880 331/583/881 332/586/882
f 431/388/883 362/386/884 332/398/885 430/399/886
f 330/395/887 360/381/888 418/387/889 340/396/890
f 327/567/891 359/571/892 360/572/893 330/568/894
f 354/576/895 359/571/896 327/567/897 353/575/898
f 331/583/899 361/591/900 357/592/901 358/587/902
f 422/635/903 383/625/904 384/626/905 423/636/906
f 315/663/907 396/666/908 393/667/909 398/664/910
f 395/468/911 396/470/912 315/467/913 316/459/914
f 425/466/915 395/468/916 316/459/917 426/458/918
f 317/457/919 392/465/920 425/466/921 426/458/922
f 389/464/923 392/465/924 317/457/925 318/456/926
f 321/454/927 387/463/928 389/464/929 318/456/930
f 386/462/931 387/463/932 321/454/933 322/455/934
f 422/469/935 386/462/936 322/455/937 383/461/938
s 1
f 385/769/939 423/636/940 436/645/941 435/771/942
s 2
f 388/770/943 385/769/944 435/771/945 437/772/946
s 3
f 390/774/947 388/770/948 437/772/949 438/777/950
s 4
f 439/783/951 391/778/952 390/774/953 438/777/954
s 5
f 424/784/955 391/778/956 439/783/957 440/790/958
s 6
f 394/792/959 424/784/960 440/790/961 441/798/962
s 7
f 442/672/963 393/667/964 394/792/965 441/798/966
s 8
f 443/668/967 398/664/968 393/667/969 442/672/970
s 9
f 398/664/971 443/668/972 444/669/973 397/665/974
s 10
f 445/675/975 399/671/976 397/665/977 444/669/978
s 11
f 399/671/979 445/675/980 446/682/981 400/677/982
s 12
f 447/690/983 401/684/984 400/677/985 446/682/986
s 13
f 401/684/987 447/690/988 448/699/989 413/691/990
s 14
f 413/691/991 448/699/992 449/707/993 403/701/994
s 15
f 403/701/995 449/707/996 450/714/997 402/709/998
s 16
f 402/813/999 450/815/1000 451/816/1001 404/814/1002
s 17
f 452/821/1003 434/818/1004 404/814/1005 451/816/1006
s 18
f 453/827/1007 406/822/1008 434/818/1009 452/821/1010
s 19
f 406/822/1011 453/827/1012 454/834/1013 405/829/1014
s 20
f 455/841/1015 407/835/1016 405/829/1017 454/834/1018
s 21
f 407/835/1019 455/841/1020 456/847/1021 408/843/1022
s 22
f 408/843/1023 456/847/1024 457/627/1025 411/618/1026
s 23
f 458/619/1027 410/610/1028 411/618/1029 457/627/1030
s 24
f 459/611/1031 421/604/1032 410/610/1033 458/619/1034
s 25
f 460/605/1035 377/601/1036 421/604/1037 459/611/1038
s 26
f 377/601/1039 460/605/1040 461/606/1041 376/602/1042
s 27
f 376/602/1043 461/606/1044 462/614/1045 380/608/1046
s 28
f 380/608/1047 462/614/1048 463/624/1049 382/615/1050
s 29
f 382/615/1051 463/624/1052 464/634/1053 384/626/1054
s 30
f 384/626/1055 464/634/1056 436/645/1057 423/636/1058
s 1
f 436/645/941 466/652/1059 465/775/1060 435/771/942
s 2
f 435/771/945 465/775/1061 467/776/1062 437/772/946
s 3
f 437/772/949 467/776/1063 468/782/1064 438/777/950
s 4
f 469/789/1065 439/783/951 438/777/954 468/782/1066
s 5
f 439/783/957 469/789/1067 470/797/1068 440/790/958
s 6
f 440/790/961 470/797/1069 471/803/1070 441/798/962
s 7
f 472/678/1071 442/672/963 441/798/966 471/803/1072
s 8
f 473/673/1073 443/668/967 442/672/970 472/678/1074
s 9
f 443/668/972 473/673/1075 474/674/1076 444/669/973
s 10
f 475/681/1077 445/675/975 444/669/978 474/674/1078
s 11
f 445/675/980 475/681/1079 476/689/1080 446/682/981
s 12
f 477/698/1081 447/690/983 446/682/986 476/689/1082
s 13
f 447/690/988 477/698/1083 478/706/1084 448/699/989
s 14
f 448/699/992 478/706/1085 479/713/1086 449/707/993
s 15
f 449/707/996 479/713/1087 480/718/1088 450/714/997
s 16
f 450/815/1000 480/819/1089 481/820/1090 451/816/1001
s 17
f 482/826/1091 452/821/1003 451/816/1006 481/820/1092
s 18
f 483/833/1093 453/827/1007 452/821/1010 482/826/1094
s 19
f 453/827/1012 483/833/1095 484/840/1096 454/834/1013
s 20
f 485/846/1097 455/841/1015 454/834/1018 484/840/1098
s 21
f 455/841/1020 485/846/1099 486/851/1100 456/847/1021
s 22
f 456/847/1024 486/851/1101 487/637/1102 457/627/1025
s 23
f 488/628/1103 458/619/1027 457/627/1030 487/637/1104
s 24
f 489/620/1105 459/611/1031 458/619/1034 488/628/1106
s 25
f 490/612/1107 460/605/1035 459/611/1038 489/620/1108
s 26
f 460/605/1040 490/612/1109 491/613/1110 461/606/1041
s 27
f 461/606/1044 491/613/1111 492/623/1112 462/614/1045
s 28
f 462/614/1048 492/623/1113 493/633/1114 463/624/1049
s 29
f 463/624/1052 493/633/1115 494/644/1116 464/634/1053
s 30
f 464/634/1056 494/644/1117 466/652/1118 436/645/1057
s off
f 495/519/1119 496/505/1120 497/517/1121 498/531/1122
f 499/511/1123 500/498/1124 501/513/1125 502/524/1126
f 503/501/1127 504/490/1128 505/489/1129 506/502/1130
f 507/533/1131 508/541/1132 509/549/1133 510/542/1134
f 511/471/1135 512/472/1136 513/473/1137 514/474/1138
f 515/539/1139 516/528/1140 517/538/1141 518/547/1142
f 519/557/1143 520/550/1144 510/542/1145 509/549/1146
f 521/552/1147 522/553/1148 523/545/1149 524/543/1150
f 525/554/1151 526/555/1152 518/547/1153 517/538/1154
f 527/858/1155 528/859/1156 529/860/1157 530/861/1158
f 531/725/1159 532/726/1160 533/727/1161 534/728/1162
f 535/741/1163 536/742/1164 537/743/1165 538/744/1166
f 539/532/1167 540/521/1168 541/507/1169 542/520/1170
f 543/516/1171 544/500/1172 545/515/1173 546/529/1174
f 547/754/1175 548/751/1176 549/755/1177 550/756/1178
f 551/486/1179 552/485/1180 530/495/1181 529/496/1182
f 553/735/1183 554/738/1184 555/740/1185 556/739/1186
f 545/515/1187 516/528/1188 515/539/1189 546/529/1190
f 553/735/1191 557/729/1192 558/734/1193 554/738/1194
f 559/477/1195 552/485/1196 551/486/1197 560/478/1198
f 561/750/1199 562/749/1200 548/751/1201 547/754/1202
f 508/541/1203 507/533/1204 540/521/1205 539/532/1206
f 517/538/1207 523/545/1208 522/553/1209 525/554/1210
f 528/859/1211 556/739/1212 555/864/1213 529/860/1214
f 554/497/1215 551/486/1216 529/496/1217 555/510/1218
f 560/478/1219 551/486/1220 554/497/1221 558/487/1222
f 514/474/1223 513/473/1224 563/479/1225 564/480/1226
f 506/502/1227 505/489/1228 500/498/1229 499/511/1230
f 565/475/1231 512/472/1232 511/471/1233 566/476/1234
f 547/491/1235 552/485/1236 559/477/1237 561/483/1238
f 552/485/1239 547/491/1240 550/503/1241 530/495/1242
f 549/755/1243 527/858/1244 530/861/1245 550/865/1246
f 567/747/1247 538/744/1248 537/743/1249 568/748/1250
f 567/747/1251 568/748/1252 569/752/1253 570/753/1254
f 569/868/1255 571/866/1256 572/862/1257 570/753/1258
f 573/863/1259 572/862/1260 571/866/1261 574/867/1262
f 575/736/1263 573/863/1264 574/867/1265 576/869/1266
f 577/731/1267 578/730/1268 575/736/1269 576/737/1270
f 532/726/1271 578/730/1272 577/731/1273 533/727/1274
f 579/640/1275 580/631/1276 581/630/1277 582/641/1278
f 583/649/1279 584/642/1280 580/631/1281 579/640/1282
f 584/642/1283 583/649/1284 585/655/1285 586/650/1286
f 587/659/1287 588/656/1288 586/650/1289 585/655/1290
f 589/787/1291 590/794/1292 591/795/1293 592/786/1294
f 593/801/1295 594/793/1296 592/786/1297 591/795/1298
f 595/800/1299 594/793/1300 593/801/1301 596/804/1302
f 597/693/1303 598/808/1304 599/809/1305 600/810/1306
f 509/694/1307 601/687/1308 602/686/1309 519/695/1310
f 508/703/1311 603/696/1312 601/687/1313 509/694/1314
f 539/710/1315 604/704/1316 603/696/1317 508/703/1318
f 542/715/1319 605/711/1320 604/704/1321 539/710/1322
f 498/724/1323 606/723/1324 607/720/1325 495/722/1326
f 497/517/1327 608/831/1328 606/830/1329 498/837/1330
f 506/852/1331 609/849/1332 610/844/1333 503/848/1334
f 609/849/1335 506/852/1336 499/855/1337 611/853/1338
f 502/857/1339 612/856/1340 611/853/1341 499/855/1342
f 613/654/1343 614/647/1344 615/653/1345 616/658/1346
f 495/722/1347 607/720/1348 617/716/1349 618/719/1350
f 618/518/1351 619/506/1352 496/505/1353 495/519/1354
f 505/489/1355 504/490/1356 620/482/1357 621/481/1358
f 500/498/1359 505/489/1360 621/481/1361 622/488/1362
f 500/498/1363 622/488/1364 623/512/1365 501/513/1366
f 624/648/1367 625/639/1368 614/647/1369 613/654/1370
f 526/555/1371 587/564/1372 585/556/1373 518/547/1374
f 583/548/1375 515/539/1376 518/547/1377 585/556/1378
f 546/529/1379 515/539/1380 583/548/1381 579/540/1382
f 582/530/1383 543/516/1384 546/529/1385 579/540/1386
f 501/513/1387 623/512/1388 624/525/1389 613/526/1390
f 502/524/1391 501/513/1392 613/526/1393 616/536/1394
f 615/653/1395 612/856/1396 502/857/1397 616/658/1398
f 626/799/1399 590/794/1400 589/787/1401 627/660/1402
f 599/809/1403 598/808/1404 628/805/1405 629/807/1406
f 520/550/1407 630/551/1408 631/535/1409 510/542/1410
f 632/522/1411 507/533/1412 510/542/1413 631/535/1414
f 540/521/1415 507/533/1416 632/522/1417 633/508/1418
f 634/493/1419 541/507/1420 540/521/1421 633/508/1422
f 496/505/1423 619/506/1424 635/484/1425 636/492/1426
f 497/517/1427 496/505/1428 636/492/1429 637/504/1430
f 637/504/1431 638/838/1432 608/831/1433 497/517/1434
f 596/804/1435 629/807/1436 628/805/1437 595/800/1438
f 631/535/1439 630/551/1440 521/552/1441 524/543/1442
f 569/534/1443 568/523/1444 632/522/1445 631/535/1446
f 633/508/1447 632/522/1448 568/523/1449 537/509/1450
f 536/494/1451 634/493/1452 633/508/1453 537/509/1454
f 504/490/1455 636/492/1456 635/484/1457 620/482/1458
f 503/501/1459 637/504/1460 636/492/1461 504/490/1462
f 610/844/1463 638/838/1464 637/504/1465 503/848/1466
f 533/514/1467 545/515/1468 544/500/1469 534/499/1470
f 577/527/1471 516/528/1472 545/515/1473 533/514/1474
f 516/528/1475 577/527/1476 576/537/1477 517/538/1478
f 531/725/1479 557/729/1480 532/726/1481
f 557/729/1482 553/735/1483 578/730/1484 532/726/1485
f 578/730/1486 553/735/1487 556/739/1488 575/736/1489
f 556/739/1490 528/859/1491 573/863/1492 575/736/1493
f 528/859/1494 527/858/1495 572/862/1496 573/863/1497
f 570/753/1498 572/862/1499 527/858/1500 549/755/1501
f 548/751/1502 567/747/1503 570/753/1504 549/755/1505
f 548/751/1506 562/749/1507 538/744/1508 567/747/1509
f 535/741/1510 538/744/1511 562/749/1512
f 561/483/1513 559/477/1514 512/472/1515 565/475/1516
f 513/473/1517 512/472/1518 559/477/1519 560/478/1520
f 563/479/1521 513/473/1522 560/478/1523 558/487/1524
f 542/715/1525 618/719/1526 617/716/1527 605/711/1528
f 619/506/1529 618/518/1530 542/520/1531 541/507/1532
f 635/484/1533 619/506/1534 541/507/1535 634/493/1536
f 566/476/1537 511/471/1538 620/482/1539 635/484/1540
f 621/481/1541 620/482/1542 511/471/1543 514/474/1544
f 622/488/1545 621/481/1546 514/474/1547 564/480/1548
f 623/512/1549 622/488/1550 544/500/1551 543/516/1552
f 624/525/1553 623/512/1554 543/516/1555 582/530/1556
f 581/630/1557 625/639/1558 624/648/1559 582/641/1560
f 523/545/1561 517/538/1562 576/537/1563 574/546/1564
f 524/543/1565 523/545/1566 574/546/1567 571/544/1568
f 631/535/1569 524/543/1570 571/544/1571 569/534/1572
f 566/745/1573 536/742/1574 535/741/1575 565/746/1576
f 635/484/1577 634/493/1578 536/494/1579 566/476/1580
f 534/499/1581 544/500/1582 622/488/1583 564/480/1584
f 531/725/1585 534/728/1586 564/732/1587 563/733/1588
f 558/734/1589 557/729/1590 531/725/1591 563/733/1592
f 535/741/1593 562/749/1594 561/750/1595 565/746/1596
f 626/661/1597 627/660/1598 588/656/1599 587/659/1600
f 519/695/1601 602/686/1602 597/693/1603 600/702/1604
f 599/559/1605 520/550/1606 519/557/1607 600/565/1608
f 629/558/1609 630/551/1610 520/550/1611 599/559/1612
f 521/552/1613 630/551/1614 629/558/1615 596/560/1616
f 593/561/1617 522/553/1618 521/552/1619 596/560/1620
f 525/554/1621 522/553/1622 593/561/1623 591/562/1624
f 590/563/1625 526/555/1626 525/554/1627 591/562/1628
f 626/566/1629 587/564/1630 526/555/1631 590/563/1632
s 31
f 589/787/1633 639/780/1634 640/657/1635 627/660/1636
s 32
f 592/786/1637 641/781/1638 639/780/1639 589/787/1640
s 33
f 594/793/1641 642/788/1642 641/781/1643 592/786/1644
s 34
f 643/796/1645 642/788/1646 594/793/1647 595/800/1648
s 35
f 628/805/1649 644/802/1650 643/796/1651 595/800/1652
s 36
f 598/808/1653 645/806/1654 644/802/1655 628/805/1656
s 37
f 646/685/1657 645/806/1658 598/808/1659 597/693/1660
s 38
f 647/679/1661 646/685/1662 597/693/1663 602/686/1664
s 39
f 602/686/1665 601/687/1666 648/680/1667 647/679/1668
s 40
f 649/688/1669 648/680/1670 601/687/1671 603/696/1672
s 41
f 603/696/1673 604/704/1674 650/697/1675 649/688/1676
s 42
f 651/705/1677 650/697/1678 604/704/1679 605/711/1680
s 43
f 605/711/1681 617/716/1682 652/712/1683 651/705/1684
s 44
f 617/716/1685 607/720/1686 653/717/1687 652/712/1688
s 45
f 607/720/1689 606/723/1690 654/721/1691 653/717/1692
s 46
f 606/830/1693 608/831/1694 655/825/1695 654/824/1696
s 47
f 656/832/1697 655/825/1698 608/831/1699 638/838/1700
s 48
f 657/839/1701 656/832/1702 638/838/1703 610/844/1704
s 49
f 610/844/1705 609/849/1706 658/845/1707 657/839/1708
s 50
f 659/850/1709 658/845/1710 609/849/1711 611/853/1712
s 51
f 611/853/1713 612/856/1714 660/854/1715 659/850/1716
s 52
f 612/856/1717 615/653/1718 661/646/1719 660/854/1720
s 53
f 662/638/1721 661/646/1722 615/653/1723 614/647/1724
s 54
f 663/629/1725 662/638/1726 614/647/1727 625/639/1728
s 55
f 664/621/1729 663/629/1730 625/639/1731 581/630/1732
s 56
f 581/630/1733 580/631/1734 665/622/1735 664/621/1736
s 57
f 580/631/1737 584/642/1738 666/632/1739 665/622/1740
s 58
f 584/642/1741 586/650/1742 667/643/1743 666/632/1744
s 59
f 586/650/1745 588/656/1746 668/651/1747 667/643/1748
s 60
f 588/656/1749 627/660/1750 640/657/1751 668/651/1752
s 31
f 640/657/1635 639/780/1634 465/775/1753 466/652/1754
s 32
f 639/780/1639 641/781/1638 467/776/1755 465/775/1756
s 33
f 641/781/1643 642/788/1642 468/782/1757 467/776/1758
s 34
f 469/789/1759 468/782/1760 642/788/1646 643/796/1645
s 35
f 643/796/1651 644/802/1650 470/797/1761 469/789/1762
s 36
f 644/802/1655 645/806/1654 471/803/1763 470/797/1764
s 37
f 472/678/1765 471/803/1766 645/806/1658 646/685/1657
s 38
f 473/673/1767 472/678/1768 646/685/1662 647/679/1661
s 39
f 647/679/1668 648/680/1667 474/674/1769 473/673/1770
s 40
f 475/681/1771 474/674/1772 648/680/1670 649/688/1669
s 41
f 649/688/1676 650/697/1675 476/689/1773 475/681/1774
s 42
f 477/698/1775 476/689/1776 650/697/1678 651/705/1677
s 43
f 651/705/1684 652/712/1683 478/706/1777 477/698/1778
s 44
f 652/712/1688 653/717/1687 479/713/1779 478/706/1780
s 45
f 653/717/1692 654/721/1691 480/718/1781 479/713/1782
s 46
f 654/824/1696 655/825/1695 481/820/1783 480/819/1784
s 47
f 482/826/1785 481/820/1786 655/825/1698 656/832/1697
s 48
f 483/833/1787 482/826/1788 656/832/1702 657/839/1701
s 49
f 657/839/1708 658/845/1707 484/840/1789 483/833/1790
s 50
f 485/846/1791 484/840/1792 658/845/1710 659/850/1709
s 51
f 659/850/1716 660/854/1715 486/851/1793 485/846/1794
s 52
f 660/854/1720 661/646/1719 487/637/1795 486/851/1796
s 53
f 488/628/1797 487/637/1798 661/646/1722 662/638/1721
s 54
f 489/620/1799 488/628/1800 662/638/1726 663/629/1725
s 55
f 490/612/1801 489/620/1802 663/629/1730 664/621/1729
s 56
f 664/621/1736 665/622/1735 491/613/1803 490/612/1804
s 57
f 665/622/1740 666/632/1739 492/623/1805 491/613/1806
s 58
f 666/632/1744 667/643/1743 493/633/1807 492/623/1808
s 59
f 667/643/1748 668/651/1747 494/644/1809 493/633/1810
s 60
f 668/651/1752 640/657/1751 466/652/1811 494/644/1812
g default
v -7.823305 16.286135 7.823313
v -7.823305 15.065607 7.823313
v -7.653486 15.472449 7.649462
v -6.216895 15.065607 6.178749
v -6.216895 16.286135 6.178749
v -7.653486 15.879292 7.649462
v -6.999952 15.065607 6.980406
v -6.346419 15.472449 6.311349
v -6.999952 15.472449 6.980405
v -6.999952 15.472449 7.649259
v -6.999952 15.879292 7.649259
v -6.346419 15.879292 6.311349
v -6.999952 16.286135 6.980405
v -6.999952 15.879292 6.980405
v -6.346419 15.879292 7.649462
v -6.346419 15.472449 7.649462
v -7.649821 15.879292 -7.653861
v -6.980433 15.879292 -6.999989
v -6.980433 15.879292 -6.346043
v -7.654222 15.879292 -6.346043
v -6.980433 15.472449 -6.999989
v -7.649821 15.472449 -7.653861
v -7.654222 15.472449 -6.346043
v -6.980433 15.472449 -6.346043
v -6.178741 16.286135 -6.216895
v -6.980433 16.286135 -6.999989
v -6.178741 15.065607 -6.216895
v -7.823305 16.286135 -7.819599
v -6.311707 15.879292 -6.346795
v -7.823305 15.065607 -7.819599
v -6.311707 15.472449 -6.346795
v -6.980361 15.065607 -6.999916
v -6.337089 15.879292 -6.371587
v -6.336382 16.286135 -6.370863
v -6.371223 16.286135 6.336743
v -6.371223 15.879292 6.336743
v -6.371223 15.879292 7.649462
v -6.371223 15.472449 7.649462
v -6.371223 15.472449 6.336743
v -6.371224 15.065607 6.336743
v -6.336380 15.065607 -6.370861
v -6.337089 15.472449 -6.371587
v -6.216894 15.845863 6.178749
v -6.346419 15.845863 6.311349
v -6.346419 15.845863 7.649462
v -6.371223 15.845863 7.649462
v -6.999952 15.845863 7.649462
v -7.653486 15.845863 7.649462
v -7.823305 15.845863 7.823313
v -7.823305 15.845863 -7.819599
v -7.649821 15.845863 -7.653861
v -7.654222 15.845863 -6.346043
v -6.980433 15.845863 -6.346043
v -6.311707 15.845863 -6.346795
v -6.178740 15.845863 -6.216895
v -7.653486 15.497327 7.649461
v -6.999952 15.497327 7.649461
v -6.371223 15.497328 7.649462
v -6.346419 15.497327 7.649461
v -6.346419 15.497327 6.311349
v -6.216894 15.497328 6.178749
v -6.178739 15.497327 -6.216894
v -6.311707 15.497327 -6.346795
v -6.980433 15.497327 -6.346043
v -7.654222 15.497327 -6.346043
v -7.649821 15.497327 -7.653861
v -7.823305 15.497328 -7.819599
v -7.823305 15.497328 7.823313
v -6.999952 15.472449 7.636492
v -6.371223 15.472449 7.624014
v -6.346419 15.472449 7.623523
v -6.346418 15.497327 7.623522
v -6.346419 15.845863 7.623523
v -6.346419 15.879292 7.623523
v -6.371223 15.879292 7.624015
v -6.999952 15.879292 7.636492
v -6.999952 16.286135 6.942900
v -6.371223 16.286135 6.302696
v -6.216895 16.286135 6.145550
v -6.216894 15.845863 6.145551
v -6.216894 15.497328 6.145548
v -6.216895 15.065607 6.145547
v -6.371223 15.065607 6.302693
v -6.999952 15.065607 6.942897
v -7.823305 15.065607 7.781275
v -7.823305 15.497328 7.781278
v -7.823305 15.845863 7.781275
v -7.823305 16.286135 7.781275
v -7.801342 16.286135 -7.798611
v -7.801435 15.845863 -7.798706
v -7.801435 15.497328 -7.798706
v -7.801342 15.065607 -7.798611
v -7.801897 15.065607 7.759478
v -7.801897 15.065607 7.801397
v -7.801897 15.497328 7.801397
v -7.801897 15.845863 7.801397
v -7.801897 16.286135 7.801397
v -7.801897 16.286135 7.759477
v -6.216895 16.257456 6.178749
v -6.371223 16.257456 6.336743
v -6.999952 16.257456 6.980405
v -7.801897 16.257456 7.801397
v -7.823305 16.257456 7.823314
v -7.823305 16.257456 7.781275
v -7.823305 16.257456 -7.819599
v -7.801349 16.257456 -7.798618
v -6.980433 16.257456 -6.999989
v -6.336432 16.257456 -6.370914
v -6.178740 16.257456 -6.216895
v -6.216895 16.257456 6.145550
v -7.823305 15.083761 -7.819599
v -7.801347 15.083761 -7.798615
v -6.980364 15.083761 -6.999919
v -6.336411 15.083761 -6.370893
v -6.178741 15.083761 -6.216895
v -6.216895 15.083761 6.145547
v -6.216895 15.083761 6.178749
v -6.371224 15.083761 6.336743
v -6.999952 15.083761 6.980406
v -7.801897 15.083761 7.801397
v -7.823305 15.083761 7.823313
v -7.823305 15.083761 7.781275
v -7.823305 15.450750 -7.819599
v -7.801430 15.450750 -7.798701
v -6.980429 15.450750 -6.999985
v -6.337050 15.450750 -6.371548
v -6.178740 15.450750 -6.216895
v -6.216894 15.450750 6.145550
v -6.216894 15.450750 6.178749
v -6.322845 15.450750 6.287215
v -6.371223 15.450750 6.336743
v -6.999952 15.450750 6.980405
v -7.667273 15.450750 7.663576
v -7.801897 15.450750 7.801397
v -7.823305 15.450750 7.823313
v -7.823305 15.450750 7.781275
v -7.667273 15.907045 7.663576
v -6.999952 15.907045 6.980405
v -6.371223 15.907045 6.336743
v -6.322845 15.907045 6.287215
v -6.216894 15.907045 6.178749
v -6.216894 15.907045 6.145550
v -6.178740 15.907045 -6.216895
v -6.337041 15.907045 -6.371538
v -6.980433 15.907045 -6.999989
v -7.801429 15.907045 -7.798699
v -7.823305 15.907045 -7.819599
v -7.823305 15.907045 7.781275
v -7.823305 15.907045 7.823313
v -7.801897 15.907045 7.801397
v -7.613915 15.879292 7.649462
v -6.999952 15.879292 7.020131
v -6.371223 15.879292 6.366298
v -6.346419 15.879292 6.342412
v -6.346419 15.845863 6.342412
v -6.346419 15.497327 6.342412
v -6.346419 15.472449 6.342412
v -6.371223 15.472449 6.366298
v -6.999952 15.472449 7.020131
v -7.613915 15.472449 7.649462
v -7.613915 15.497327 7.649461
v -7.613915 15.845863 7.649462
v -7.663229 16.286135 -7.666627
v -7.663277 16.257456 -7.666676
v -7.663859 15.907045 -7.667269
v -7.663905 15.845863 -7.667316
v -7.663905 15.497327 -7.667316
v -7.663869 15.450750 -7.667279
v -7.663259 15.083761 -7.666658
v -7.663229 15.065607 -7.666627
v -7.667273 15.065607 7.622399
v -7.667273 15.065607 7.663576
v -7.667273 15.083761 7.663576
v -7.667273 15.497327 7.663575
v -7.667273 15.845863 7.663576
v -7.667273 16.257456 7.663576
v -7.667273 16.286135 7.663576
v -7.667273 16.286135 7.622396
v -6.286906 15.065607 -6.322537
v -6.286933 15.083761 -6.322565
v -6.287475 15.450750 -6.323120
v -6.287506 15.497327 -6.323153
v -6.287507 15.845863 -6.323153
v -6.287466 15.907045 -6.323111
v -6.286948 16.257456 -6.322580
v -6.286906 16.286135 -6.322537
v -6.322845 16.286135 6.253431
v -6.322845 16.286135 6.287215
v -6.322845 16.257456 6.287215
v -6.322845 15.845863 6.287215
v -6.322845 15.497327 6.287215
v -6.322845 15.083761 6.287216
v -6.322845 15.065607 6.287216
v -6.322845 15.065607 6.253434
v -7.594706 15.472449 7.629772
v -7.633039 15.472449 7.628529
v -7.633039 15.450750 7.628529
v -7.633039 15.083761 7.628529
v -7.633039 15.065607 7.628529
v -7.633039 15.065607 7.587541
v -7.628162 15.065607 -7.632675
v -7.628195 15.083761 -7.632708
v -7.628840 15.450750 -7.633364
v -7.628878 15.472449 -7.633403
v -7.633142 15.472449 -6.346043
v -7.633142 15.497327 -6.346043
v -7.633142 15.845863 -6.346043
v -7.633142 15.879292 -6.346043
v -7.628878 15.879292 -7.633403
v -7.628829 15.907045 -7.633354
v -7.628215 16.257456 -7.632728
v -7.628165 16.286135 -7.632678
v -7.633039 16.286135 7.587538
v -7.633039 16.286135 7.628529
v -7.633039 16.257456 7.628529
v -7.633039 15.907045 7.628529
v -7.633039 15.879292 7.628529
v -7.594706 15.879292 7.629772
v -6.240711 16.286135 6.203131
v -6.240711 16.286135 6.169801
v -6.203054 16.286135 -6.240642
v -6.203064 16.257456 -6.240651
v -6.203180 15.907045 -6.240770
v -6.203189 15.845863 -6.240780
v -6.203188 15.497327 -6.240779
v -6.203182 15.450750 -6.240773
v -6.203061 15.083761 -6.240648
v -6.203054 15.065607 -6.240642
v -6.240711 15.065607 6.169799
v -6.240711 15.065607 6.203131
v -6.240711 15.083761 6.203131
v -6.240710 15.450750 6.203131
v -6.240710 15.497328 6.203131
v -6.240710 15.845863 6.203131
v -6.240710 15.907045 6.203131
v -6.240711 16.257456 6.203131
v -6.335440 15.879292 -6.351944
v -6.980433 15.879292 -6.975855
v -7.629035 15.879292 -7.614640
v -7.649983 15.879292 -7.634343
v -7.649984 15.845863 -7.634342
v -7.649983 15.497327 -7.634343
v -7.649984 15.472449 -7.634342
v -7.629035 15.472449 -7.614639
v -6.980433 15.472449 -6.975855
v -6.341841 15.472449 -6.346795
v -6.337061 15.497327 -6.346762
v -6.333416 15.845863 -6.346766
v -6.178928 16.286135 -6.186289
v -6.178927 16.257456 -6.186290
v -6.178927 15.907045 -6.186289
v -6.178927 15.845863 -6.186290
v -6.178927 15.497327 -6.186288
v -6.178927 15.450750 -6.186290
v -6.178928 15.083761 -6.186290
v -6.178928 15.065607 -6.186289
v -6.203239 15.065607 -6.209920
v -6.287083 15.065607 -6.291412
v -6.336551 15.065607 -6.339498
v -6.980457 15.065607 -6.965456
v -7.628186 15.065607 -7.595099
v -7.663249 15.065607 -7.628886
v -7.801345 15.065607 -7.760220
v -7.823305 15.065607 -7.781104
v -7.823305 15.083761 -7.781103
v -7.823305 15.450750 -7.781103
v -7.823305 15.497328 -7.781104
v -7.823305 15.845863 -7.781104
v -7.823305 15.907045 -7.781104
v -7.823305 16.257456 -7.781103
v -7.823305 16.286135 -7.781103
v -7.801345 16.286135 -7.760219
v -7.663249 16.286135 -7.628885
v -7.628189 16.286135 -7.595103
v -6.980529 16.286135 -6.965529
v -6.336554 16.286135 -6.339500
v -6.287083 16.286135 -6.291413
v -6.203240 16.286135 -6.209919
v -6.355725 15.879292 -6.371567
v -6.980433 15.879292 -6.370869
v -7.633091 15.879292 -6.361449
v -7.654191 15.879292 -6.355556
v -7.654179 15.845863 -6.356578
v -7.654181 15.497327 -6.356090
v -7.654194 15.472449 -6.354829
v -7.633113 15.472449 -6.354879
v -6.980433 15.472449 -6.356470
v -6.366311 15.472449 -6.370900
v -6.207403 16.286135 3.062591
v -6.207403 16.257456 3.062590
v -6.207402 15.907045 3.062591
v -6.207402 15.845863 3.062591
v -6.207402 15.497328 3.062589
v -6.207402 15.450750 3.062590
v -6.207403 15.083761 3.062588
v -6.207403 15.065607 3.062588
v -6.231343 15.065607 3.074869
v -6.313904 15.065607 3.117222
v -6.362556 15.065607 3.142146
v -6.995078 15.065607 3.465809
v -7.631825 15.065607 3.791881
v -7.666266 15.065607 3.809578
v -7.801759 15.065607 3.879553
v -7.823305 15.065607 3.890681
v -7.823305 15.083761 3.890681
v -7.823305 15.450750 3.890681
v -7.823305 15.497328 3.890682
v -7.823305 15.845863 3.890680
v -7.823305 15.907045 3.890681
v -7.823305 16.257456 3.890681
v -7.823305 16.286135 3.890681
v -7.801759 16.286135 3.879553
v -7.666266 16.286135 3.809576
v -7.631826 16.286135 3.791878
v -6.995096 16.286135 3.465793
v -6.362556 16.286135 3.142147
v -6.313904 16.286135 3.117220
v -6.231343 16.286135 3.074871
v -6.197911 16.286135 -0.020366
v -6.197911 16.257456 -0.020367
v -6.197910 15.907045 -0.020366
v -6.197910 15.845863 -0.020367
v -6.197910 15.497328 -0.020367
v -6.197910 15.450750 -0.020367
v -6.197911 15.083761 -0.020369
v -6.197911 15.065607 -0.020368
v -6.221975 15.065607 -0.020058
v -6.304964 15.065607 -0.018986
v -6.353888 15.065607 -0.018399
v -6.990204 15.065607 -0.011276
v -7.630612 15.065607 -0.003776
v -7.665260 15.065607 -0.003240
v -7.801621 15.065607 -0.000367
v -7.823305 15.065607 0.000089
v -7.823304 15.083761 0.000090
v -7.823304 15.450750 0.000090
v -7.823305 15.497328 0.000091
v -7.823304 15.845863 0.000090
v -7.823305 15.907045 0.000089
v -7.823304 16.257456 0.000090
v -7.823304 16.286135 0.000090
v -7.801621 16.286135 -0.000367
v -7.665260 16.286135 -0.003241
v -7.630614 16.286135 -0.003779
v -6.990240 16.286135 -0.011311
v -6.353889 16.286135 -0.018399
v -6.304964 16.286135 -0.018988
v -6.221975 16.286135 -0.020056
v -6.188420 16.286135 -3.103328
v -6.188419 16.257456 -3.103329
v -6.188419 15.907045 -3.103328
v -6.188418 15.845863 -3.103328
v -6.188418 15.497327 -3.103328
v -6.188418 15.450750 -3.103329
v -6.188419 15.083761 -3.103329
v -6.188420 15.065607 -3.103328
v -6.212607 15.065607 -3.114989
v -6.296023 15.065607 -3.155199
v -6.345220 15.065607 -3.178948
v -6.985331 15.065607 -3.488366
v -7.629399 15.065607 -3.799438
v -7.664254 15.065607 -3.816063
v -7.801483 15.065607 -3.880294
v -7.823305 15.065607 -3.890507
v -7.823304 15.083761 -3.890507
v -7.823304 15.450750 -3.890507
v -7.823305 15.497328 -3.890507
v -7.823304 15.845863 -3.890507
v -7.823305 15.907045 -3.890507
v -7.823304 16.257456 -3.890507
v -7.823304 16.286135 -3.890507
v -7.801483 16.286135 -3.880293
v -7.664254 16.286135 -3.816063
v -7.629402 16.286135 -3.799441
v -6.985384 16.286135 -3.488420
v -6.345221 16.286135 -3.178950
v -6.296023 16.286135 -3.155200
v -6.212607 16.286135 -3.114987
vt 0.842137 0.620538
vt 0.841797 0.620537
vt 0.842022 0.547472
vt 0.842362 0.547473
vt 0.841912 0.693602
vt 0.841572 0.693601
vt 0.834905 0.620515
vt 0.835130 0.547451
vt 0.842365 0.546751
vt 0.842024 0.546750
vt 0.841687 0.766666
vt 0.841347 0.766665
vt 0.834680 0.693579
vt 0.834030 0.620513
vt 0.834255 0.547449
vt 0.835132 0.546728
vt 0.841462 0.839730
vt 0.841121 0.839729
vt 0.834455 0.766643
vt 0.833805 0.693577
vt 0.827484 0.620493
vt 0.827709 0.547428
vt 0.834257 0.546726
vt 0.841119 0.840518
vt 0.841460 0.840519
vt 0.834230 0.839707
vt 0.833580 0.766641
vt 0.827259 0.693557
vt 0.826335 0.620489
vt 0.826560 0.547425
vt 0.827712 0.546705
vt 0.834227 0.840497
vt 0.833355 0.839705
vt 0.827034 0.766621
vt 0.826110 0.693553
vt 0.819755 0.620469
vt 0.819980 0.547405
vt 0.826563 0.546702
vt 0.833352 0.840494
vt 0.826809 0.839685
vt 0.825885 0.766617
vt 0.819530 0.693533
vt 0.819216 0.620467
vt 0.819441 0.547403
vt 0.819982 0.546682
vt 0.826807 0.840474
vt 0.825660 0.839681
vt 0.819305 0.766597
vt 0.818991 0.693531
vt 0.819444 0.546680
vt 0.825658 0.840471
vt 0.819080 0.839661
vt 0.818766 0.766595
vt 0.819077 0.840450
vt 0.818541 0.839659
vt 0.818539 0.840449
vt 0.773655 0.836604
vt 0.780200 0.836604
vt 0.780200 0.837091
vt 0.773655 0.837091
vt 0.773655 0.812545
vt 0.780200 0.812545
vt 0.780828 0.836604
vt 0.780828 0.837091
vt 0.773187 0.836604
vt 0.773187 0.837091
vt 0.773187 0.812545
vt 0.773655 0.811961
vt 0.780200 0.811961
vt 0.780828 0.812545
vt 0.773187 0.811961
vt 0.773655 0.811508
vt 0.780200 0.811508
vt 0.780828 0.811961
vt 0.772780 0.811508
vt 0.773655 0.809929
vt 0.780200 0.809929
vt 0.781349 0.811508
vt 0.772780 0.809929
vt 0.773187 0.812438
vt 0.772780 0.812438
vt 0.780200 0.809471
vt 0.773655 0.809471
vt 0.781349 0.809929
vt 0.781349 0.812438
vt 0.780828 0.812438
vt 0.765888 0.809929
vt 0.765888 0.811508
vt 0.772780 0.809471
vt 0.772780 0.824526
vt 0.773187 0.824526
vt 0.765888 0.812438
vt 0.781349 0.809471
vt 0.773655 0.808848
vt 0.780200 0.808848
vt 0.787929 0.809929
vt 0.787929 0.811508
vt 0.781349 0.824526
vt 0.780828 0.824526
vt 0.787929 0.812438
vt 0.765888 0.809471
vt 0.765547 0.809929
vt 0.765547 0.811508
vt 0.772780 0.808848
vt 0.765888 0.824526
vt 0.773187 0.836698
vt 0.772780 0.836698
vt 0.765547 0.812438
vt 0.781349 0.808848
vt 0.787929 0.809471
vt 0.773655 0.750951
vt 0.780200 0.750951
vt 0.788468 0.809929
vt 0.788468 0.811508
vt 0.787929 0.824526
vt 0.781349 0.836698
vt 0.780828 0.836698
vt 0.788468 0.812438
vt 0.765548 0.809471
vt 0.765888 0.808848
vt 0.772780 0.750951
vt 0.765547 0.824526
vt 0.765888 0.836698
vt 0.772780 0.837356
vt 0.773187 0.837091
vt 0.781349 0.750951
vt 0.787929 0.808848
vt 0.788467 0.809471
vt 0.773655 0.693053
vt 0.780200 0.693053
vt 0.788468 0.824526
vt 0.787929 0.836698
vt 0.781349 0.837356
vt 0.780828 0.837091
vt 0.765547 0.808848
vt 0.765888 0.750951
vt 0.772780 0.693053
vt 0.765547 0.836698
vt 0.765888 0.837356
vt 0.773655 0.837091
vt 0.773655 0.837356
vt 0.781349 0.693053
vt 0.787929 0.750951
vt 0.788468 0.808848
vt 0.773655 0.635156
vt 0.780200 0.635156
vt 0.788468 0.836698
vt 0.787929 0.837356
vt 0.780200 0.837356
vt 0.780200 0.837091
vt 0.765547 0.750951
vt 0.765888 0.693053
vt 0.772780 0.635156
vt 0.765547 0.837356
vt 0.765888 0.839944
vt 0.772780 0.839944
vt 0.773655 0.839944
vt 0.781349 0.635156
vt 0.787929 0.693053
vt 0.788468 0.750951
vt 0.773655 0.577259
vt 0.780200 0.577259
vt 0.788468 0.837356
vt 0.781349 0.839944
vt 0.787929 0.839944
vt 0.780200 0.839944
vt 0.765547 0.693053
vt 0.765888 0.635156
vt 0.772780 0.577259
vt 0.765547 0.839944
vt 0.765888 0.840356
vt 0.772780 0.840356
vt 0.773655 0.840356
vt 0.781349 0.577259
vt 0.787929 0.635156
vt 0.788468 0.693053
vt 0.780200 0.576684
vt 0.773655 0.576684
vt 0.788468 0.839944
vt 0.781349 0.840356
vt 0.787929 0.840356
vt 0.780200 0.840356
vt 0.765547 0.635156
vt 0.765888 0.577259
vt 0.772780 0.576684
vt 0.765547 0.840356
vt 0.781349 0.576684
vt 0.787929 0.577259
vt 0.788468 0.635156
vt 0.773655 0.576236
vt 0.780200 0.576236
vt 0.788468 0.840356
vt 0.765547 0.577258
vt 0.765888 0.576684
vt 0.772780 0.576236
vt 0.787929 0.576684
vt 0.781349 0.576236
vt 0.788468 0.577258
vt 0.773655 0.574689
vt 0.780200 0.574689
vt 0.765548 0.576684
vt 0.765888 0.576238
vt 0.772780 0.574689
vt 0.788467 0.576684
vt 0.787929 0.576238
vt 0.781349 0.574689
vt 0.780200 0.574245
vt 0.773655 0.574245
vt 0.765547 0.576238
vt 0.765888 0.574700
vt 0.773187 0.574245
vt 0.788468 0.576238
vt 0.787929 0.574699
vt 0.780828 0.574245
vt 0.765547 0.574700
vt 0.765888 0.573792
vt 0.772780 0.573780
vt 0.773187 0.573779
vt 0.788468 0.574700
vt 0.781349 0.573780
vt 0.787929 0.573792
vt 0.780828 0.573779
vt 0.765547 0.573793
vt 0.772780 0.561978
vt 0.765888 0.561979
vt 0.773187 0.561978
vt 0.788468 0.573793
vt 0.787929 0.561978
vt 0.781349 0.561978
vt 0.780828 0.561978
vt 0.765547 0.561979
vt 0.765888 0.550096
vt 0.772780 0.550083
vt 0.773187 0.550083
vt 0.788468 0.561978
vt 0.781349 0.550083
vt 0.787929 0.550095
vt 0.780828 0.550083
vt 0.765547 0.550096
vt 0.765888 0.549458
vt 0.772780 0.549446
vt 0.773187 0.549698
vt 0.788468 0.550096
vt 0.781349 0.549446
vt 0.787929 0.549458
vt 0.780828 0.549698
vt 0.765547 0.549459
vt 0.765888 0.546980
vt 0.772780 0.546978
vt 0.773655 0.549446
vt 0.773655 0.549698
vt 0.788468 0.549459
vt 0.781349 0.546978
vt 0.787929 0.546980
vt 0.780200 0.549698
vt 0.780200 0.549446
vt 0.765547 0.546980
vt 0.772780 0.546586
vt 0.765888 0.546586
vt 0.773655 0.546978
vt 0.773655 0.550065
vt 0.773187 0.550065
vt 0.788468 0.546980
vt 0.780200 0.546978
vt 0.787929 0.546586
vt 0.781349 0.546586
vt 0.780828 0.550065
vt 0.780200 0.550065
vt 0.765547 0.546586
vt 0.773655 0.546586
vt 0.773655 0.574070
vt 0.773187 0.574094
vt 0.788468 0.546586
vt 0.780200 0.546586
vt 0.780828 0.574080
vt 0.780200 0.574061
vt 0.773655 0.574259
vt 0.773187 0.574259
vt 0.780828 0.574259
vt 0.780200 0.574259
vt 0.818806 0.620658
vt 0.819028 0.547794
vt 0.818584 0.693521
vt 0.816225 0.621856
vt 0.816427 0.550252
vt 0.819443 0.546680
vt 0.819030 0.547073
vt 0.818362 0.766385
vt 0.816023 0.693459
vt 0.815570 0.622166
vt 0.815766 0.550885
vt 0.816428 0.549544
vt 0.818141 0.839249
vt 0.815822 0.765063
vt 0.815373 0.693447
vt 0.803457 0.627970
vt 0.803567 0.562670
vt 0.815768 0.550179
vt 0.818138 0.840036
vt 0.818539 0.840449
vt 0.815620 0.836666
vt 0.815176 0.764729
vt 0.803347 0.693269
vt 0.791417 0.633744
vt 0.791437 0.574390
vt 0.803567 0.562023
vt 0.815618 0.837440
vt 0.814979 0.836010
vt 0.803237 0.758568
vt 0.791397 0.693099
vt 0.790492 0.634188
vt 0.790505 0.575290
vt 0.791436 0.573801
vt 0.814977 0.836780
vt 0.803128 0.823867
vt 0.791377 0.752453
vt 0.790478 0.693085
vt 0.788923 0.634938
vt 0.788926 0.576816
vt 0.790504 0.574705
vt 0.803125 0.824571
vt 0.791357 0.811808
vt 0.790465 0.751983
vt 0.788920 0.693060
vt 0.788924 0.576239
vt 0.791355 0.812447
vt 0.790452 0.810880
vt 0.788917 0.751182
vt 0.790450 0.811514
vt 0.788914 0.809305
vt 0.788912 0.809931
vt 0.735209 0.620658
vt 0.734799 0.620467
vt 0.734574 0.547403
vt 0.734988 0.547794
vt 0.735431 0.693521
vt 0.735024 0.693531
vt 0.734986 0.547073
vt 0.734572 0.546680
vt 0.737790 0.621856
vt 0.737589 0.550252
vt 0.735653 0.766385
vt 0.735249 0.766595
vt 0.737992 0.693459
vt 0.737587 0.549543
vt 0.738446 0.622166
vt 0.738249 0.550885
vt 0.735874 0.839249
vt 0.735474 0.839659
vt 0.738193 0.765063
vt 0.738642 0.693447
vt 0.738247 0.550179
vt 0.750450 0.562672
vt 0.750559 0.627971
vt 0.735476 0.840449
vt 0.735877 0.840036
vt 0.738395 0.836666
vt 0.738839 0.764729
vt 0.750669 0.693269
vt 0.750449 0.562025
vt 0.762598 0.633744
vt 0.762578 0.574390
vt 0.738397 0.837440
vt 0.739035 0.836010
vt 0.750778 0.758568
vt 0.762618 0.693099
vt 0.762580 0.573801
vt 0.763510 0.575290
vt 0.763523 0.634188
vt 0.739038 0.836780
vt 0.750887 0.823867
vt 0.762638 0.752453
vt 0.763537 0.693085
vt 0.763511 0.574705
vt 0.765092 0.634938
vt 0.765089 0.576816
vt 0.750889 0.824571
vt 0.762658 0.811808
vt 0.763550 0.751983
vt 0.765095 0.693060
vt 0.765091 0.576239
vt 0.762660 0.812447
vt 0.763563 0.810880
vt 0.765098 0.751182
vt 0.763565 0.811514
vt 0.765101 0.809305
vt 0.765103 0.809931
vt 0.409294 0.030006
vt 0.420491 0.019077
vt 0.421220 0.019076
vt 0.409317 0.030710
vt 0.409167 0.019080
vt 0.432499 0.007523
vt 0.433042 0.007523
vt 0.408933 0.031086
vt 0.408933 0.030359
vt 0.408933 0.019080
vt 0.409393 0.007530
vt 0.432937 0.007067
vt 0.433508 0.007067
vt 0.408929 0.007530
vt 0.409402 0.007074
vt 0.408929 0.007074
vt 0.401097 0.030006
vt 0.401074 0.030710
vt 0.389171 0.019075
vt 0.389901 0.019076
vt 0.401458 0.031086
vt 0.401458 0.030359
vt 0.377894 0.007521
vt 0.377351 0.007521
vt 0.401224 0.019080
vt 0.401459 0.019080
vt 0.400999 0.007530
vt 0.376885 0.007065
vt 0.377455 0.007065
vt 0.401463 0.007530
vt 0.400990 0.007074
vt 0.401463 0.007074
vt 0.434035 0.018335
vt 0.422306 0.030244
vt 0.421961 0.030242
vt 0.433592 0.018335
vt 0.445143 0.018335
vt 0.445316 0.030319
vt 0.421586 0.030626
vt 0.421944 0.030629
vt 0.445130 0.006522
vt 0.445130 0.006865
vt 0.445599 0.030320
vt 0.445599 0.018335
vt 0.445424 0.030706
vt 0.445545 0.006492
vt 0.445592 0.006056
vt 0.445599 0.030707
vt 0.465077 0.018335
vt 0.476707 0.030241
vt 0.476363 0.030244
vt 0.464634 0.018335
vt 0.476724 0.030629
vt 0.477083 0.030626
vt 0.453232 0.030319
vt 0.453261 0.018335
vt 0.453526 0.007059
vt 0.453538 0.006522
vt 0.453231 0.030706
vt 0.453069 0.030320
vt 0.453069 0.018335
vt 0.453076 0.006610
vt 0.453076 0.006056
vt 0.453069 0.030707
vt 0.401916 0.031086
vt 0.401916 0.030359
vt 0.408319 0.030359
vt 0.408319 0.031086
vt 0.401916 0.019080
vt 0.408319 0.019080
vt 0.401916 0.007530
vt 0.408319 0.007530
vt 0.401916 0.007074
vt 0.408319 0.007074
vt 0.452613 0.030320
vt 0.446213 0.030320
vt 0.446213 0.018335
vt 0.452613 0.018335
vt 0.446213 0.030707
vt 0.452613 0.030707
vt 0.446213 0.006455
vt 0.452613 0.006522
vt 0.452613 0.006056
vt 0.446213 0.006056
vn 0.000000 1.000000 -0.000000
vn 0.000000 1.000000 -0.000000
vn 0.000000 1.000000 0.000000
vn 0.000000 1.000000 -0.000000
vn -1.000000 0.000027 0.000000
vn -1.000000 0.000027 0.000000
vn -1.000000 0.000027 0.000000
vn -1.000000 0.000027 0.000000
vn 0.000000 -1.000000 0.000000
vn 0.000000 -1.000000 0.000000
vn 0.000000 -1.000000 0.000000
vn 0.000000 -1.000000 0.000000
vn 0.715364 0.000000 0.698752
vn 0.715364 0.000000 0.698752
vn 0.715364 0.000000 0.698752
vn 0.715364 0.000000 0.698752
vn 0.715360 -0.000000 0.698756
vn 0.715360 -0.000000 0.698756
vn 0.715360 -0.000000 0.698756
vn 0.715360 -0.000000 0.698756
vn -1.000000 0.000001 0.000000
vn -1.000000 0.000001 0.000000
vn -1.000000 0.000001 0.000000
vn -1.000000 0.000001 0.000000
vn 0.715342 0.000000 0.698774
vn 0.715342 0.000000 0.698774
vn 0.715342 0.000000 0.698774
vn 0.715342 0.000000 0.698774
vn -1.000000 0.000001 0.000000
vn -1.000000 0.000001 0.000000
vn -1.000000 0.000001 0.000000
vn -1.000000 0.000001 0.000000
vn 0.000000 -1.000000 0.000000
vn 0.000000 -1.000000 0.000000
vn 0.000000 -1.000000 0.000000
vn 0.000000 -1.000000 0.000000
vn 0.715357 0.000000 0.698759
vn 0.715357 0.000000 0.698759
vn 0.715357 0.000000 0.698759
vn 0.715357 0.000000 0.698759
vn 0.000000 -0.000002 1.000000
vn 0.000000 -0.000002 1.000000
vn 0.000000 -0.000002 1.000000
vn 0.000000 -0.000002 1.000000
vn 0.715357 0.000000 0.698759
vn 0.715357 0.000000 0.698759
vn 0.715357 0.000000 0.698759
vn 0.715357 0.000000 0.698759
vn 0.000000 1.000000 -0.000000
vn 0.000000 1.000000 0.000000
vn 0.000000 1.000000 -0.000000
vn 0.000000 1.000000 -0.000000
vn 0.000000 -1.000000 0.000000
vn 0.000000 -1.000000 -0.000000
vn 0.000000 -1.000000 -0.000000
vn 0.000000 -1.000000 -0.000000
vn 0.715358 0.000000 0.698759
vn 0.715358 0.000000 0.698759
vn 0.715358 0.000000 0.698759
vn 0.715358 0.000000 0.698759
vn 0.715356 0.000000 0.698761
vn 0.715356 0.000000 0.698761
vn 0.715356 0.000000 0.698761
vn 0.715356 0.000000 0.698761
vn 0.715352 0.000003 0.698765
vn 0.715352 0.000003 0.698765
vn 0.715352 0.000003 0.698765
vn 0.715352 0.000003 0.698765
vn 0.000000 1.000000 -0.000000
vn 0.000000 1.000000 -0.000000
vn 0.000000 1.000000 0.000000
vn 0.000000 1.000000 0.000000
vn 1.000000 0.000002 0.000009
vn 1.000000 0.000002 0.000009
vn 1.000000 0.000002 0.000009
vn 1.000000 0.000002 0.000009
vn 0.000000 1.000000 -0.000005
vn 0.000000 1.000000 -0.000005
vn 0.000000 1.000000 -0.000005
vn 0.000000 1.000000 -0.000005
vn 0.000000 -1.000000 0.000000
vn 0.000000 -1.000000 0.000000
vn 0.000000 -1.000000 0.000000
vn 0.000000 -1.000000 0.000000
vn 0.715340 -0.000029 0.698777
vn 0.715340 -0.000029 0.698777
vn 0.715340 -0.000029 0.698777
vn 0.715340 -0.000029 0.698777
vn 0.000000 -1.000000 0.000000
vn 0.000000 -1.000000 0.000000
vn 0.000000 -1.000000 0.000000
vn 0.000000 -1.000000 0.000000
vn 0.000000 1.000000 -0.000000
vn 0.000000 1.000000 -0.000000
vn 0.000000 1.000000 -0.000000
vn 0.000000 1.000000 -0.000000
vn 0.715357 0.000000 0.698759
vn 0.715357 0.000000 0.698759
vn 0.715357 0.000000 0.698759
vn 0.715357 0.000000 0.698759
vn 0.000000 -1.000000 0.000000
vn 0.000000 -1.000000 0.000000
vn 0.000000 -1.000000 0.000000
vn 0.000000 -1.000000 0.000000
vn 0.000028 -0.000001 1.000000
vn 0.000028 -0.000001 1.000000
vn 0.000028 -0.000001 1.000000
vn 0.000028 -0.000001 1.000000
vn 0.000000 1.000000 0.000000
vn 0.000000 1.000000 0.000000
vn 0.000000 1.000000 0.000000
vn 0.000000 1.000000 0.000000
vn 0.000000 -1.000000 0.000000
vn 0.000000 -1.000000 0.000000
vn 0.000000 -1.000000 0.000000
vn 0.000000 -1.000000 0.000000
vn 0.000000 1.000000 0.000000
vn 0.000000 1.000000 0.000000
vn 0.000000 1.000000 0.000000
vn 0.000000 1.000000 0.000000
vn 0.000000 1.000000 -0.000017
vn 0.000000 1.000000 -0.000017
vn 0.000000 1.000000 -0.000017
vn 0.000000 1.000000 -0.000017
vn 0.999981 0.000000 0.006131
vn 0.999981 0.000000 0.006131
vn 0.999981 0.000000 0.006131
vn 0.999981 0.000000 0.006131
vn 0.999981 0.000000 0.006131
vn 0.999981 0.000000 0.006131
vn 0.999981 0.000000 0.006131
vn 0.999981 0.000000 0.006131
vn 0.999981 -0.000054 0.006131
vn 0.999981 -0.000054 0.006131
vn 0.999981 -0.000054 0.006131
vn 0.999981 -0.000054 0.006131
vn 0.000000 -1.000000 0.000038
vn 0.000000 -1.000000 0.000038
vn 0.000000 -1.000000 0.000038
vn 0.000000 -1.000000 0.000038
vn 0.000000 1.000000 0.000000
vn 0.000000 1.000000 0.000000
vn 0.000000 1.000000 0.000000
vn 0.000000 1.000000 0.000000
vn -1.000000 0.000000 0.000000
vn -1.000000 0.000000 0.000000
vn -1.000000 0.000000 0.000000
vn -1.000000 0.000000 0.000000
vn -1.000000 0.000000 0.000000
vn -1.000000 0.000000 0.000000
vn -1.000000 0.000000 0.000000
vn -1.000000 0.000000 0.000000
vn 0.698763 0.000032 -0.715353
vn 0.698763 0.000032 -0.715353
vn 0.698763 0.000032 -0.715353
vn 0.698763 0.000032 -0.715353
vn -1.000000 0.000000 0.000000
vn -1.000000 0.000000 0.000000
vn -1.000000 0.000000 0.000000
vn -1.000000 0.000000 0.000000
vn 0.698807 0.000001 -0.715311
vn 0.698807 0.000001 -0.715311
vn 0.698807 0.000001 -0.715311
vn 0.698807 0.000001 -0.715311
vn 0.698723 -0.000028 -0.715392
vn 0.698723 -0.000028 -0.715392
vn 0.698723 -0.000028 -0.715392
vn 0.698723 -0.000028 -0.715392
vn 0.000000 0.000000 -1.000000
vn 0.000000 0.000000 -1.000000
vn 0.000000 0.000000 -1.000000
vn 0.000000 0.000000 -1.000000
vn 0.999965 0.000000 0.008318
vn 0.999965 0.000000 0.008318
vn 0.999965 0.000000 0.008318
vn 0.999965 0.000000 0.008318
vn 0.690828 0.000006 -0.723019
vn 0.690828 0.000006 -0.723019
vn 0.690828 0.000006 -0.723019
vn 0.690828 0.000006 -0.723019
vn 0.690772 -0.000002 -0.723072
vn 0.690772 -0.000002 -0.723072
vn 0.690772 -0.000002 -0.723072
vn 0.690772 -0.000002 -0.723072
vn 0.690873 -0.000027 -0.722976
vn 0.690873 -0.000027 -0.722976
vn 0.690873 -0.000027 -0.722976
vn 0.690873 -0.000027 -0.722976
vn 0.000000 1.000000 0.000035
vn 0.000000 1.000000 0.000035
vn 0.000000 1.000000 0.000035
vn 0.000000 1.000000 0.000035
vn 0.000000 -1.000000 0.000000
vn 0.000000 -1.000000 0.000000
vn 0.000000 -1.000000 0.000000
vn 0.000000 -1.000000 0.000000
vn 0.000000 -1.000000 -0.000035
vn 0.000000 -1.000000 -0.000035
vn 0.000000 -1.000000 -0.000035
vn 0.000000 -1.000000 -0.000035
vn 0.698759 0.000027 -0.715358
vn 0.698759 0.000027 -0.715358
vn 0.698759 0.000027 -0.715358
vn 0.698759 0.000027 -0.715358
vn 0.698783 -0.000033 -0.715334
vn 0.698783 -0.000033 -0.715334
vn 0.698783 -0.000033 -0.715334
vn 0.698783 -0.000033 -0.715334
vn 0.000000 -1.000000 0.000000
vn 0.000000 -1.000000 0.000000
vn 0.000000 -1.000000 0.000000
vn 0.000000 -1.000000 0.000000
vn -0.001337 0.000002 -0.999999
vn -0.001337 0.000002 -0.999999
vn -0.001337 0.000002 -0.999999
vn -0.001337 0.000002 -0.999999
vn 0.000000 1.000000 0.000000
vn 0.000000 1.000000 0.000000
vn 0.000000 1.000000 0.000000
vn 0.000000 1.000000 0.000000
vn 0.698761 0.000029 -0.715355
vn 0.698761 0.000029 -0.715355
vn 0.698761 0.000029 -0.715355
vn 0.698761 0.000029 -0.715355
vn 0.000000 1.000000 -0.000004
vn 0.000000 1.000000 -0.000004
vn 0.000000 1.000000 -0.000004
vn 0.000000 1.000000 -0.000004
vn 0.000000 1.000000 -0.000000
vn 0.000000 1.000000 -0.000000
vn 0.000000 1.000000 -0.000001
vn 0.000000 1.000000 -0.000001
vn 0.715357 0.000000 0.698759
vn 0.715357 0.000000 0.698759
vn 0.715357 0.000000 0.698759
vn 0.715357 0.000000 0.698759
vn 0.000000 1.000000 0.000000
vn 0.000000 1.000000 0.000000
vn 0.000000 1.000000 0.000000
vn 0.000000 1.000000 0.000000
vn -0.000001 -0.000001 1.000000
vn -0.000001 -0.000001 1.000000
vn -0.000001 -0.000001 1.000000
vn -0.000001 -0.000001 1.000000
vn 0.000000 -1.000000 0.000000
vn 0.000000 -1.000000 0.000000
vn 0.000000 -1.000000 0.000000
vn 0.000000 -1.000000 0.000000
vn 0.715341 0.000000 0.698775
vn 0.715341 0.000000 0.698775
vn 0.715341 0.000000 0.698775
vn 0.715341 0.000000 0.698775
vn 0.000000 -1.000000 -0.000000
vn 0.000000 -1.000000 0.000000
vn 0.000000 -1.000000 0.000000
vn 0.000000 -1.000000 0.000000
vn 0.000000 -1.000000 -0.000028
vn 0.000000 -1.000000 -0.000028
vn 0.000000 -1.000000 -0.000028
vn 0.000000 -1.000000 -0.000028
vn 0.698806 -0.000025 -0.715311
vn 0.698806 -0.000025 -0.715311
vn 0.698806 -0.000025 -0.715311
vn 0.698806 -0.000025 -0.715311
vn 0.715353 0.000000 0.698764
vn 0.715353 0.000000 0.698764
vn 0.715353 0.000000 0.698764
vn 0.715353 0.000000 0.698764
vn 1.000000 0.000000 0.000000
vn 1.000000 0.000000 0.000000
vn 1.000000 0.000000 0.000000
vn 1.000000 0.000000 0.000000
vn 0.000000 0.000000 1.000000
vn 0.000000 0.000000 1.000000
vn 0.000000 0.000000 1.000000
vn 0.000000 0.000000 1.000000
vn -0.000162 0.003038 0.999995
vn -0.000162 0.003038 0.999995
vn -0.000162 0.003038 0.999995
vn -0.000162 0.003038 0.999995
vn 0.000000 0.000000 1.000000
vn 0.000000 0.000000 1.000000
vn 0.000000 0.000000 1.000000
vn 0.000000 0.000000 1.000000
vn 0.715350 -0.000003 0.698766
vn 0.715350 -0.000003 0.698766
vn 0.715350 -0.000003 0.698766
vn 0.715350 -0.000003 0.698766
vn -1.000000 -0.000008 0.000000
vn -1.000000 -0.000008 0.000000
vn -1.000000 -0.000008 0.000000
vn -1.000000 -0.000008 0.000000
vn 0.999965 0.000000 0.008318
vn 0.999965 0.000000 0.008318
vn 0.999965 0.000000 0.008318
vn 0.999965 0.000000 0.008318
vn 0.000000 0.000000 -1.000000
vn 0.000000 0.000000 -1.000000
vn 0.000000 0.000000 -1.000000
vn 0.000000 0.000000 -1.000000
vn 0.111649 -0.073383 -0.991035
vn 0.111649 -0.073383 -0.991035
vn 0.111649 -0.073383 -0.991035
vn 0.111649 -0.073383 -0.991035
vn 0.000015 0.000029 1.000000
vn 0.000015 0.000029 1.000000
vn 0.000015 0.000029 1.000000
vn 0.000015 0.000029 1.000000
vn -0.000162 -0.004073 0.999992
vn -0.000162 -0.004073 0.999992
vn -0.000162 -0.004073 0.999992
vn -0.000162 -0.004073 0.999992
vn 0.000010 0.000010 1.000000
vn 0.000010 0.000010 1.000000
vn 0.000010 0.000010 1.000000
vn 0.000010 0.000010 1.000000
vn 1.000000 -0.000023 0.000009
vn 1.000000 -0.000023 0.000009
vn 1.000000 -0.000023 0.000009
vn 1.000000 -0.000023 0.000009
vn 0.999981 -0.000003 0.006131
vn 0.999981 -0.000003 0.006131
vn 0.999981 -0.000003 0.006131
vn 0.999981 -0.000003 0.006131
vn 0.698809 0.000000 -0.715308
vn 0.698809 0.000000 -0.715308
vn 0.698809 0.000000 -0.715308
vn 0.698809 0.000000 -0.715308
vn -0.000605 0.000729 -1.000000
vn -0.000605 0.000729 -1.000000
vn -0.000605 0.000729 -1.000000
vn -0.000605 0.000729 -1.000000
vn 0.000000 0.000000 -1.000000
vn 0.000000 0.000000 -1.000000
vn 0.000000 0.000000 -1.000000
vn 0.000000 0.000000 -1.000000
vn 0.999965 0.000000 0.008318
vn 0.999965 0.000000 0.008318
vn 0.999965 0.000000 0.008318
vn 0.999965 0.000000 0.008318
vn 0.690783 0.000000 -0.723063
vn 0.690783 0.000000 -0.723063
vn 0.690783 0.000000 -0.723063
vn 0.690783 0.000000 -0.723063
vn -1.000000 0.000000 0.000000
vn -1.000000 0.000000 0.000000
vn -1.000000 0.000000 0.000000
vn -1.000000 0.000000 0.000000
vn 0.000000 -1.000000 0.000000
vn 0.000000 -1.000000 0.000000
vn 0.000000 -1.000000 0.000000
vn 0.000000 -1.000000 0.000000
vn 0.000000 -1.000000 0.000000
vn 0.000000 -1.000000 0.000000
vn 0.000000 -1.000000 0.000000
vn 0.000000 -1.000000 0.000000
vn 1.000000 0.000000 0.000000
vn 1.000000 0.000000 0.000000
vn 1.000000 0.000000 0.000000
vn 1.000000 0.000000 0.000000
vn 1.000000 0.000000 0.000000
vn 1.000000 0.000000 0.000000
vn 1.000000 0.000000 0.000000
vn 1.000000 0.000000 0.000000
vn 1.000000 0.000000 0.000000
vn 1.000000 0.000000 0.000000
vn 1.000000 0.000000 0.000000
vn 1.000000 0.000000 0.000000
vn 0.000000 1.000000 0.000000
vn 0.000000 1.000000 0.000000
vn 0.000000 1.000000 0.000000
vn 0.000000 1.000000 0.000000
vn 0.000000 1.000000 0.000000
vn 0.000000 1.000000 0.000000
vn 0.000000 1.000000 0.000000
vn 0.000000 1.000000 0.000000
vn 0.000000 1.000000 0.000000
vn 0.000000 1.000000 0.000000
vn 0.000000 1.000000 0.000000
vn 0.000000 1.000000 0.000000
vn 0.000000 1.000000 0.000000
vn 0.000000 1.000000 0.000000
vn 0.000000 1.000000 0.000000
vn 0.000000 1.000000 0.000000
vn 0.000000 1.000000 0.000000
vn 0.000000 1.000000 0.000000
vn 0.000000 1.000000 0.000000
vn 0.000000 1.000000 0.000000
vn 0.000000 1.000000 0.000000
vn 0.000000 1.000000 0.000000
vn 0.000000 1.000000 0.000000
vn 0.000000 1.000000 0.000000
vn 1.000000 0.000001 0.000000
vn 1.000000 0.000001 0.000000
vn 1.000000 0.000001 0.000000
vn 1.000000 0.000001 0.000000
vn 1.000000 -0.000000 0.000000
vn 1.000000 -0.000000 0.000000
vn 1.000000 -0.000000 0.000000
vn 1.000000 -0.000000 0.000000
vn 1.000000 0.000000 0.000000
vn 1.000000 0.000000 0.000000
vn 1.000000 0.000000 0.000000
vn 1.000000 0.000000 0.000000
vn 1.000000 0.000000 0.000000
vn 1.000000 0.000000 0.000000
vn 1.000000 0.000000 0.000000
vn 1.000000 0.000000 0.000000
vn 0.000000 -1.000000 0.000000
vn 0.000000 -1.000000 0.000000
vn 0.000000 -1.000000 0.000000
vn 0.000000 -1.000000 0.000000
vn 0.000000 -1.000000 0.000000
vn 0.000000 -1.000000 0.000000
vn 0.000000 -1.000000 0.000000
vn 0.000000 -1.000000 0.000000
vn 0.000000 -1.000000 0.000000
vn 0.000000 -1.000000 0.000000
vn 0.000000 -1.000000 0.000000
vn 0.000000 -1.000000 0.000000
vn 0.000000 -1.000000 0.000000
vn 0.000000 -1.000000 0.000000
vn 0.000000 -1.000000 0.000000
vn 0.000000 -1.000000 0.000000
vn 0.000000 -1.000000 0.000000
vn 0.000000 -1.000000 0.000000
vn 0.000000 -1.000000 0.000000
vn 0.000000 -1.000000 0.000000
vn -1.000000 0.000000 0.000000
vn -1.000000 0.000000 0.000000
vn -1.000000 0.000000 0.000000
vn -1.000000 0.000000 0.000000
vn -1.000000 -0.000002 0.000000
vn -1.000000 -0.000002 0.000000
vn -1.000000 -0.000002 0.000000
vn -1.000000 -0.000002 0.000000
vn -1.000000 -0.000002 0.000000
vn -1.000000 -0.000002 0.000000
vn -1.000000 -0.000002 0.000000
vn -1.000000 -0.000002 0.000000
vn -1.000000 0.000000 0.000000
vn -1.000000 0.000000 0.000000
vn -1.000000 0.000000 0.000000
vn -1.000000 0.000000 0.000000
vn 0.000000 1.000000 0.000000
vn 0.000000 1.000000 0.000000
vn 0.000000 1.000000 0.000000
vn 0.000000 1.000000 0.000000
vn 0.000000 1.000000 0.000000
vn 0.000000 1.000000 0.000000
vn 0.000000 1.000000 0.000000
vn 0.000000 1.000000 0.000000
vn 0.690831 0.000041 -0.723016
vn 0.690831 0.000041 -0.723016
vn 0.690831 0.000041 -0.723016
vn 0.690831 0.000041 -0.723016
vn 0.690782 -0.000002 -0.723063
vn 0.690782 -0.000002 -0.723063
vn 0.690782 -0.000002 -0.723063
vn 0.690782 -0.000002 -0.723063
vn 0.690767 -0.000013 -0.723077
vn 0.690767 -0.000013 -0.723077
vn 0.690767 -0.000013 -0.723077
vn 0.690767 -0.000013 -0.723077
vn 0.690865 -0.000034 -0.722984
vn 0.690865 -0.000034 -0.722984
vn 0.690865 -0.000034 -0.722984
vn 0.690865 -0.000034 -0.722984
vn 0.000000 -1.000000 0.000000
vn 0.000000 -1.000000 0.000000
vn 0.000000 -1.000000 0.000000
vn 0.000000 -1.000000 0.000000
vn 0.000000 -1.000000 -0.000000
vn 0.000000 -1.000000 -0.000000
vn 0.000000 -1.000000 -0.000000
vn 0.000000 -1.000000 -0.000000
vn 0.000000 -1.000000 0.000000
vn 0.000000 -1.000000 0.000000
vn 0.000000 -1.000000 0.000000
vn 0.000000 -1.000000 0.000000
vn 0.715351 0.000000 0.698765
vn 0.715351 0.000000 0.698765
vn 0.715351 0.000000 0.698765
vn 0.715351 0.000000 0.698765
vn 0.715357 0.000000 0.698759
vn 0.715358 0.000000 0.698759
vn 0.715357 0.000000 0.698759
vn 0.715357 0.000000 0.698759
vn 0.715353 0.000000 0.698763
vn 0.715353 0.000000 0.698763
vn 0.715353 0.000000 0.698763
vn 0.715353 0.000000 0.698763
vn 0.715356 0.000000 0.698761
vn 0.715356 0.000000 0.698761
vn 0.715356 0.000000 0.698761
vn 0.715356 0.000000 0.698761
vn 0.000000 1.000000 0.000000
vn 0.000000 1.000000 0.000000
vn 0.000000 1.000000 0.000000
vn 0.000000 1.000000 0.000000
vn 0.000000 1.000000 0.000000
vn 0.000000 1.000000 -0.000000
vn 0.000000 1.000000 -0.000000
vn 0.000000 1.000000 0.000000
vn 0.715346 -0.000018 0.698770
vn 0.715346 -0.000018 0.698770
vn 0.715346 -0.000018 0.698770
vn 0.715346 -0.000018 0.698770
vn 0.715362 0.000000 0.698754
vn 0.715362 0.000000 0.698754
vn 0.715362 0.000000 0.698754
vn 0.715362 0.000000 0.698754
vn 0.715359 0.000000 0.698757
vn 0.715359 0.000000 0.698757
vn 0.715359 0.000000 0.698757
vn 0.715359 0.000000 0.698757
vn 0.715342 0.000000 0.698775
vn 0.715342 0.000000 0.698775
vn 0.715342 0.000000 0.698775
vn 0.715342 0.000000 0.698775
vn 0.715350 0.000000 0.698767
vn 0.715350 0.000000 0.698767
vn 0.715350 0.000000 0.698767
vn 0.715350 0.000000 0.698767
vn 0.715368 0.000006 0.698748
vn 0.715368 0.000006 0.698748
vn 0.715368 0.000006 0.698748
vn 0.715368 0.000006 0.698748
vn -1.000000 0.000000 0.000000
vn -1.000000 0.000000 0.000000
vn -1.000000 0.000000 0.000000
vn -1.000000 0.000000 0.000000
vn -1.000000 0.000000 0.000000
vn -1.000000 0.000000 0.000000
vn -1.000000 0.000000 0.000000
vn -1.000000 0.000000 0.000000
vn -1.000000 0.000000 0.000000
vn -1.000000 0.000000 0.000000
vn -1.000000 0.000000 0.000000
vn -1.000000 0.000000 0.000000
vn 0.690879 0.000017 -0.722971
vn 0.690878 0.000017 -0.722971
vn 0.690879 0.000017 -0.722971
vn 0.690879 0.000017 -0.722971
vn 0.690877 0.000044 -0.722973
vn 0.690877 0.000044 -0.722973
vn 0.690877 0.000044 -0.722973
vn 0.690877 0.000044 -0.722973
vn 0.698758 0.000000 -0.715358
vn 0.698758 0.000000 -0.715358
vn 0.698758 0.000000 -0.715358
vn 0.698758 0.000000 -0.715358
vn 0.698772 0.000037 -0.715345
vn 0.698772 0.000037 -0.715345
vn 0.698772 0.000037 -0.715345
vn 0.698772 0.000037 -0.715345
vn 0.698710 0.000035 -0.715405
vn 0.698710 0.000035 -0.715405
vn 0.698710 0.000035 -0.715405
vn 0.698710 0.000035 -0.715405
vn 0.999981 0.000034 0.006131
vn 0.999981 0.000034 0.006131
vn 0.999981 0.000034 0.006131
vn 0.999981 0.000034 0.006131
vn 1.000000 0.000000 0.000000
vn 1.000000 0.000000 0.000000
vn 1.000000 0.000000 0.000000
vn 1.000000 0.000000 0.000000
vn -1.000000 0.000000 0.000000
vn -1.000000 0.000000 0.000000
vn -1.000000 0.000000 0.000000
vn -1.000000 0.000000 0.000000
vn 0.690831 -0.000005 -0.723017
vn 0.690831 -0.000005 -0.723017
vn 0.690831 -0.000005 -0.723017
vn 0.690831 -0.000005 -0.723017
vn 0.690834 -0.000044 -0.723013
vn 0.690834 -0.000044 -0.723013
vn 0.690834 -0.000044 -0.723013
vn 0.690834 -0.000044 -0.723013
vn 0.698759 -0.000028 -0.715357
vn 0.698759 -0.000028 -0.715357
vn 0.698759 -0.000028 -0.715357
vn 0.698759 -0.000028 -0.715357
vn 0.698759 -0.000032 -0.715357
vn 0.698759 -0.000032 -0.715357
vn 0.698759 -0.000032 -0.715357
vn 0.698759 -0.000032 -0.715357
vn 0.698758 -0.000032 -0.715358
vn 0.698758 -0.000032 -0.715358
vn 0.698758 -0.000032 -0.715358
vn 0.698758 -0.000032 -0.715358
vn 0.999981 -0.000001 0.006123
vn 0.999981 -0.000001 0.006123
vn 0.999981 -0.000001 0.006123
vn 0.999981 -0.000001 0.006123
vn 1.000000 -0.000001 0.000000
vn 1.000000 -0.000001 0.000000
vn 1.000000 -0.000001 0.000000
vn 1.000000 -0.000001 0.000000
vn 0.715354 0.000000 0.698762
vn 0.715354 0.000000 0.698762
vn 0.715354 0.000000 0.698762
vn 0.715354 0.000000 0.698762
vn 0.715358 0.000000 0.698759
vn 0.715358 0.000000 0.698758
vn 0.715358 0.000000 0.698759
vn 0.715358 0.000000 0.698758
vn 0.715358 0.000001 0.698758
vn 0.715358 0.000001 0.698758
vn 0.715358 0.000001 0.698758
vn 0.715358 0.000001 0.698758
vn 0.715358 0.000001 0.698759
vn 0.715358 0.000001 0.698759
vn 0.715358 0.000001 0.698759
vn 0.715358 0.000001 0.698759
vn 0.715355 0.000000 0.698761
vn 0.715355 0.000000 0.698761
vn 0.715355 0.000000 0.698761
vn 0.715355 0.000000 0.698761
vn 0.715350 0.000000 0.698767
vn 0.715350 0.000000 0.698767
vn 0.715350 0.000000 0.698767
vn 0.715350 0.000000 0.698767
vn -1.000000 0.000000 0.000000
vn -1.000000 0.000000 0.000000
vn -1.000000 0.000000 0.000000
vn -1.000000 0.000000 0.000000
vn -1.000000 0.000000 0.000000
vn -1.000000 0.000000 0.000000
vn -1.000000 0.000000 0.000000
vn -1.000000 0.000000 0.000000
vn 0.698763 -0.000028 -0.715353
vn 0.698763 -0.000028 -0.715353
vn 0.698763 -0.000028 -0.715353
vn 0.698763 -0.000028 -0.715353
vn 0.698757 -0.000021 -0.715359
vn 0.698757 -0.000021 -0.715359
vn 0.698757 -0.000021 -0.715359
vn 0.698757 -0.000021 -0.715359
vn 1.000000 0.000000 0.000000
vn 1.000000 0.000000 0.000000
vn 1.000000 0.000000 0.000000
vn 1.000000 0.000000 0.000000
vn 0.715345 0.000000 0.698772
vn 0.715345 0.000000 0.698772
vn 0.715345 0.000000 0.698772
vn 0.715345 0.000000 0.698772
vn 0.715372 0.000013 0.698744
vn 0.715372 0.000013 0.698744
vn 0.715372 0.000013 0.698744
vn 0.715372 0.000013 0.698744
vn 0.715344 0.000000 0.698773
vn 0.715344 0.000000 0.698773
vn 0.715344 0.000000 0.698773
vn 0.715344 0.000000 0.698773
vn 0.715348 0.000000 0.698769
vn 0.715348 0.000000 0.698769
vn 0.715348 0.000000 0.698769
vn 0.715348 0.000000 0.698769
vn 0.715357 0.000000 0.698759
vn 0.715357 0.000000 0.698759
vn 0.715357 0.000000 0.698759
vn 0.715357 0.000000 0.698759
vn 0.715339 0.000000 0.698777
vn 0.715339 0.000000 0.698777
vn 0.715339 0.000000 0.698777
vn 0.715339 0.000000 0.698777
vn -1.000000 0.000015 0.000000
vn -1.000000 0.000015 0.000000
vn -1.000000 0.000015 0.000000
vn -1.000000 0.000015 0.000000
vn -1.000000 -0.000011 0.000000
vn -1.000000 -0.000011 0.000000
vn -1.000000 -0.000011 0.000000
vn -1.000000 -0.000011 0.000000
vn 0.715358 0.000000 0.698758
vn 0.715358 0.000000 0.698758
vn 0.715358 0.000000 0.698758
vn 0.715358 0.000000 0.698758
vn 0.715362 0.000000 0.698755
vn 0.715362 0.000000 0.698755
vn 0.715362 0.000000 0.698755
vn 0.715362 0.000000 0.698755
vn 0.715342 0.000021 0.698774
vn 0.715342 0.000021 0.698774
vn 0.715342 0.000021 0.698774
vn 0.715342 0.000021 0.698774
vn 0.999981 0.000008 0.006131
vn 0.999981 0.000008 0.006131
vn 0.999981 0.000008 0.006131
vn 0.999981 0.000008 0.006131
vn 0.698809 0.000008 -0.715309
vn 0.698809 0.000008 -0.715309
vn 0.698809 0.000008 -0.715309
vn 0.698809 0.000008 -0.715309
vn 0.698757 0.000038 -0.715360
vn 0.698757 0.000038 -0.715360
vn 0.698757 0.000038 -0.715360
vn 0.698757 0.000038 -0.715360
vn 0.698754 0.000019 -0.715362
vn 0.698754 0.000019 -0.715362
vn 0.698754 0.000019 -0.715362
vn 0.698754 0.000019 -0.715362
vn 0.690788 0.000031 -0.723057
vn 0.690788 0.000031 -0.723057
vn 0.690788 0.000031 -0.723057
vn 0.690788 0.000031 -0.723057
vn 0.690796 0.000008 -0.723050
vn 0.690796 0.000008 -0.723049
vn 0.690796 0.000008 -0.723050
vn 0.690796 0.000008 -0.723050
vn -1.000000 0.000000 0.000000
vn -1.000000 0.000000 0.000000
vn -1.000000 0.000000 0.000000
vn -1.000000 0.000000 0.000000
vn 0.000000 1.000000 0.000000
vn 0.000000 1.000000 0.000000
vn 0.000000 1.000000 0.000000
vn 0.000000 1.000000 0.000000
vn 0.000000 1.000000 0.000000
vn 0.000000 1.000000 0.000000
vn 0.000000 1.000000 0.000000
vn 0.000000 1.000000 0.000000
vn 0.000000 1.000000 0.000000
vn 0.000000 1.000000 0.000000
vn 0.000000 1.000000 0.000000
vn 1.000000 0.000000 0.000000
vn 1.000000 0.000000 0.000000
vn 1.000000 0.000000 0.000000
vn 1.000000 0.000000 0.000000
vn 1.000000 0.000002 -0.000000
vn 1.000000 0.000002 -0.000000
vn 1.000000 0.000002 -0.000000
vn 1.000000 0.000002 -0.000000
vn 1.000000 -0.000030 -0.000000
vn 1.000000 -0.000030 -0.000000
vn 1.000000 -0.000030 -0.000000
vn 1.000000 -0.000030 -0.000000
vn 0.000000 -1.000000 0.000000
vn 0.000000 -1.000000 0.000000
vn 0.000000 -1.000000 0.000000
vn 0.000000 -1.000000 0.000000
vn 0.000000 -1.000000 0.000000
vn 0.000000 -1.000000 0.000000
vn 0.000000 -1.000000 0.000000
vn 0.000000 -1.000000 0.000000
vn 0.000000 -1.000000 0.000000
vn 0.000000 -1.000000 0.000000
vn 0.000000 -1.000000 0.000000
vn 0.000165 -0.004054 0.999992
vn 0.000165 -0.004054 0.999992
vn 0.000165 -0.004054 0.999992
vn 0.000165 -0.004054 0.999992
vn 0.000000 -0.000002 1.000000
vn 0.000000 -0.000002 1.000000
vn 0.000000 -0.000002 1.000000
vn 0.000000 -0.000002 1.000000
vn 0.000166 0.003038 0.999995
vn 0.000166 0.003038 0.999995
vn 0.000166 0.003038 0.999995
vn 0.000166 0.003038 0.999995
vn 0.695602 0.000035 -0.718428
vn 0.695602 0.000035 -0.718428
vn 0.695602 0.000035 -0.718428
vn 0.695602 0.000035 -0.718428
vn 0.695602 0.000063 -0.718428
vn 0.695602 0.000063 -0.718428
vn 0.695602 0.000063 -0.718428
vn 0.695602 0.000063 -0.718428
vn 0.696792 0.002986 -0.717268
vn 0.696792 0.002986 -0.717268
vn 0.696792 0.002986 -0.717268
vn 0.696791 0.002986 -0.717268
vn 0.690790 0.000000 -0.723056
vn 0.690790 0.000000 -0.723056
vn 0.690790 0.000000 -0.723056
vn 0.690790 0.000000 -0.723056
vn 0.690762 -0.000032 -0.723083
vn 0.690762 -0.000032 -0.723083
vn 0.690762 -0.000032 -0.723083
vn 0.690762 -0.000032 -0.723083
vn 0.695595 -0.000061 -0.718434
vn 0.695595 -0.000061 -0.718434
vn 0.695595 -0.000061 -0.718434
vn 0.695595 -0.000061 -0.718434
vn 0.695583 -0.000052 -0.718446
vn 0.695583 -0.000052 -0.718446
vn 0.695583 -0.000052 -0.718446
vn 0.695583 -0.000052 -0.718446
vn 0.000000 -1.000000 0.000000
vn 0.000000 -1.000000 0.000000
vn 0.000000 -1.000000 0.000000
vn 0.000000 -1.000000 0.000000
vn 0.000000 -1.000000 0.000000
vn 0.000000 -1.000000 0.000000
vn 0.000000 -1.000000 0.000000
vn 0.000000 -1.000000 0.000000
vn 0.715351 0.000000 0.698765
vn 0.715351 0.000000 0.698765
vn 0.715351 0.000000 0.698765
vn 0.715351 0.000000 0.698765
vn 0.715356 0.000000 0.698760
vn 0.715356 0.000000 0.698760
vn 0.715356 0.000000 0.698760
vn 0.715356 0.000000 0.698760
vn 0.715324 0.000011 0.698793
vn 0.715324 0.000011 0.698793
vn 0.715324 0.000011 0.698793
vn 0.715324 0.000011 0.698793
vn 0.715349 -0.000001 0.698767
vn 0.715349 -0.000001 0.698767
vn 0.715349 -0.000001 0.698767
vn 0.715349 -0.000001 0.698767
vn 0.715352 0.000000 0.698764
vn 0.715352 0.000000 0.698764
vn 0.715352 0.000000 0.698764
vn 0.715352 0.000000 0.698764
vn 0.715363 0.000000 0.698753
vn 0.715363 0.000000 0.698753
vn 0.715363 0.000000 0.698753
vn 0.715363 0.000000 0.698753
vn 0.715346 0.000000 0.698770
vn 0.715346 0.000000 0.698770
vn 0.715346 0.000000 0.698770
vn 0.715346 0.000000 0.698770
vn 0.000000 1.000000 0.000000
vn 0.000000 1.000000 0.000000
vn 0.000000 1.000000 0.000000
vn 0.000000 1.000000 0.000000
vn 0.000000 1.000000 0.000000
vn 0.000000 1.000000 -0.000000
vn 0.000000 1.000000 -0.000000
vn 0.000000 1.000000 0.000000
vn 0.000000 -1.000000 0.000028
vn 0.000000 -1.000000 0.000028
vn 0.000000 -1.000000 0.000028
vn 0.000000 -1.000000 0.000028
vn 0.698726 -0.000047 -0.715389
vn 0.698727 -0.000047 -0.715389
vn 0.698727 -0.000047 -0.715389
vn 0.698727 -0.000047 -0.715389
vn 0.698759 -0.000055 -0.715357
vn 0.698759 -0.000055 -0.715357
vn 0.698759 -0.000055 -0.715357
vn 0.698759 -0.000055 -0.715357
vn 0.698818 0.000001 -0.715299
vn 0.698818 0.000001 -0.715299
vn 0.698818 0.000001 -0.715299
vn 0.698818 0.000001 -0.715300
vn 0.698783 0.000102 -0.715334
vn 0.698783 0.000102 -0.715334
vn 0.698783 0.000102 -0.715334
vn 0.698783 0.000102 -0.715334
vn 0.698760 0.000054 -0.715356
vn 0.698760 0.000054 -0.715356
vn 0.698760 0.000054 -0.715356
vn 0.698760 0.000054 -0.715356
vn 0.698750 0.000060 -0.715366
vn 0.698750 0.000060 -0.715366
vn 0.698750 0.000060 -0.715366
vn 0.698750 0.000060 -0.715366
vn 0.000000 1.000000 0.000000
vn 0.000000 1.000000 0.000000
vn 0.000000 1.000000 0.000000
vn 0.000000 1.000000 0.000000
vn 0.715354 0.000000 0.698762
vn 0.715354 0.000000 0.698762
vn 0.715354 0.000000 0.698762
vn 0.715354 0.000000 0.698762
vn 0.715350 0.000000 0.698766
vn 0.715350 0.000000 0.698766
vn 0.715350 0.000000 0.698766
vn 0.715350 0.000000 0.698766
vn 0.715329 0.000000 0.698788
vn 0.715329 0.000000 0.698788
vn 0.715329 0.000000 0.698788
vn 0.715329 0.000000 0.698788
vn 0.000000 -1.000000 0.000000
vn 0.000000 -1.000000 0.000000
vn 0.000000 -1.000000 0.000000
vn 0.000000 -1.000000 0.000000
vn 0.715368 -0.000018 0.698747
vn 0.715368 -0.000018 0.698748
vn 0.715368 -0.000018 0.698748
vn 0.715368 -0.000018 0.698747
vn 0.000000 -1.000000 0.000000
vn 0.000000 -1.000000 0.000000
vn 0.000000 -1.000000 0.000000
vn 0.000000 -1.000000 0.000000
vn 0.000000 1.000000 -0.000024
vn 0.000000 1.000000 -0.000024
vn 0.000000 1.000000 -0.000024
vn 0.000000 1.000000 -0.000024
vn 0.000000 0.000000 -1.000000
vn 0.000000 0.000000 -1.000000
vn 0.000000 0.000000 -1.000000
vn 0.000000 0.000000 -1.000000
vn 0.000000 0.000000 -1.000000
vn 0.000000 0.000000 -1.000000
vn 0.000000 0.000000 -1.000000
vn 0.000000 0.000000 -1.000000
vn 0.000000 0.000000 -1.000000
vn 0.000000 0.000000 -1.000000
vn 0.000000 0.000000 -1.000000
vn 0.000000 0.000000 -1.000000
vn 0.000000 -1.000000 0.000048
vn 0.000000 -1.000000 0.000048
vn 0.000000 -1.000000 0.000048
vn 0.000000 -1.000000 0.000048
vn 0.000000 1.000000 0.000006
vn 0.000000 1.000000 0.000006
vn 0.000000 1.000000 0.000006
vn 0.000000 1.000000 0.000006
vn 0.715353 0.000014 0.698763
vn 0.715353 0.000014 0.698763
vn 0.715353 0.000014 0.698763
vn 0.715353 0.000014 0.698763
vn 0.000000 1.000000 0.000000
vn 0.000000 1.000000 0.000000
vn 0.000000 1.000000 0.000000
vn 0.000000 1.000000 0.000000
vn 0.000000 1.000000 0.000000
vn 0.000000 1.000000 0.000000
vn 0.000000 1.000000 0.000000
vn 0.000000 1.000000 0.000000
vn 0.000000 -1.000000 0.000018
vn 0.000000 -1.000000 0.000018
vn 0.000000 -1.000000 0.000018
vn 0.000000 -1.000000 0.000018
vn 0.000000 1.000000 0.000000
vn 0.000000 1.000000 0.000000
vn 0.000000 1.000000 0.000000
vn 0.000000 1.000000 0.000000
vn 0.000000 1.000000 -0.000000
vn 0.000000 1.000000 0.000000
vn 0.000000 1.000000 -0.000000
vn 0.000000 1.000000 -0.000000
vn 0.000000 1.000000 0.000008
vn 0.000000 1.000000 0.000008
vn 0.000000 1.000000 0.000008
vn 0.000000 1.000000 0.000008
vn 0.698720 0.000015 -0.715396
vn 0.698720 0.000015 -0.715396
vn 0.698720 0.000015 -0.715396
vn 0.698720 0.000015 -0.715396
vn 0.698754 0.000005 -0.715362
vn 0.698754 0.000005 -0.715363
vn 0.698754 0.000005 -0.715363
vn 0.698754 0.000005 -0.715362
vn 0.698806 0.000007 -0.715312
vn 0.698806 0.000007 -0.715312
vn 0.698806 0.000007 -0.715312
vn 0.698806 0.000007 -0.715312
vn 0.698806 0.000000 -0.715312
vn 0.698806 0.000000 -0.715312
vn 0.698806 0.000000 -0.715312
vn 0.698806 0.000000 -0.715312
vn 0.698802 -0.000009 -0.715315
vn 0.698802 -0.000009 -0.715315
vn 0.698802 -0.000009 -0.715315
vn 0.698802 -0.000009 -0.715315
vn 0.698767 -0.000007 -0.715350
vn 0.698767 -0.000007 -0.715350
vn 0.698767 -0.000007 -0.715350
vn 0.698767 -0.000007 -0.715350
vn 0.698732 0.000024 -0.715383
vn 0.698732 0.000024 -0.715383
vn 0.698732 0.000024 -0.715383
vn 0.698732 0.000024 -0.715383
vn 0.000000 -1.000000 0.000023
vn 0.000000 -1.000000 0.000023
vn 0.000000 -1.000000 0.000023
vn 0.000000 -1.000000 0.000023
vn 0.000000 -1.000000 0.000000
vn 0.000000 -1.000000 0.000000
vn 0.000000 -1.000000 0.000000
vn 0.000000 -1.000000 0.000000
vn 0.000000 -1.000000 0.000000
vn 0.000000 -1.000000 0.000000
vn 0.000000 -1.000000 0.000000
vn 0.000000 -1.000000 0.000000
vn 0.715354 0.000000 0.698762
vn 0.715354 0.000000 0.698762
vn 0.715354 0.000000 0.698762
vn 0.715354 0.000000 0.698762
vn 0.715366 -0.000001 0.698750
vn 0.715366 -0.000001 0.698750
vn 0.715366 -0.000001 0.698750
vn 0.715366 -0.000001 0.698750
vn 0.715356 0.000000 0.698761
vn 0.715356 0.000000 0.698761
vn 0.715356 0.000000 0.698761
vn 0.715356 0.000000 0.698761
vn 0.715349 0.000000 0.698768
vn 0.715349 0.000000 0.698768
vn 0.715349 0.000000 0.698768
vn 0.715349 0.000000 0.698768
vn 0.715354 0.000000 0.698762
vn 0.715354 0.000000 0.698762
vn 0.715354 0.000000 0.698762
vn 0.715354 0.000000 0.698762
vn 0.715358 0.000001 0.698758
vn 0.715358 0.000001 0.698758
vn 0.715358 0.000001 0.698758
vn 0.715358 0.000001 0.698758
vn 0.715351 0.000000 0.698765
vn 0.715351 0.000000 0.698765
vn 0.715351 0.000000 0.698765
vn 0.715351 0.000000 0.698765
vn 0.698815 0.000000 -0.715303
vn 0.698815 0.000000 -0.715303
vn 0.698815 0.000000 -0.715303
vn 0.698815 0.000000 -0.715303
vn 0.698809 -0.000012 -0.715308
vn 0.698809 -0.000012 -0.715308
vn 0.698809 -0.000012 -0.715308
vn 0.698809 -0.000012 -0.715308
vn 0.690763 0.000032 -0.723081
vn 0.690763 0.000032 -0.723081
vn 0.690763 0.000032 -0.723081
vn 0.690763 0.000032 -0.723081
vn 0.696785 -0.003835 -0.717270
vn 0.696785 -0.003835 -0.717270
vn 0.696785 -0.003835 -0.717270
vn 0.696785 -0.003835 -0.717270
vn 0.000000 -1.000000 0.000000
vn 0.000000 -1.000000 0.000000
vn 0.000000 -1.000000 0.000000
vn 0.000000 -1.000000 0.000000
vn 0.000000 -1.000000 -0.000001
vn 0.000000 -1.000000 -0.000001
vn 0.000000 -1.000000 -0.000001
vn 0.000000 -1.000000 -0.000001
vn 0.999995 0.000134 0.003287
vn 0.999995 0.000134 0.003287
vn 0.999995 0.000134 0.003287
vn 0.999995 0.000134 0.003287
vn 0.999995 0.000000 0.003284
vn 0.999995 0.000000 0.003284
vn 0.999995 0.000000 0.003284
vn 0.999995 0.000000 0.003284
vn 0.999995 -0.000180 0.003287
vn 0.999995 -0.000180 0.003287
vn 0.999995 -0.000180 0.003287
vn 0.999995 -0.000180 0.003287
vn 0.000000 1.000000 0.000000
vn 0.000000 1.000000 0.000000
vn 0.000000 1.000000 0.000000
vn 0.000000 1.000000 0.000000
vn 0.000000 1.000000 0.000000
vn 0.000000 1.000000 0.000000
vn 0.000000 1.000000 0.000000
vn 0.000000 1.000000 0.000000
vn 0.698761 -0.000105 -0.715355
vn 0.698761 -0.000105 -0.715355
vn 0.698761 -0.000105 -0.715355
vn 0.698761 -0.000105 -0.715355
vn 0.000000 1.000000 0.000000
vn 0.000000 1.000000 0.000000
vn 0.000000 1.000000 0.000000
vn -0.001148 0.000781 -0.999999
vn -0.001148 0.000781 -0.999999
vn -0.001148 0.000781 -0.999999
vn -0.001148 0.000781 -0.999999
vn -0.001117 0.000000 -0.999999
vn -0.001117 0.000000 -0.999999
vn -0.001117 0.000000 -0.999999
vn -0.001117 0.000000 -0.999999
vn -0.005112 -0.077380 -0.996989
vn -0.005112 -0.077380 -0.996989
vn -0.005112 -0.077380 -0.996989
vn -0.005112 -0.077380 -0.996989
vn 0.000000 -1.000000 0.000000
vn 0.000000 -1.000000 0.000000
vn 0.000000 -1.000000 0.000000
vn 0.999995 0.000022 0.003079
vn 0.999995 0.000022 0.003079
vn 0.999995 0.000022 0.003079
vn 0.999995 0.000022 0.003079
vn 0.999995 0.000001 0.003079
vn 0.999995 0.000001 0.003079
vn 0.999995 0.000002 0.003079
vn 0.999995 0.000002 0.003079
vn 0.999995 0.000005 0.003079
vn 0.999995 0.000005 0.003079
vn 0.999995 0.000000 0.003079
vn 0.999995 0.000000 0.003079
vn 0.999995 0.000000 0.003079
vn 0.999995 0.000000 0.003079
vn 0.999995 0.000000 0.003079
vn 0.999995 0.000000 0.003079
vn 0.999995 0.000000 0.003079
vn 0.999995 0.000000 0.003079
vn 0.999995 0.000000 0.003079
vn 0.999995 0.000000 0.003079
vn 0.999995 -0.000003 0.003079
vn 0.999995 -0.000003 0.003079
vn 0.999995 -0.000002 0.003079
vn 0.999995 -0.000002 0.003079
vn 0.999995 0.000000 0.003079
vn 0.999995 0.000000 0.003079
vn 0.999995 -0.000017 0.003079
vn 0.999995 -0.000017 0.003079
vn 0.000000 -1.000000 -0.000072
vn 0.000000 -1.000000 -0.000072
vn 0.000000 -1.000000 -0.000072
vn 0.000000 -1.000000 -0.000072
vn 0.000000 -1.000000 -0.000027
vn 0.000000 -1.000000 -0.000027
vn 0.000000 -1.000000 -0.000027
vn 0.000000 -1.000000 -0.000027
vn 0.000000 -1.000000 -0.000073
vn 0.000000 -1.000000 -0.000073
vn 0.000000 -1.000000 -0.000073
vn 0.000000 -1.000000 -0.000073
vn 0.000000 -1.000000 0.000061
vn 0.000000 -1.000000 0.000061
vn 0.000000 -1.000000 0.000061
vn 0.000000 -1.000000 0.000061
vn 0.999993 0.000156 0.003710
vn 0.999993 0.000156 0.003710
vn 0.999993 0.000156 0.003710
vn 0.999993 0.000156 0.003710
vn 0.999992 0.000000 0.004124
vn 0.999992 0.000000 0.004124
vn 0.999991 0.000000 0.004124
vn 0.999991 0.000000 0.004124
vn 0.999993 -0.000159 0.003722
vn 0.999993 -0.000159 0.003722
vn 0.999993 -0.000159 0.003722
vn 0.999993 -0.000159 0.003722
vn 0.000000 1.000000 0.000000
vn 0.000000 1.000000 0.000000
vn 0.000000 1.000000 0.000000
vn 0.000000 1.000000 0.000000
vn 0.000000 1.000000 0.000000
vn 0.000000 1.000000 0.000000
vn 0.000000 1.000000 0.000000
vn 0.000000 1.000000 0.000000
vn 0.000000 1.000000 0.000000
vn 0.000000 1.000000 0.000000
vn 0.000000 1.000000 0.000000
vn 0.000000 1.000000 0.000000
vn 0.000000 1.000000 0.000041
vn 0.000000 1.000000 0.000041
vn 0.000000 1.000000 0.000041
vn 0.000000 1.000000 0.000041
vn 0.999995 0.000022 0.003079
vn 0.999995 -0.000000 0.003079
vn 0.999995 0.000000 0.003079
vn 0.999995 0.000022 0.003079
vn 0.999995 0.000000 0.003079
vn 0.999995 0.000003 0.003079
vn 0.999995 0.000003 0.003079
vn 0.999995 0.000000 0.003079
vn 0.999995 -0.000005 0.003079
vn 0.999995 -0.000002 0.003079
vn 0.999995 -0.000002 0.003079
vn 0.999995 -0.000005 0.003079
vn 0.999995 0.000001 0.003079
vn 0.999995 0.000001 0.003079
vn 0.999995 0.000000 0.003079
vn 0.999995 0.000000 0.003079
vn 0.999995 -0.000003 0.003079
vn 0.999995 -0.000002 0.003079
vn 0.999995 -0.000002 0.003079
vn 0.999995 -0.000003 0.003079
vn 0.999995 -0.000001 0.003079
vn 0.999995 -0.000002 0.003079
vn 0.999995 -0.000002 0.003079
vn 0.999995 -0.000001 0.003079
vn 0.999995 0.000000 0.003079
vn 0.999995 0.000000 0.003079
vn 0.999995 0.000000 0.003079
vn 0.999995 0.000000 0.003079
vn 0.000000 -1.000000 0.000000
vn 0.000000 -1.000000 0.000000
vn 0.000000 -1.000000 0.000000
vn 0.000000 -1.000000 0.000000
vn 0.000000 -1.000000 -0.000000
vn 0.000000 -1.000000 -0.000000
vn 0.000000 -1.000000 -0.000000
vn 0.000000 -1.000000 0.000000
vn 0.000000 -1.000000 -0.000000
vn 0.000000 -1.000000 -0.000000
vn 0.000000 -1.000000 -0.000000
vn 0.000000 -1.000000 -0.000000
vn 0.000000 -1.000000 -0.000000
vn 0.000000 -1.000000 -0.000000
vn 0.000000 -1.000000 -0.000000
vn 0.000000 -1.000000 -0.000000
vn 0.000000 -1.000000 0.000000
vn 0.000000 -1.000000 0.000000
vn 0.000000 -1.000000 0.000000
vn 0.000000 -1.000000 0.000000
vn 0.000000 -1.000000 0.000000
vn 0.000000 -1.000000 0.000000
vn 0.000000 -1.000000 0.000000
vn 0.000000 -1.000000 0.000000
vn 0.000000 -1.000000 -0.000000
vn 0.000000 -1.000000 -0.000000
vn 0.000000 -1.000000 -0.000000
vn 0.000000 -1.000000 -0.000000
vn 0.000000 -1.000000 0.000000
vn 0.000000 -1.000000 0.000000
vn 0.000000 -1.000000 0.000000
vn 0.000000 -1.000000 -0.000000
vn -1.000000 0.000000 0.000000
vn -1.000000 0.000000 0.000000
vn -1.000000 0.000014 -0.000000
vn -1.000000 0.000014 -0.000000
vn -1.000000 0.000000 -0.000000
vn -1.000000 0.000000 -0.000000
vn -1.000000 0.000000 0.000000
vn -1.000000 0.000000 0.000000
vn -1.000000 0.000000 -0.000000
vn -1.000000 0.000000 -0.000000
vn -1.000000 0.000000 0.000000
vn -1.000000 0.000000 0.000000
vn -1.000000 0.000000 0.000000
vn -1.000000 0.000000 0.000000
vn -1.000000 0.000000 -0.000000
vn -1.000000 0.000000 -0.000000
vn -1.000000 -0.000004 -0.000000
vn -1.000000 -0.000004 -0.000000
vn -1.000000 0.000000 0.000000
vn -1.000000 0.000000 0.000000
vn -1.000000 0.000000 0.000000
vn -1.000000 0.000000 0.000000
vn -1.000000 0.000001 -0.000000
vn -1.000000 0.000001 -0.000000
vn -1.000000 0.000000 0.000000
vn -1.000000 0.000000 0.000000
vn -1.000000 0.000000 -0.000000
vn -1.000000 0.000000 -0.000000
vn 0.000000 1.000000 0.000000
vn 0.000000 1.000000 0.000000
vn 0.000000 1.000000 -0.000000
vn 0.000000 1.000000 -0.000000
vn 0.000000 1.000000 -0.000000
vn 0.000000 1.000000 -0.000000
vn 0.000000 1.000000 -0.000000
vn 0.000000 1.000000 -0.000000
vn 0.000000 1.000000 0.000000
vn 0.000000 1.000000 -0.000000
vn 0.000000 1.000000 -0.000000
vn 0.000000 1.000000 -0.000000
vn 0.000000 1.000000 -0.000000
vn 0.000000 1.000000 -0.000000
vn 0.000000 1.000000 -0.000000
vn 0.000000 1.000000 -0.000000
vn 0.000000 1.000000 0.000000
vn 0.000000 1.000000 0.000000
vn 0.000000 1.000000 -0.000000
vn 0.000000 1.000000 -0.000000
vn 0.000000 1.000000 0.000000
vn 0.000000 1.000000 0.000000
vn 0.000000 1.000000 -0.000000
vn 0.000000 1.000000 0.000000
vn 0.000000 1.000000 -0.000000
vn 0.000000 1.000000 -0.000000
vn 0.000000 1.000000 0.000000
vn 0.000000 1.000000 -0.000000
vn 0.000000 1.000000 0.000000
vn 0.000000 1.000000 0.000000
vn 0.000000 1.000000 -0.000000
vn 0.000000 1.000000 -0.000000
vn 0.999995 0.000000 0.003079
vn 0.999995 -0.000000 0.003079
vn 0.999995 0.000003 0.003079
vn 0.999995 0.000003 0.003079
vn 0.999995 0.000005 0.003079
vn 0.999995 0.000005 0.003079
vn 0.999995 0.000001 0.003079
vn 0.999995 0.000001 0.003079
vn 0.999995 0.000000 0.003079
vn 0.999995 0.000000 0.003079
vn 0.999995 -0.000003 0.003079
vn 0.999995 -0.000003 0.003079
vn 0.999995 -0.000017 0.003079
vn 0.999995 -0.000017 0.003079
vn 0.000000 -1.000000 0.000000
vn 0.000000 -1.000000 0.000000
vn 0.000000 -1.000000 0.000000
vn 0.000000 -1.000000 0.000000
vn 0.000000 -1.000000 0.000000
vn 0.000000 -1.000000 0.000000
vn 0.000000 -1.000000 -0.000000
vn 0.000000 -1.000000 -0.000000
vn 0.000000 -1.000000 0.000000
vn 0.000000 -1.000000 0.000000
vn 0.000000 -1.000000 0.000000
vn 0.000000 -1.000000 0.000000
vn 0.000000 -1.000000 -0.000000
vn 0.000000 -1.000000 -0.000000
vn 0.000000 -1.000000 -0.000000
vn 0.000000 -1.000000 -0.000000
vn -1.000000 0.000027 -0.000000
vn -1.000000 0.000027 -0.000000
vn -1.000000 0.000000 -0.000000
vn -1.000000 0.000000 -0.000000
vn -1.000000 -0.000005 -0.000000
vn -1.000000 -0.000005 -0.000000
vn -1.000000 0.000001 -0.000000
vn -1.000000 0.000001 -0.000000
vn -1.000000 -0.000008 -0.000000
vn -1.000000 -0.000008 -0.000000
vn -1.000000 0.000001 -0.000000
vn -1.000000 0.000001 -0.000000
vn -1.000000 0.000000 -0.000000
vn -1.000000 0.000000 -0.000000
vn 0.000000 1.000000 0.000000
vn 0.000000 1.000000 0.000000
vn 0.000000 1.000000 -0.000000
vn 0.000000 1.000000 -0.000000
vn 0.000000 1.000000 0.000000
vn 0.000000 1.000000 0.000000
vn 0.000000 1.000000 -0.000000
vn 0.000000 1.000000 -0.000000
vn 0.000000 1.000000 -0.000000
vn 0.000000 1.000000 -0.000000
vn 0.000000 1.000000 0.000000
vn 0.000000 1.000000 -0.000000
vn 0.000000 1.000000 0.000000
vn 0.000000 1.000000 0.000000
vn 0.000000 1.000000 0.000000
vn 0.000000 1.000000 0.000000
s 1
g all Sunmao_002 dengbian_002
usemtl lambert2SG
f 939/913/1813 1039/912/1814 1040/1150/1815 940/1151/1816
s 2
f 1032/870/1817 1033/871/1818 933/872/1819 932/873/1820
s 3
f 1031/1201/1821 1032/1202/1822 932/1203/1823 931/1204/1824
s off
f 762/1039/1825 788/1024/1826 789/1040/1827 670/1055/1828
f 817/1049/1829 818/1033/1830 770/1034/1831 771/1050/1832
s 4
f 1037/898/1833 1038/905/1834 938/906/1835 937/899/1836
s off
f 736/1042/1837 763/1026/1838 764/1035/1839 717/1051/1840
s 5
f 1035/883/1841 1036/890/1842 936/891/1843 935/884/1844
s 6
f 926/1237/1845 1026/1238/1846 1027/1230/1847 927/1231/1848
s off
f 786/961/1849 708/977/1850 861/972/1851 860/957/1852
f 724/1321/1853 829/1322/1854 830/1323/1855 716/1324/1856
f 768/969/1857 807/954/1858 808/947/1859 857/966/1860
s 7
f 1044/1173/1861 1045/1180/1862 945/1181/1863 944/1174/1864
s 8
f 1025/1244/1865 1026/1238/1866 926/1237/1867 925/1245/1868
s off
f 898/971/1869 899/956/1870 860/957/1871 861/972/1872
f 901/945/1873 902/946/1874 858/942/1875 859/941/1876
f 903/953/1877 904/965/1878 857/966/1879 808/947/1880
s 9
f 1045/1180/1881 1046/1187/1882 946/1188/1883 945/1181/1884
s off
f 740/926/1885 741/927/1886 713/928/1887 727/929/1888
f 886/1257/1889 820/1258/1890 682/1259/1891 885/1260/1892
f 863/1273/1893 864/1274/1894 677/1275/1895 827/1276/1896
f 675/991/1897 787/974/1898 866/992/1899 867/1007/1900
s 10
f 928/1222/1901 1028/1223/1902 1029/1215/1903 929/1216/1904
s 11
f 1042/1159/1905 1043/1165/1906 943/1166/1907 942/1160/1908
s off
f 883/1001/1909 884/985/1910 806/967/1911 769/984/1912
f 706/1286/1913 738/1283/1914 739/1287/1915 684/1288/1916
f 714/1328/1917 726/1327/1918 727/1329/1919 713/1330/1920
f 743/1267/1921 705/1270/1922 683/1272/1923 742/1271/1924
f 906/1289/1925 907/1290/1926 877/1291/1927 686/1292/1928
f 689/1305/1929 872/1306/1930 912/1307/1931 913/1308/1932
f 945/1181/1933 946/1188/1934 889/1194/1935 854/1189/1936
f 777/1065/1937 918/1057/1938 919/1043/1939 811/1056/1940
f 723/1046/1941 920/1031/1942 921/1030/1943 730/1047/1944
f 783/1063/1945 923/1053/1946 924/1062/1947 695/1070/1948
f 925/1245/1949 926/1237/1950 847/1243/1951 896/1250/1952
f 880/1167/1953 942/1160/1954 943/1166/1955 694/1175/1956
f 937/899/1957 938/906/1958 773/914/1959 815/907/1960
f 735/892/1961 935/884/1962 936/891/1963 718/900/1964
f 852/1075/1965 853/1082/1966 890/1074/1967 891/1066/1968
f 698/878/1969 932/873/1970 933/872/1971 779/879/1972
f 850/1068/1973 851/1069/1974 892/1060/1975 893/1059/1976
f 847/1084/1977 848/1079/1978 895/1071/1979 896/1078/1980
f 874/1331/1981 875/1332/1982 721/1333/1983 732/1334/1984
f 719/1124/1985 909/1137/1986 910/1130/1987 734/1120/1988
f 773/1134/1989 774/1123/1990 814/1122/1991 815/1135/1992
f 718/1143/1993 758/1133/1994 759/1129/1995 735/1139/1996
f 779/1128/1997 780/1117/1998 760/1126/1999 698/1138/2000
f 696/1155/2001 939/913/2002 940/1151/2003 757/1156/2004
f 700/1229/2005 928/1222/2006 929/1216/2007 869/1221/2008
f 760/1207/2009 931/1204/2010 932/1203/2011 698/1208/2012
f 813/1098/2013 878/1105/2014 879/1106/2015 775/1097/2016
f 700/1100/2017 869/1108/2018 870/1101/2019 781/1094/2020
f 701/1297/2021 947/1298/2022 906/1289/2023 686/1292/2024
f 731/1339/2025 915/1338/2026 916/1337/2027 722/1340/2028
f 689/1305/2029 913/1308/2030 956/1313/2031 710/1314/2032
f 775/1097/2033 776/1090/2034 812/1089/2035 813/1098/2036
f 943/1166/2037 944/1174/2038 702/1182/2039 694/1175/2040
s 12
f 1043/1165/2041 1044/1173/2042 944/1174/2043 943/1166/2044
s off
f 806/967/2045 807/954/2046 768/969/2047 769/984/2048
f 743/1267/2049 744/1261/2050 679/1266/2051 705/1270/2052
f 725/1325/2053 726/1327/2054 714/1328/2055 715/1326/2056
f 678/1282/2057 737/1281/2058 738/1283/2059 706/1286/2060
f 708/977/2061 786/961/2062 787/974/2063 675/991/2064
s 13
f 1027/1230/2065 1028/1223/2066 928/1222/2067 927/1231/2068
s off
f 700/1229/2069 709/1236/2070 927/1231/2071 928/1222/2072
f 781/1094/2073 782/1085/2074 709/1092/2075 700/1100/2076
f 808/947/2077 858/942/2078 902/946/2079 903/953/2080
f 741/927/2081 742/932/2082 683/933/2083 713/928/2084
f 705/1270/2085 714/1328/2086 713/1330/2087 683/1272/2088
f 715/1326/2089 714/1328/2090 705/1270/2091 679/1266/2092
f 716/1324/2093 830/1323/2094 819/1265/2095 674/1264/2096
f 717/1051/2097 764/1035/2098 818/1033/2099 817/1049/2100
s 14
f 936/891/2101 1036/890/2102 1037/898/2103 937/899/2104
s off
f 685/1115/2105 908/1136/2106 909/1137/2107 719/1124/2108
f 687/1300/2109 721/1333/2110 875/1332/2111 876/1299/2112
f 722/1340/2113 916/1337/2114 905/1302/2115 697/1303/2116
f 828/1278/2117 829/1322/2118 724/1321/2119 671/1277/2120
f 706/1286/2121 726/1327/2122 725/1325/2123 678/1282/2124
f 726/1327/2125 706/1286/2126 684/1288/2127 727/1329/2128
f 739/934/2129 740/926/2130 727/929/2131 684/935/2132
f 730/1047/2133 921/1030/2134 922/1038/2135 795/1054/2136
f 849/1072/2137 850/1068/2138 893/1059/2139 894/1064/2140
f 699/1319/2141 914/1318/2142 915/1338/2143 731/1339/2144
f 873/1316/2145 874/1331/2146 732/1334/2147 692/1317/2148
f 734/1120/2149 910/1130/2150 911/1131/2151 690/1111/2152
f 791/1127/2153 735/1139/2154 759/1129/2155 792/1118/2156
f 934/877/2157 935/884/2158 735/892/2159 791/885/2160
f 826/1279/2161 827/1276/2162 677/1275/2163 707/1280/2164
f 826/1279/2165 707/1280/2166 676/1284/2167 825/1285/2168
f 676/940/2169 728/937/2170 824/930/2171 825/936/2172
f 823/931/2173 824/930/2174 728/937/2175 712/938/2176
f 822/939/2177 823/931/2178 712/938/2179 680/943/2180
f 704/1263/2181 821/1262/2182 822/1268/2183 680/1269/2184
f 820/1258/2185 821/1262/2186 704/1263/2187 682/1259/2188
f 681/1190/2189 745/1184/2190 881/1177/2191 882/1183/2192
f 703/1195/2193 746/1191/2194 745/1184/2195 681/1190/2196
f 746/1191/2197 703/1195/2198 856/1198/2199 855/1196/2200
f 887/1200/2201 888/1199/2202 855/1196/2203 856/1198/2204
f 778/996/2205 767/979/2206 809/962/2207 810/978/2208
f 711/951/2209 748/964/2210 810/978/2211 809/962/2212
f 749/963/2213 748/964/2214 711/951/2215 729/952/2216
f 750/1004/2217 784/989/2218 785/970/2219 672/988/2220
f 861/1254/2221 862/1252/2222 897/1255/2223 898/1256/2224
f 708/1251/2225 751/1247/2226 862/1252/2227 861/1254/2228
f 675/1246/2229 752/1240/2230 751/1247/2231 708/1251/2232
f 867/1239/2233 868/1233/2234 752/1240/2235 675/1246/2236
f 670/1224/2237 753/1218/2238 761/1217/2239 762/1225/2240
f 789/893/2241 790/887/2242 753/886/2243 670/894/2244
f 717/915/2245 755/909/2246 754/902/2247 736/908/2248
f 755/909/2249 717/915/2250 817/920/2251 816/916/2252
f 771/923/2253 772/921/2254 816/916/2255 817/920/2256
f 765/1168/2257 766/1162/2258 756/924/2259 669/1169/2260
f 757/1156/2261 940/1151/2262 941/1154/2263 831/1161/2264
f 832/1114/2265 833/1113/2266 814/1122/2267 774/1123/2268
f 759/1129/2269 758/1133/2270 834/1125/2271 835/1119/2272
f 792/1118/2273 759/1129/2274 835/1119/2275 836/1110/2276
f 760/1126/2277 780/1117/2278 837/1109/2279 838/1116/2280
f 838/1214/2281 930/1210/2282 931/1204/2283 760/1207/2284
s 15
f 1030/1209/2285 1031/1201/2286 931/1204/2287 930/1210/2288
s off
f 762/1225/2289 761/1217/2290 839/1226/2291 840/1232/2292
f 840/1023/2293 841/1008/2294 788/1024/2295 762/1039/2296
f 764/1035/2297 763/1026/2298 842/1010/2299 843/1018/2300
f 818/1033/2301 764/1035/2302 843/1018/2303 805/1002/2304
f 818/1033/2305 805/1002/2306 844/1017/2307 770/1034/2308
f 845/1176/2309 846/1170/2310 766/1162/2311 765/1168/2312
s 16
f 940/1151/2313 1040/1150/2314 1041/1153/2315 941/1154/2316
s off
f 904/965/2317 887/982/2318 856/983/2319 857/966/2320
f 703/987/2321 768/969/2322 857/966/2323 856/983/2324
f 769/984/2325 768/969/2326 703/987/2327 681/1000/2328
f 882/1016/2329 883/1001/2330 769/984/2331 681/1000/2332
f 770/1034/2333 844/1017/2334 845/1032/2335 765/1048/2336
f 771/1050/2337 770/1034/2338 765/1048/2339 669/1061/2340
f 756/924/2341 772/921/2342 771/923/2343 669/925/2344
s 17
f 1038/905/2345 1039/912/2346 939/913/2347 938/906/2348
s off
f 938/906/2349 939/913/2350 696/919/2351 773/914/2352
f 696/1142/2353 757/1132/2354 774/1123/2355 773/1134/2356
f 831/1121/2357 832/1114/2358 774/1123/2359 757/1132/2360
f 775/1097/2361 879/1106/2362 880/1112/2363 694/1104/2364
f 702/1096/2365 776/1090/2366 775/1097/2367 694/1104/2368
f 889/1081/2369 890/1074/2370 853/1082/2371 854/1088/2372
f 693/1073/2373 917/1067/2374 918/1057/2375 777/1065/2376
f 673/997/2377 767/979/2378 778/996/2379 747/1013/2380
f 779/879/2381 933/872/2382 934/877/2383 791/885/2384
f 791/1127/2385 792/1118/2386 780/1117/2387 779/1128/2388
f 836/1110/2389 837/1109/2390 780/1117/2391 792/1118/2392
f 781/1094/2393 870/1101/2394 871/1102/2395 793/1093/2396
f 793/1093/2397 794/1086/2398 782/1085/2399 781/1094/2400
f 848/1079/2401 849/1072/2402 894/1064/2403 895/1071/2404
f 795/1054/2405 922/1038/2406 923/1053/2407 783/1063/2408
f 785/970/2409 784/989/2410 796/973/2411 797/958/2412
f 899/956/2413 900/948/2414 798/944/2415 860/957/2416
f 799/950/2417 786/961/2418 860/957/2419 798/944/2420
f 787/974/2421 786/961/2422 799/950/2423 800/959/2424
f 865/976/2425 866/992/2426 787/974/2427 800/959/2428
f 788/1024/2429 841/1008/2430 801/993/2431 802/1025/2432
f 789/1040/2433 788/1024/2434 802/1025/2435 803/1041/2436
f 803/901/2437 804/895/2438 790/887/2439 789/893/2440
s 18
f 933/872/2441 1033/871/2442 1034/876/2443 934/877/2444
s off
f 793/1093/2445 871/1102/2446 872/1103/2447 689/1095/2448
f 689/1095/2449 710/1087/2450 794/1086/2451 793/1093/2452
f 729/952/2453 797/958/2454 796/973/2455 749/963/2456
f 798/944/2457 900/948/2458 901/945/2459 859/941/2460
f 676/940/2461 707/949/2462 799/950/2463 798/944/2464
f 800/959/2465 799/950/2466 707/949/2467 677/960/2468
f 864/975/2469 865/976/2470 800/959/2471 677/960/2472
f 763/1026/2473 802/1025/2474 801/993/2475 842/1010/2476
f 736/1042/2477 803/1041/2478 802/1025/2479 763/1026/2480
f 754/902/2481 804/895/2482 803/901/2483 736/908/2484
s 19
f 934/877/2485 1034/876/2486 1035/883/2487 935/884/2488
s off
f 682/968/2489 806/967/2490 884/985/2491 885/986/2492
f 704/955/2493 807/954/2494 806/967/2495 682/968/2496
f 807/954/2497 704/955/2498 680/943/2499 808/947/2500
f 811/1056/2501 919/1043/2502 920/1031/2503 723/1046/2504
f 851/1069/2505 852/1075/2506 891/1066/2507 892/1060/2508
f 813/1098/2509 812/1089/2510 701/1091/2511 686/1099/2512
f 686/1099/2513 877/1107/2514 878/1105/2515 813/1098/2516
f 758/1133/2517 814/1122/2518 833/1113/2519 834/1125/2520
f 718/1143/2521 815/1135/2522 814/1122/2523 758/1133/2524
f 936/891/2525 937/899/2526 815/907/2527 718/900/2528
f 886/1257/2529 744/1261/2530 820/1258/2531
f 744/1261/2532 743/1267/2533 821/1262/2534 820/1258/2535
f 821/1262/2536 743/1267/2537 742/1271/2538 822/1268/2539
f 742/932/2540 741/927/2541 823/931/2542 822/939/2543
f 741/927/2544 740/926/2545 824/930/2546 823/931/2547
f 825/936/2548 824/930/2549 740/926/2550 739/934/2551
f 738/1283/2552 826/1279/2553 825/1285/2554 739/1287/2555
f 738/1283/2556 737/1281/2557 827/1276/2558 826/1279/2559
f 863/1273/2560 827/1276/2561 737/1281/2562
f 678/1282/2563 725/1325/2564 829/1322/2565 828/1278/2566
f 830/1323/2567 829/1322/2568 725/1325/2569 715/1326/2570
f 819/1265/2571 830/1323/2572 715/1326/2573 679/1266/2574
f 879/1106/2575 832/1114/2576 831/1121/2577 880/1112/2578
f 833/1113/2579 832/1114/2580 879/1106/2581 878/1105/2582
f 685/1115/2583 833/1113/2584 878/1105/2585 877/1107/2586
f 835/1119/2587 834/1125/2588 719/1124/2589 734/1120/2590
f 690/1111/2591 836/1110/2592 835/1119/2593 734/1120/2594
f 870/1101/2595 837/1109/2596 836/1110/2597 871/1102/2598
f 869/1108/2599 838/1116/2600 837/1109/2601 870/1101/2602
s 20
f 1029/1215/2603 1030/1209/2604 930/1210/2605 929/1216/2606
s off
f 867/1239/2607 840/1232/2608 839/1226/2609 868/1233/2610
f 841/1008/2611 840/1023/2612 867/1007/2613 866/992/2614
f 801/993/2615 841/1008/2616 866/992/2617 865/976/2618
f 671/994/2619 724/1009/2620 842/1010/2621 801/993/2622
f 843/1018/2623 842/1010/2624 724/1009/2625 716/1019/2626
f 805/1002/2627 843/1018/2628 716/1019/2629 674/1003/2630
f 844/1017/2631 805/1002/2632 884/985/2633 883/1001/2634
f 845/1032/2635 844/1017/2636 883/1001/2637 882/1016/2638
f 881/1177/2639 846/1170/2640 845/1176/2641 882/1183/2642
s 21
f 941/1154/2643 1041/1153/2644 1042/1159/2645 942/1160/2646
s off
f 926/1237/2647 927/1231/2648 709/1236/2649 847/1243/2650
f 709/1092/2651 782/1085/2652 848/1079/2653 847/1084/2654
f 782/1085/2655 794/1086/2656 849/1072/2657 848/1079/2658
f 722/1076/2659 851/1069/2660 850/1068/2661 731/1077/2662
f 697/1083/2663 701/1091/2664 812/1089/2665 852/1075/2666
f 852/1075/2667 812/1089/2668 776/1090/2669 853/1082/2670
f 776/1090/2671 702/1096/2672 854/1088/2673 853/1082/2674
f 702/1182/2675 944/1174/2676 945/1181/2677 854/1189/2678
f 858/942/2679 808/947/2680 680/943/2681 712/938/2682
f 859/941/2683 858/942/2684 712/938/2685 728/937/2686
f 798/944/2687 859/941/2688 728/937/2689 676/940/2690
f 671/1277/2691 864/1274/2692 863/1273/2693 828/1278/2694
f 801/993/2695 865/976/2696 864/975/2697 671/994/2698
f 869/1221/2699 929/1216/2700 930/1210/2701 838/1214/2702
f 911/1309/2703 912/1307/2704 872/1306/2705 690/1310/2706
f 733/1336/2707 874/1331/2708 873/1316/2709 691/1320/2710
f 720/1335/2711 875/1332/2712 874/1331/2713 733/1336/2714
f 876/1299/2715 875/1332/2716 720/1335/2717 688/1304/2718
f 685/1295/2719 877/1291/2720 907/1290/2721 908/1296/2722
f 941/1154/2723 942/1160/2724 880/1167/2725 831/1161/2726
f 885/986/2727 884/985/2728 805/1002/2729 674/1003/2730
f 886/1257/2731 885/1260/2732 674/1264/2733 819/1265/2734
f 679/1266/2735 744/1261/2736 886/1257/2737 819/1265/2738
f 863/1273/2739 737/1281/2740 678/1282/2741 828/1278/2742
f 673/997/2743 747/1013/2744 888/1199/2745 887/1200/2746
s 22
f 1046/1187/2747 1017/1058/2748 917/1067/2749 946/1188/2750
s off
f 693/1073/2751 889/1194/2752 946/1188/2753 917/1067/2754
f 693/1073/2755 777/1065/2756 890/1074/2757 889/1081/2758
f 891/1066/2759 890/1074/2760 777/1065/2761 811/1056/2762
f 892/1060/2763 891/1066/2764 811/1056/2765 723/1046/2766
f 893/1059/2767 892/1060/2768 723/1046/2769 730/1047/2770
f 894/1064/2771 893/1059/2772 730/1047/2773 795/1054/2774
f 895/1071/2775 894/1064/2776 795/1054/2777 783/1063/2778
f 896/1078/2779 895/1071/2780 783/1063/2781 695/1070/2782
f 924/1062/2783 925/1245/2784 896/1250/2785 695/1070/2786
s 23
f 924/1062/2787 1024/1052/2788 1025/1244/2789 925/1245/2790
s off
f 898/1256/2791 897/1255/2792 750/1004/2793 672/988/2794
f 785/970/2795 899/956/2796 898/971/2797 672/988/2798
f 797/958/2799 900/948/2800 899/956/2801 785/970/2802
f 901/945/2803 900/948/2804 797/958/2805 729/952/2806
f 711/951/2807 902/946/2808 901/945/2809 729/952/2810
f 903/953/2811 902/946/2812 711/951/2813 809/962/2814
f 767/979/2815 904/965/2816 903/953/2817 809/962/2818
f 673/997/2819 887/982/2820 904/965/2821 767/979/2822
f 697/1083/2823 852/1075/2824 851/1069/2825 722/1076/2826
f 699/1080/2827 731/1077/2828 850/1068/2829 849/1072/2830
f 685/1115/2831 719/1124/2832 834/1125/2833 833/1113/2834
f 871/1102/2835 836/1110/2836 690/1111/2837 872/1103/2838
f 948/1293/2839 949/1294/2840 907/1290/2841 906/1289/2842
f 908/1296/2843 907/1290/2844 949/1294/2845 950/1301/2846
f 909/1137/2847 908/1136/2848 950/1144/2849 951/1145/2850
f 910/1130/2851 909/1137/2852 951/1145/2853 952/1140/2854
f 911/1131/2855 910/1130/2856 952/1140/2857 953/1141/2858
f 953/1315/2859 954/1311/2860 912/1307/2861 911/1309/2862
f 913/1308/2863 912/1307/2864 954/1311/2865 955/1312/2866
f 794/1086/2867 710/1087/2868 699/1080/2869 849/1072/2870
f 955/1312/2871 956/1313/2872 913/1308/2873
f 915/1338/2874 914/1318/2875 692/1317/2876 732/1334/2877
f 916/1337/2878 915/1338/2879 732/1334/2880 721/1333/2881
f 905/1302/2882 916/1337/2883 721/1333/2884 687/1300/2885
f 947/1298/2886 948/1293/2887 906/1289/2888
s 24
f 1017/1058/2889 1018/1044/2890 918/1057/2891 917/1067/2892
s 25
f 1018/1044/2893 1019/1027/2894 919/1043/2895 918/1057/2896
s 26
f 1019/1027/2897 1020/1015/2898 920/1031/2899 919/1043/2900
s 27
f 921/1030/2901 920/1031/2902 1020/1015/2903 1021/1014/2904
s 28
f 1021/1014/2905 1022/1022/2906 922/1038/2907 921/1030/2908
s 29
f 1022/1022/2909 1023/1037/2910 923/1053/2911 922/1038/2912
s 30
f 924/1062/2913 923/1053/2914 1023/1037/2915 1024/1052/2916
s off
f 905/1302/2917 947/1298/2918 701/1297/2919 697/1303/2920
f 905/1302/2921 687/1300/2922 948/1293/2923 947/1298/2924
f 876/1299/2925 949/1294/2926 948/1293/2927 687/1300/2928
f 950/1301/2929 949/1294/2930 876/1299/2931 688/1304/2932
f 951/1145/2933 950/1144/2934 688/1148/2935 720/1149/2936
f 952/1140/2937 951/1145/2938 720/1149/2939 733/1146/2940
f 953/1141/2941 952/1140/2942 733/1146/2943 691/1147/2944
f 873/1316/2945 954/1311/2946 953/1315/2947 691/1320/2948
f 955/1312/2949 954/1311/2950 873/1316/2951 692/1317/2952
f 914/1318/2953 956/1313/2954 955/1312/2955 692/1317/2956
f 710/1314/2957 956/1313/2958 914/1318/2959 699/1319/2960
s 24
f 778/996/2961 958/1012/2962 957/1029/2963 747/1013/2964
s 25
f 810/978/2965 959/995/2966 958/1012/2967 778/996/2968
s 26
f 748/964/2969 960/981/2970 959/995/2971 810/978/2972
s 27
f 961/980/2973 960/981/2974 748/964/2975 749/963/2976
s 28
f 796/973/2977 962/990/2978 961/980/2979 749/963/2980
s 29
f 784/989/2981 963/1005/2982 962/990/2983 796/973/2984
s 30
f 964/1020/2985 963/1005/2986 784/989/2987 750/1004/2988
s 23
f 965/1253/2989 964/1020/2990 750/1004/2991 897/1255/2992
s 8
f 897/1255/2993 862/1252/2994 966/1248/2995 965/1253/2996
s 6
f 967/1241/2997 966/1248/2998 862/1252/2999 751/1247/3000
s 13
f 751/1247/3001 752/1240/3002 968/1234/3003 967/1241/3004
s 10
f 969/1227/3005 968/1234/3006 752/1240/3007 868/1233/3008
s 20
f 868/1233/3009 839/1226/3010 970/1219/3011 969/1227/3012
s 15
f 839/1226/3013 761/1217/3014 971/1211/3015 970/1219/3016
s 3
f 761/1217/3017 753/1218/3018 972/1212/3019 971/1211/3020
s 2
f 753/886/3021 790/887/3022 973/881/3023 972/880/3024
s 18
f 974/888/3025 973/881/3026 790/887/3027 804/895/3028
s 19
f 975/896/3029 974/888/3030 804/895/3031 754/902/3032
s 5
f 754/902/3033 755/909/3034 976/903/3035 975/896/3036
s 14
f 977/910/3037 976/903/3038 755/909/3039 816/916/3040
s 4
f 816/916/3041 772/921/3042 978/917/3043 977/910/3044
s 17
f 772/921/3045 756/924/3046 979/922/3047 978/917/3048
s 1
f 980/1157/3049 979/922/3050 756/924/3051 766/1162/3052
s 16
f 981/1163/3053 980/1157/3054 766/1162/3055 846/1170/3056
s 21
f 982/1171/3057 981/1163/3058 846/1170/3059 881/1177/3060
s 11
f 881/1177/3061 745/1184/3062 983/1178/3063 982/1171/3064
s 12
f 745/1184/3065 746/1191/3066 984/1185/3067 983/1178/3068
s 7
f 746/1191/3069 855/1196/3070 985/1192/3071 984/1185/3072
s 9
f 855/1196/3073 888/1199/3074 986/1197/3075 985/1192/3076
s 22
f 888/1199/3077 747/1013/3078 957/1029/3079 986/1197/3080
s 24
f 957/1029/2963 958/1012/2962 988/1028/3081 987/1045/3082
s 25
f 958/1012/2967 959/995/2966 989/1011/3083 988/1028/3084
s 26
f 959/995/2971 960/981/2970 990/999/3085 989/1011/3086
s 27
f 991/998/3087 990/999/3088 960/981/2974 961/980/2973
s 28
f 961/980/2979 962/990/2978 992/1006/3089 991/998/3090
s 29
f 962/990/2983 963/1005/2982 993/1021/3091 992/1006/3092
s 30
f 994/1036/3093 993/1021/3094 963/1005/2986 964/1020/2985
s 23
f 995/1249/3095 994/1036/3096 964/1020/2990 965/1253/2989
s 8
f 965/1253/2996 966/1248/2995 996/1242/3097 995/1249/3098
s 6
f 997/1235/3099 996/1242/3100 966/1248/2998 967/1241/2997
s 13
f 967/1241/3004 968/1234/3003 998/1228/3101 997/1235/3102
s 10
f 999/1220/3103 998/1228/3104 968/1234/3006 969/1227/3005
s 20
f 969/1227/3012 970/1219/3011 1000/1213/3105 999/1220/3106
s 15
f 970/1219/3016 971/1211/3015 1001/1205/3107 1000/1213/3108
s 3
f 971/1211/3020 972/1212/3019 1002/1206/3109 1001/1205/3110
s 2
f 972/880/3024 973/881/3023 1003/875/3111 1002/874/3112
s 18
f 1004/882/3113 1003/875/3114 973/881/3026 974/888/3025
s 19
f 1005/889/3115 1004/882/3116 974/888/3030 975/896/3029
s 5
f 975/896/3036 976/903/3035 1006/897/3117 1005/889/3118
s 14
f 1007/904/3119 1006/897/3120 976/903/3038 977/910/3037
s 4
f 977/910/3044 978/917/3043 1008/911/3121 1007/904/3122
s 17
f 978/917/3048 979/922/3047 1009/918/3123 1008/911/3124
s 1
f 1010/1152/3125 1009/918/3126 979/922/3050 980/1157/3049
s 16
f 1011/1158/3127 1010/1152/3128 980/1157/3054 981/1163/3053
s 21
f 1012/1164/3129 1011/1158/3130 981/1163/3058 982/1171/3057
s 11
f 982/1171/3064 983/1178/3063 1013/1172/3131 1012/1164/3132
s 12
f 983/1178/3068 984/1185/3067 1014/1179/3133 1013/1172/3134
s 7
f 984/1185/3072 985/1192/3071 1015/1186/3135 1014/1179/3136
s 9
f 985/1192/3076 986/1197/3075 1016/1193/3137 1015/1186/3138
s 22
f 986/1197/3080 957/1029/3079 987/1045/3139 1016/1193/3140
s 24
f 987/1045/3082 988/1028/3081 1018/1044/2890 1017/1058/2889
s 25
f 988/1028/3084 989/1011/3083 1019/1027/2894 1018/1044/2893
s 26
f 989/1011/3086 990/999/3085 1020/1015/2898 1019/1027/2897
s 27
f 1021/1014/2904 1020/1015/2903 990/999/3088 991/998/3087
s 28
f 991/998/3090 992/1006/3089 1022/1022/2906 1021/1014/2905
s 29
f 992/1006/3092 993/1021/3091 1023/1037/2910 1022/1022/2909
s 30
f 1024/1052/2916 1023/1037/2915 993/1021/3094 994/1036/3093
s 23
f 1025/1244/2789 1024/1052/2788 994/1036/3096 995/1249/3095
s 8
f 995/1249/3098 996/1242/3097 1026/1238/1866 1025/1244/1865
s 6
f 1027/1230/1847 1026/1238/1846 996/1242/3100 997/1235/3099
s 13
f 997/1235/3102 998/1228/3101 1028/1223/2066 1027/1230/2065
s 10
f 1029/1215/1903 1028/1223/1902 998/1228/3104 999/1220/3103
s 20
f 999/1220/3106 1000/1213/3105 1030/1209/2604 1029/1215/2603
s 15
f 1000/1213/3108 1001/1205/3107 1031/1201/2286 1030/1209/2285
s 3
f 1001/1205/3110 1002/1206/3109 1032/1202/1822 1031/1201/1821
s 2
f 1002/874/3112 1003/875/3111 1033/871/1818 1032/870/1817
s 18
f 1034/876/2443 1033/871/2442 1003/875/3114 1004/882/3113
s 19
f 1035/883/2487 1034/876/2486 1004/882/3116 1005/889/3115
s 5
f 1005/889/3118 1006/897/3117 1036/890/1842 1035/883/1841
s 14
f 1037/898/2103 1036/890/2102 1006/897/3120 1007/904/3119
s 4
f 1007/904/3122 1008/911/3121 1038/905/1834 1037/898/1833
s 17
f 1008/911/3124 1009/918/3123 1039/912/2346 1038/905/2345
s 1
f 1040/1150/1815 1039/912/1814 1009/918/3126 1010/1152/3125
s 16
f 1041/1153/2315 1040/1150/2314 1010/1152/3128 1011/1158/3127
s 21
f 1042/1159/2645 1041/1153/2644 1011/1158/3130 1012/1164/3129
s 11
f 1012/1164/3132 1013/1172/3131 1043/1165/1906 1042/1159/1905
s 12
f 1013/1172/3134 1014/1179/3133 1044/1173/2042 1043/1165/2041
s 7
f 1014/1179/3136 1015/1186/3135 1045/1180/1862 1044/1173/1861
s 9
f 1015/1186/3138 1016/1193/3137 1046/1187/1882 1045/1180/1881
s 22
f 1016/1193/3140 987/1045/3139 1017/1058/2748 1046/1187/2747
g default
v 7.784818 16.286135 7.823305
v 3.894221 16.286135 7.823304
v 3.884007 16.286135 7.801483
v 7.763933 16.286135 7.801345
v 3.894222 15.065607 7.823305
v 3.894221 15.083761 7.823304
v 7.784818 15.083761 7.823305
v 7.784819 15.065607 7.823305
v 3.884008 15.065607 7.801483
v 7.763935 15.065607 7.801345
v 3.894222 15.907045 7.823305
v 3.894221 16.257456 7.823304
v 7.784818 16.257456 7.823305
v 7.784819 15.907045 7.823305
v 3.894221 15.497328 7.823305
v 3.894222 15.845863 7.823304
v 7.784818 15.845863 7.823305
v 7.784819 15.497328 7.823305
v 6.295126 15.065607 6.287083
v 3.158914 15.065607 6.296023
v 3.182663 15.065607 6.345220
v 6.343212 15.065607 6.336551
v 3.182664 16.286135 6.345221
v 3.158915 16.286135 6.296023
v 6.295127 16.286135 6.287083
v 6.343215 16.286135 6.336554
v 3.118703 15.065607 6.212607
v 6.213634 15.065607 6.203239
v 3.118702 16.286135 6.212607
v 6.213634 16.286135 6.203240
v 6.969170 15.065607 6.980457
v 3.492080 15.065607 6.985331
v 3.803152 15.065607 7.629399
v 7.598814 15.065607 7.628186
v 3.803156 16.286135 7.629402
v 3.492135 16.286135 6.985384
v 6.969244 16.286135 6.980529
v 7.598818 16.286135 7.628189
v 6.979570 15.879292 6.980433
v 7.618354 15.879292 7.629035
v 7.637118 15.879292 7.628878
v 7.003703 15.879292 6.980433
v 7.003703 15.472449 6.980433
v 7.637118 15.472449 7.628878
v 7.618354 15.472449 7.629035
v 6.979570 15.472449 6.980433
v 6.244356 16.286135 6.203054
v 6.326252 16.286135 6.286906
v 6.220609 16.257456 6.178740
v 6.190005 16.257456 6.178927
v 6.190003 15.907045 6.178927
v 6.220609 15.907045 6.178740
v 6.220609 15.845863 6.178740
v 6.190005 15.845863 6.178927
v 6.190003 15.497327 6.178927
v 6.220609 15.497327 6.178739
v 6.220609 15.083761 6.178741
v 6.190005 15.083761 6.178928
v 6.190003 15.065607 6.178928
v 6.220609 15.065607 6.178741
v 6.326252 15.065607 6.286906
v 6.244356 15.065607 6.203054
v 7.636392 16.286135 7.628165
v 7.003703 16.286135 6.980433
v 7.823313 16.257456 7.823305
v 7.823313 15.907045 7.823305
v 7.823313 15.497328 7.823305
v 7.823314 15.845863 7.823305
v 6.326825 15.907045 6.287466
v 6.326295 16.257456 6.286948
v 6.244366 16.257456 6.203064
v 6.244485 15.907045 6.203180
v 7.823313 15.065607 7.823305
v 7.823313 15.083761 7.823305
v 6.326867 15.497327 6.287506
v 6.326867 15.845863 6.287507
v 6.244494 15.845863 6.203189
v 6.244494 15.497327 6.203188
v 6.326280 15.083761 6.286933
v 6.244362 15.083761 6.203061
v 6.349757 15.497327 7.633142
v 6.349757 15.845863 7.633142
v 6.349757 15.845863 6.980433
v 6.349757 15.497327 6.980433
v 7.657576 15.845863 7.649821
v 7.638057 15.845863 7.649984
v 7.638057 15.497327 7.649983
v 7.657576 15.497327 7.649821
v 7.802332 16.257456 7.801349
v 7.802414 15.907045 7.801429
v 7.802420 15.845863 7.801435
v 7.802421 15.497328 7.801435
v 7.802330 15.083761 7.801347
v 7.802326 15.065607 7.801342
v 7.823313 16.286135 7.823305
v 7.802326 16.286135 7.801342
v 7.003631 15.065607 6.980361
v 7.636390 15.065607 7.628162
v 7.003703 15.907045 6.980433
v 7.637068 15.907045 7.628829
v 7.636442 16.257456 7.628215
v 7.003703 16.257456 6.980433
v 7.636422 15.083761 7.628195
v 7.003634 15.083761 6.980364
v 6.375302 15.879292 6.337089
v 6.375281 15.879292 6.355725
v 6.350510 15.497327 6.311707
v 6.350476 15.497327 6.337061
v 6.350480 15.845863 6.333416
v 6.350510 15.845863 6.311707
v 6.374615 15.472449 6.366311
v 6.375301 15.472449 6.337089
v 6.374629 16.257456 6.336432
v 6.375252 15.907045 6.337041
v 6.374578 16.286135 6.336382
v 6.374576 15.065607 6.336380
v 6.374608 15.083761 6.336411
v 7.657576 15.879292 7.649821
v 7.638057 15.879292 7.649983
v 6.349757 15.879292 6.980433
v 6.349757 15.879292 7.633142
v 6.355659 15.879292 6.335440
v 6.350510 15.879292 6.311707
v 6.190005 15.450750 6.178927
v 6.220609 15.450750 6.178740
v 6.326835 15.450750 6.287475
v 6.244487 15.450750 6.203182
v 6.350510 15.472449 6.311707
v 6.350510 15.472449 6.341841
v 6.349757 15.472449 7.633142
v 6.349757 15.472449 6.980433
v 7.638057 15.472449 7.649984
v 7.657576 15.472449 7.649821
v 7.823313 15.450750 7.823305
v 7.802416 15.450750 7.801430
v 7.784818 15.450750 7.823305
v 7.632599 16.286135 7.663249
v 7.670342 16.286135 7.663229
v 7.670390 16.257456 7.663277
v 7.670983 15.907045 7.663859
v 7.671031 15.845863 7.663905
v 7.671031 15.497327 7.663905
v 7.670994 15.450750 7.663869
v 7.670372 15.083761 7.663259
v 7.670342 15.065607 7.663229
v 7.632601 15.065607 7.663249
v 3.819777 15.065607 7.664254
v 3.819777 16.286135 7.664254
v 6.220609 16.286135 6.178741
v 6.190003 16.286135 6.178928
v 7.637079 15.450750 7.628840
v 7.003699 15.450750 6.980429
v 6.375262 15.450750 6.337050
v 3.894221 15.450750 7.823304
v 6.349757 15.497327 7.654222
v 6.349757 15.472449 7.654222
v 6.349757 15.845863 7.654222
v 6.349757 15.879292 7.654222
v 3.107042 16.286135 6.188420
v 3.107043 15.065607 6.188420
v 6.374583 15.879292 6.980433
v 6.365163 15.879292 7.633091
v 6.359270 15.879292 7.654191
v 6.360292 15.845863 7.654179
v 6.359805 15.497327 7.654181
v 6.358543 15.472449 7.654194
v 6.358594 15.472449 7.633113
v 6.360184 15.472449 6.980433
v 3.107043 16.257456 6.188419
v 3.107042 15.907045 6.188419
v 3.107043 15.845863 6.188418
v 3.107042 15.497327 6.188418
v 3.107043 15.450750 6.188418
v 3.107044 15.083761 6.188419
v 0.001857 16.286133 6.197911
v 0.001857 16.257456 6.197911
v 0.001857 15.907045 6.197910
v 0.001857 15.845863 6.197910
v 0.001857 15.497328 6.197910
v 0.001857 15.450750 6.197910
v 0.001857 15.083761 6.197911
v 0.001857 15.065607 6.197911
v 0.001857 15.065606 6.221975
v 0.001857 15.065607 6.304964
v 0.001857 15.065607 6.353888
v 0.001857 15.065607 6.990204
v 0.001857 15.065607 7.630612
v 0.001857 15.065607 7.665260
v 0.001857 15.065607 7.801621
v 0.001857 15.065607 7.823305
v 0.001857 15.083761 7.823304
v 0.001857 15.450750 7.823304
v 0.001857 15.497328 7.823305
v 0.001857 15.845863 7.823304
v 0.001857 15.907045 7.823305
v 0.001857 16.257456 7.823304
v 0.001857 16.286135 7.823304
v 0.001857 16.286135 7.801621
v 0.001857 16.286135 7.665260
v 0.001857 16.286135 7.630614
v 0.001857 16.286133 6.990240
v 0.001857 16.286135 6.353889
v 0.001857 16.286133 6.304964
v 0.001857 16.286135 6.221975
v -7.781103 16.286135 7.823305
v -3.890507 16.286135 7.823304
v -3.880293 16.286135 7.801483
v -7.760219 16.286135 7.801345
v -3.890507 15.065607 7.823305
v -3.890507 15.083761 7.823304
v -7.781103 15.083761 7.823305
v -7.781104 15.065607 7.823305
v -3.880294 15.065607 7.801483
v -7.760220 15.065607 7.801345
v -3.890507 15.907045 7.823305
v -3.890507 16.257456 7.823304
v -7.781103 16.257456 7.823305
v -7.781104 15.907045 7.823305
v -3.890507 15.497328 7.823305
v -3.890507 15.845863 7.823304
v -7.781104 15.845863 7.823305
v -7.781104 15.497328 7.823305
v -6.291412 15.065607 6.287083
v -3.155199 15.065607 6.296023
v -3.178948 15.065607 6.345220
v -6.339498 15.065607 6.336551
v -3.178950 16.286135 6.345221
v -3.155200 16.286135 6.296023
v -6.291413 16.286135 6.287083
v -6.339500 16.286135 6.336554
v -3.114989 15.065607 6.212607
v -6.209920 15.065607 6.203239
v -3.114987 16.286135 6.212607
v -6.209919 16.286135 6.203240
v -6.965456 15.065607 6.980457
v -3.488366 15.065607 6.985331
v -3.799438 15.065607 7.629399
v -7.595099 15.065607 7.628186
v -3.799441 16.286135 7.629402
v -3.488420 16.286135 6.985384
v -6.965529 16.286135 6.980529
v -7.595103 16.286135 7.628189
v -6.975855 15.879292 6.980433
v -7.614640 15.879292 7.629035
v -7.633403 15.879292 7.628878
v -6.999989 15.879292 6.980433
v -6.999989 15.472449 6.980433
v -7.633403 15.472449 7.628878
v -7.614639 15.472449 7.629035
v -6.975855 15.472449 6.980433
v -6.240642 16.286135 6.203054
v -6.322537 16.286135 6.286906
v -6.216895 16.257456 6.178740
v -6.186290 16.257456 6.178927
v -6.186289 15.907045 6.178927
v -6.216895 15.907045 6.178740
v -6.216895 15.845863 6.178740
v -6.186290 15.845863 6.178927
v -6.186288 15.497327 6.178927
v -6.216894 15.497327 6.178739
v -6.216895 15.083761 6.178741
v -6.186290 15.083761 6.178928
v -6.186289 15.065607 6.178928
v -6.216895 15.065607 6.178741
v -6.322537 15.065607 6.286906
v -6.240642 15.065607 6.203054
v -7.632678 16.286135 7.628165
v -6.999989 16.286135 6.980433
v -7.819599 16.257456 7.823305
v -7.819599 15.907045 7.823305
v -7.819599 15.497328 7.823305
v -7.819599 15.845863 7.823305
v -6.323111 15.907045 6.287466
v -6.322580 16.257456 6.286948
v -6.240651 16.257456 6.203064
v -6.240770 15.907045 6.203180
v -7.819599 15.065607 7.823305
v -7.819599 15.083761 7.823305
v -6.323153 15.497327 6.287506
v -6.323153 15.845863 6.287507
v -6.240780 15.845863 6.203189
v -6.240779 15.497327 6.203188
v -6.322565 15.083761 6.286933
v -6.240648 15.083761 6.203061
v -6.346043 15.497327 7.633142
v -6.346043 15.845863 7.633142
v -6.346043 15.845863 6.980433
v -6.346043 15.497327 6.980433
v -7.653861 15.845863 7.649821
v -7.634342 15.845863 7.649984
v -7.634343 15.497327 7.649983
v -7.653861 15.497327 7.649821
v -7.798618 16.257456 7.801349
v -7.798699 15.907045 7.801429
v -7.798706 15.845863 7.801435
v -7.798706 15.497328 7.801435
v -7.798615 15.083761 7.801347
v -7.798611 15.065607 7.801342
v -7.819599 16.286135 7.823305
v -7.798611 16.286135 7.801342
v -6.999916 15.065607 6.980361
v -7.632675 15.065607 7.628162
v -6.999989 15.907045 6.980433
v -7.633354 15.907045 7.628829
v -7.632728 16.257456 7.628215
v -6.999989 16.257456 6.980433
v -7.632708 15.083761 7.628195
v -6.999919 15.083761 6.980364
v -6.371587 15.879292 6.337089
v -6.371567 15.879292 6.355725
v -6.346795 15.497327 6.311707
v -6.346762 15.497327 6.337061
v -6.346766 15.845863 6.333416
v -6.346795 15.845863 6.311707
v -6.370900 15.472449 6.366311
v -6.371587 15.472449 6.337089
v -6.370914 16.257456 6.336432
v -6.371538 15.907045 6.337041
v -6.370863 16.286135 6.336382
v -6.370861 15.065607 6.336380
v -6.370893 15.083761 6.336411
v -7.653861 15.879292 7.649821
v -7.634343 15.879292 7.649983
v -6.346043 15.879292 6.980433
v -6.346043 15.879292 7.633142
v -6.351944 15.879292 6.335440
v -6.346795 15.879292 6.311707
v -6.186290 15.450750 6.178927
v -6.216895 15.450750 6.178740
v -6.323120 15.450750 6.287475
v -6.240773 15.450750 6.203182
v -6.346795 15.472449 6.311707
v -6.346795 15.472449 6.341841
v -6.346043 15.472449 7.633142
v -6.346043 15.472449 6.980433
v -7.634342 15.472449 7.649984
v -7.653861 15.472449 7.649821
v -7.819599 15.450750 7.823305
v -7.798701 15.450750 7.801430
v -7.781103 15.450750 7.823305
v -7.628885 16.286135 7.663249
v -7.666627 16.286135 7.663229
v -7.666676 16.257456 7.663277
v -7.667269 15.907045 7.663859
v -7.667316 15.845863 7.663905
v -7.667316 15.497327 7.663905
v -7.667279 15.450750 7.663869
v -7.666658 15.083761 7.663259
v -7.666627 15.065607 7.663229
v -7.628886 15.065607 7.663249
v -3.816063 15.065607 7.664254
v -3.816063 16.286135 7.664254
v -6.216895 16.286135 6.178741
v -6.186289 16.286135 6.178928
v -7.633364 15.450750 7.628840
v -6.999985 15.450750 6.980429
v -6.371548 15.450750 6.337050
v -3.890507 15.450750 7.823304
v -6.346043 15.497327 7.654222
v -6.346043 15.472449 7.654222
v -6.346043 15.845863 7.654222
v -6.346043 15.879292 7.654222
v -3.103328 16.286135 6.188420
v -3.103328 15.065607 6.188420
v -6.370869 15.879292 6.980433
v -6.361449 15.879292 7.633091
v -6.355556 15.879292 7.654191
v -6.356578 15.845863 7.654179
v -6.356090 15.497327 7.654181
v -6.354829 15.472449 7.654194
v -6.354879 15.472449 7.633113
v -6.356470 15.472449 6.980433
v -3.103329 16.257456 6.188419
v -3.103328 15.907045 6.188419
v -3.103328 15.845863 6.188418
v -3.103328 15.497327 6.188418
v -3.103329 15.450750 6.188418
v -3.103329 15.083761 6.188419
vt 0.897567 0.545986
vt 0.897567 0.533586
vt 0.904189 0.533586
vt 0.904188 0.545986
vt 0.897095 0.545986
vt 0.897095 0.533586
vt 0.904189 0.521295
vt 0.897567 0.521364
vt 0.904824 0.533586
vt 0.904824 0.545986
vt 0.904188 0.546386
vt 0.897567 0.546386
vt 0.897095 0.521455
vt 0.897095 0.546386
vt 0.904824 0.521333
vt 0.897567 0.520882
vt 0.904189 0.520882
vt 0.904824 0.546386
vt 0.897095 0.520882
vt 0.904824 0.520882
vt 0.897567 0.520422
vt 0.904189 0.520422
vt 0.896683 0.520422
vt 0.905351 0.520422
vt 0.897567 0.518821
vt 0.904189 0.518821
vt 0.896683 0.521364
vt 0.897095 0.521364
vt 0.896683 0.518820
vt 0.905351 0.518820
vt 0.905351 0.521363
vt 0.904824 0.521364
vt 0.897567 0.518356
vt 0.904189 0.518356
vt 0.889711 0.521351
vt 0.889711 0.520411
vt 0.897095 0.533586
vt 0.896682 0.533586
vt 0.889711 0.518818
vt 0.896683 0.518356
vt 0.905351 0.518356
vt 0.912008 0.518818
vt 0.912008 0.520412
vt 0.912008 0.521352
vt 0.905351 0.533586
vt 0.904824 0.533586
vt 0.889366 0.521351
vt 0.889366 0.520411
vt 0.889711 0.533585
vt 0.897095 0.545905
vt 0.896682 0.545904
vt 0.889366 0.518818
vt 0.889711 0.518356
vt 0.912008 0.518356
vt 0.912553 0.518818
vt 0.912553 0.520411
vt 0.912553 0.521351
vt 0.912008 0.533586
vt 0.905351 0.545904
vt 0.904824 0.545905
vt 0.889366 0.533585
vt 0.889710 0.545892
vt 0.897095 0.546303
vt 0.896682 0.546570
vt 0.889366 0.518356
vt 0.912553 0.518356
vt 0.912553 0.533586
vt 0.912008 0.545892
vt 0.904824 0.546303
vt 0.905351 0.546570
vt 0.889366 0.545891
vt 0.889710 0.546558
vt 0.897567 0.546303
vt 0.897567 0.546570
vt 0.912552 0.545892
vt 0.912008 0.546559
vt 0.904188 0.546570
vt 0.904188 0.546303
vt 0.889366 0.546557
vt 0.896682 0.549183
vt 0.889710 0.549181
vt 0.897567 0.549183
vt 0.912552 0.546558
vt 0.912008 0.549182
vt 0.905351 0.549183
vt 0.904188 0.549183
vt 0.889366 0.549181
vt 0.896682 0.549599
vt 0.889710 0.549599
vt 0.897567 0.549599
vt 0.912552 0.549181
vt 0.912008 0.549599
vt 0.905351 0.549599
vt 0.904188 0.549599
vt 0.889366 0.549599
vt 0.912552 0.549599
vt 0.897567 0.850384
vt 0.904188 0.850385
vt 0.904185 0.862785
vt 0.897564 0.862784
vt 0.904188 0.849985
vt 0.897567 0.849983
vt 0.904820 0.862785
vt 0.904823 0.850386
vt 0.904183 0.875077
vt 0.897561 0.875006
vt 0.897094 0.850384
vt 0.897091 0.862784
vt 0.904823 0.849985
vt 0.897094 0.849983
vt 0.904818 0.875039
vt 0.897561 0.875488
vt 0.904183 0.875489
vt 0.897089 0.874915
vt 0.904818 0.875489
vt 0.897089 0.875488
vt 0.904182 0.875949
vt 0.897561 0.875948
vt 0.905345 0.875950
vt 0.896676 0.875948
vt 0.904182 0.877551
vt 0.897561 0.877549
vt 0.904818 0.875007
vt 0.905345 0.875008
vt 0.905344 0.877551
vt 0.896676 0.877549
vt 0.896677 0.875006
vt 0.897089 0.875005
vt 0.904182 0.878015
vt 0.897561 0.878014
vt 0.905348 0.862785
vt 0.904820 0.862785
vt 0.912002 0.875021
vt 0.912002 0.875961
vt 0.912001 0.877555
vt 0.905344 0.878016
vt 0.896676 0.878014
vt 0.889705 0.875957
vt 0.889704 0.877550
vt 0.897091 0.862784
vt 0.896679 0.862784
vt 0.889705 0.875017
vt 0.912004 0.862787
vt 0.904823 0.850466
vt 0.905350 0.850468
vt 0.912547 0.875022
vt 0.912547 0.875962
vt 0.912546 0.877555
vt 0.912001 0.878017
vt 0.889704 0.878012
vt 0.889360 0.875957
vt 0.889359 0.877550
vt 0.889707 0.862783
vt 0.896682 0.850466
vt 0.897094 0.850465
vt 0.889360 0.875017
vt 0.912549 0.862787
vt 0.912007 0.850481
vt 0.904823 0.850069
vt 0.905350 0.849802
vt 0.912546 0.878017
vt 0.889359 0.878012
vt 0.889362 0.862783
vt 0.889710 0.850476
vt 0.896682 0.849800
vt 0.897094 0.850067
vt 0.912552 0.850482
vt 0.912007 0.849815
vt 0.904188 0.850068
vt 0.904188 0.849801
vt 0.889365 0.850477
vt 0.889710 0.849810
vt 0.897567 0.849800
vt 0.897567 0.850067
vt 0.912552 0.849815
vt 0.905351 0.847189
vt 0.912008 0.847191
vt 0.904189 0.847188
vt 0.889365 0.849811
vt 0.889710 0.847187
vt 0.896682 0.847187
vt 0.897567 0.847187
vt 0.912553 0.847192
vt 0.912008 0.846774
vt 0.905351 0.846773
vt 0.904189 0.846773
vt 0.889366 0.847187
vt 0.896682 0.846772
vt 0.889711 0.846772
vt 0.897567 0.846773
vt 0.912553 0.846774
vt 0.889366 0.846772
vt 0.912552 0.550330
vt 0.912969 0.550727
vt 0.912966 0.624435
vt 0.912552 0.624241
vt 0.912552 0.549599
vt 0.912969 0.549997
vt 0.915592 0.553222
vt 0.915573 0.625656
vt 0.912964 0.698186
vt 0.912552 0.698186
vt 0.915593 0.552505
vt 0.916258 0.553864
vt 0.916236 0.625971
vt 0.915555 0.698186
vt 0.912967 0.771937
vt 0.912552 0.772131
vt 0.916259 0.553150
vt 0.928562 0.565824
vt 0.928470 0.631880
vt 0.916213 0.698186
vt 0.915574 0.770717
vt 0.912553 0.846042
vt 0.912970 0.845646
vt 0.928564 0.565169
vt 0.940796 0.577717
vt 0.940632 0.637759
vt 0.928378 0.698186
vt 0.916236 0.770401
vt 0.915593 0.843151
vt 0.912553 0.846774
vt 0.912970 0.846375
vt 0.940799 0.577121
vt 0.941736 0.578630
vt 0.941566 0.638210
vt 0.940467 0.698186
vt 0.928471 0.764492
vt 0.916259 0.842509
vt 0.915594 0.843868
vt 0.941739 0.578039
vt 0.943329 0.580178
vt 0.943151 0.638974
vt 0.941397 0.698186
vt 0.940632 0.758613
vt 0.928563 0.830549
vt 0.916260 0.843223
vt 0.943332 0.579595
vt 0.943429 0.580628
vt 0.943429 0.639196
vt 0.942973 0.698186
vt 0.941567 0.758162
vt 0.940797 0.818656
vt 0.928565 0.831203
vt 0.943794 0.580046
vt 0.943430 0.698186
vt 0.943151 0.757398
vt 0.941737 0.817742
vt 0.940800 0.819251
vt 0.943611 0.757177
vt 0.943330 0.816194
vt 0.941740 0.818333
vt 0.943792 0.815745
vt 0.943333 0.816777
vt 0.943795 0.816326
vt 0.888951 0.624435
vt 0.888949 0.550727
vt 0.889366 0.550330
vt 0.889366 0.624241
vt 0.886344 0.625656
vt 0.886325 0.553222
vt 0.888948 0.549997
vt 0.888954 0.698186
vt 0.889366 0.698186
vt 0.885682 0.625971
vt 0.885659 0.553864
vt 0.886325 0.552505
vt 0.886363 0.698186
vt 0.889366 0.772131
vt 0.888951 0.771937
vt 0.873354 0.565825
vt 0.873446 0.631881
vt 0.885659 0.553150
vt 0.885705 0.698186
vt 0.886344 0.770717
vt 0.889366 0.846042
vt 0.888949 0.845646
vt 0.873352 0.565171
vt 0.873539 0.698186
vt 0.861286 0.637759
vt 0.861121 0.577717
vt 0.885682 0.770401
vt 0.886325 0.843151
vt 0.888948 0.846375
vt 0.861118 0.577121
vt 0.873446 0.764491
vt 0.861451 0.698186
vt 0.860181 0.578630
vt 0.860351 0.638210
vt 0.885659 0.842509
vt 0.886325 0.843868
vt 0.860178 0.578039
vt 0.873354 0.830547
vt 0.861286 0.758613
vt 0.860521 0.698186
vt 0.858767 0.638974
vt 0.858589 0.580178
vt 0.885659 0.843223
vt 0.858585 0.579595
vt 0.861121 0.818656
vt 0.873352 0.831202
vt 0.860351 0.758162
vt 0.858945 0.698186
vt 0.858127 0.580627
vt 0.858307 0.639196
vt 0.858123 0.580046
vt 0.861118 0.819251
vt 0.860181 0.817742
vt 0.858767 0.757398
vt 0.858487 0.698186
vt 0.860178 0.818333
vt 0.858589 0.816194
vt 0.858307 0.757177
vt 0.858585 0.816778
vt 0.858127 0.815745
vt 0.858123 0.816326
vt 0.432845 0.047205
vt 0.432847 0.046762
vt 0.444796 0.035165
vt 0.444798 0.035510
vt 0.420991 0.058267
vt 0.421333 0.058269
vt 0.445182 0.034791
vt 0.445184 0.035149
vt 0.432809 0.058319
vt 0.444797 0.058531
vt 0.420959 0.058628
vt 0.420523 0.058721
vt 0.445185 0.058641
vt 0.444798 0.058814
vt 0.432807 0.058775
vt 0.445185 0.058815
vt 0.464996 0.046762
vt 0.464997 0.047205
vt 0.453044 0.035510
vt 0.453046 0.035165
vt 0.476852 0.058266
vt 0.476315 0.058281
vt 0.465035 0.058583
vt 0.453045 0.058652
vt 0.452658 0.035149
vt 0.452660 0.034791
vt 0.477320 0.058720
vt 0.476766 0.058722
vt 0.465035 0.058774
vt 0.453045 0.058814
vt 0.452658 0.058654
vt 0.452658 0.058815
vt 0.465064 0.047211
vt 0.453108 0.035519
vt 0.453110 0.035174
vt 0.465063 0.046768
vt 0.465104 0.058325
vt 0.453115 0.058540
vt 0.452724 0.034800
vt 0.452722 0.035159
vt 0.476921 0.058270
vt 0.476579 0.058271
vt 0.453115 0.058823
vt 0.465105 0.058781
vt 0.452728 0.058650
vt 0.476953 0.058631
vt 0.477389 0.058724
vt 0.452728 0.058824
vt 0.432914 0.046775
vt 0.444861 0.035176
vt 0.444863 0.035521
vt 0.432912 0.047219
vt 0.445249 0.035160
vt 0.445247 0.034802
vt 0.444867 0.058662
vt 0.432877 0.058596
vt 0.421597 0.058297
vt 0.421060 0.058282
vt 0.445254 0.058665
vt 0.444867 0.058825
vt 0.432877 0.058788
vt 0.421146 0.058738
vt 0.420592 0.058736
vt 0.445254 0.058826
vt 0.889710 0.550330
vt 0.889710 0.624241
vt 0.896682 0.550330
vt 0.896682 0.624241
vt 0.889711 0.698186
vt 0.897567 0.550330
vt 0.897567 0.624241
vt 0.896682 0.698186
vt 0.889711 0.772131
vt 0.904188 0.550330
vt 0.904188 0.624241
vt 0.897567 0.698186
vt 0.896682 0.772131
vt 0.889711 0.846042
vt 0.905351 0.550330
vt 0.905351 0.624241
vt 0.904189 0.698186
vt 0.897567 0.772131
vt 0.896682 0.846042
vt 0.912008 0.550330
vt 0.912008 0.624241
vt 0.905351 0.698186
vt 0.904189 0.772131
vt 0.897567 0.846042
vt 0.912008 0.698186
vt 0.905351 0.772131
vt 0.904189 0.846042
vt 0.912552 0.549599
vt 0.912008 0.772131
vt 0.905351 0.846042
vt 0.912008 0.846042
vt 0.912553 0.846774
vt 0.943610 0.580045
vt 0.950267 0.580025
vt 0.950269 0.580606
vt 0.943612 0.580626
vt 0.951429 0.580021
vt 0.951431 0.580602
vt 0.943792 0.639194
vt 0.950449 0.639174
vt 0.943065 0.580047
vt 0.958050 0.580001
vt 0.958052 0.580582
vt 0.951611 0.639170
vt 0.943974 0.698185
vt 0.950631 0.698164
vt 0.958935 0.579998
vt 0.958937 0.580579
vt 0.958233 0.639150
vt 0.951793 0.698161
vt 0.950813 0.757155
vt 0.944156 0.757175
vt 0.965907 0.579976
vt 0.965909 0.580558
vt 0.959117 0.639147
vt 0.958414 0.698140
vt 0.951975 0.757151
vt 0.950993 0.815723
vt 0.944336 0.815743
vt 0.966252 0.579975
vt 0.966254 0.580557
vt 0.966089 0.639126
vt 0.959299 0.698138
vt 0.958596 0.757131
vt 0.952155 0.815719
vt 0.944338 0.816325
vt 0.950995 0.816304
vt 0.966434 0.639125
vt 0.966271 0.698116
vt 0.959481 0.757128
vt 0.958777 0.815699
vt 0.952157 0.816300
vt 0.943793 0.816326
vt 0.966616 0.698115
vt 0.966453 0.757106
vt 0.959661 0.815696
vt 0.958779 0.816280
vt 0.966798 0.757105
vt 0.966633 0.815674
vt 0.959663 0.816277
vt 0.966978 0.815673
vt 0.966635 0.816256
vt 0.966980 0.816255
vt 0.445798 0.034791
vt 0.452201 0.034791
vt 0.452201 0.035149
vt 0.445798 0.035149
vt 0.452658 0.034791
vt 0.452201 0.058631
vt 0.445799 0.058622
vt 0.445184 0.034791
vt 0.452201 0.058815
vt 0.445799 0.058815
vt 0.452658 0.058815
vt 0.445185 0.058815
vt 0.452108 0.034800
vt 0.452108 0.035159
vt 0.445706 0.035160
vt 0.445706 0.034802
vt 0.452722 0.034800
vt 0.452114 0.058631
vt 0.445711 0.058641
vt 0.445249 0.034802
vt 0.452114 0.058825
vt 0.445711 0.058826
vt 0.452728 0.058824
vt 0.445254 0.058826
vn 0.000000 1.000000 0.000000
vn 0.000000 1.000000 0.000000
vn 0.000000 1.000000 0.000003
vn 0.000000 1.000000 0.000002
vn 0.000000 0.000020 1.000000
vn 0.000000 0.000013 1.000000
vn 0.000000 0.000013 1.000000
vn 0.000000 0.000020 1.000000
vn 0.000000 -1.000000 -0.000012
vn 0.000000 -1.000000 -0.000032
vn 0.000000 -1.000000 -0.000032
vn 0.000000 -1.000000 -0.000021
vn -0.000000 0.000001 1.000000
vn -0.000000 0.000001 1.000000
vn -0.000000 0.000001 1.000000
vn -0.000000 0.000001 1.000000
vn 0.000000 0.000001 1.000000
vn 0.000000 0.000001 1.000000
vn 0.000000 0.000001 1.000000
vn 0.000000 0.000001 1.000000
vn 0.000000 -1.000000 0.000000
vn 0.000000 -1.000000 0.000000
vn 0.000000 -1.000000 0.000002
vn 0.000000 -1.000000 0.000004
vn -0.000000 1.000000 -0.000008
vn 0.000000 1.000000 0.000014
vn 0.000000 1.000000 0.000014
vn -0.000000 1.000000 -0.000026
vn 0.000000 -1.000000 -0.000011
vn 0.000000 -1.000000 -0.000005
vn 0.000000 -1.000000 -0.000005
vn 0.000000 -1.000000 -0.000008
vn -0.000000 1.000000 0.000002
vn 0.000000 1.000000 -0.000005
vn 0.000000 1.000000 -0.000005
vn -0.000000 1.000000 0.000008
vn 0.000000 -1.000000 0.000000
vn 0.000000 -1.000000 0.000000
vn 0.000000 -1.000000 -0.000000
vn 0.000000 -1.000000 -0.000000
vn -0.000000 1.000000 -0.000001
vn 0.000000 1.000000 -0.000000
vn 0.000000 1.000000 -0.000000
vn -0.000000 1.000000 -0.000002
vn 0.000000 -1.000000 0.000068
vn 0.000000 -1.000000 0.000068
vn 0.000000 -1.000000 0.000068
vn 0.000000 -1.000000 0.000068
vn 0.000000 1.000000 0.000068
vn 0.000000 1.000000 0.000068
vn 0.000000 1.000000 0.000068
vn 0.000000 1.000000 0.000068
vn 0.000000 1.000000 0.000000
vn 0.000000 1.000000 0.000000
vn 0.000000 1.000000 0.000000
vn 0.000000 1.000000 0.000000
vn -0.006136 0.000001 -0.999981
vn -0.006136 0.000001 -0.999981
vn -0.006136 0.000001 -0.999981
vn -0.006136 0.000001 -0.999981
vn -0.006124 0.000001 -0.999981
vn -0.006124 0.000001 -0.999981
vn -0.006124 0.000001 -0.999981
vn -0.006124 0.000001 -0.999981
vn -0.006128 -0.000013 -0.999981
vn -0.006128 -0.000013 -0.999981
vn -0.006128 -0.000013 -0.999981
vn -0.006128 -0.000013 -0.999981
vn 0.000000 -1.000000 -0.000046
vn 0.000000 -1.000000 -0.000046
vn 0.000000 -1.000000 -0.000046
vn 0.000000 -1.000000 -0.000046
vn 0.000000 1.000000 -0.000023
vn 0.000000 1.000000 -0.000023
vn 0.000000 1.000000 -0.000023
vn 0.000000 1.000000 -0.000023
vn 0.000000 0.000000 1.000000
vn 0.000000 0.000000 1.000000
vn 0.000000 0.000000 1.000000
vn 0.000000 0.000000 1.000000
vn 0.000000 0.000000 1.000000
vn 0.000000 0.000000 1.000000
vn 0.000000 0.000000 1.000000
vn 0.000000 0.000000 1.000000
vn 0.715353 0.000031 -0.698763
vn 0.715353 0.000031 -0.698763
vn 0.715353 0.000031 -0.698763
vn 0.715353 0.000031 -0.698763
vn 0.000000 0.000000 1.000000
vn 0.000000 0.000000 1.000000
vn 0.000000 0.000000 1.000000
vn 0.000000 0.000000 1.000000
vn 0.715309 0.000002 -0.698808
vn 0.715309 0.000002 -0.698808
vn 0.715309 0.000002 -0.698808
vn 0.715309 0.000002 -0.698808
vn 0.715420 -0.000006 -0.698695
vn 0.715420 -0.000006 -0.698694
vn 0.715420 -0.000006 -0.698695
vn 0.715420 -0.000006 -0.698695
vn 1.000000 0.000000 0.000000
vn 1.000000 0.000000 0.000000
vn 1.000000 0.000000 0.000000
vn 1.000000 0.000000 0.000000
vn -0.008306 0.000001 -0.999966
vn -0.008306 0.000001 -0.999966
vn -0.008306 0.000001 -0.999966
vn -0.008306 0.000001 -0.999966
vn 0.723026 0.000003 -0.690821
vn 0.723026 0.000003 -0.690821
vn 0.723026 0.000003 -0.690821
vn 0.723026 0.000003 -0.690821
vn 0.723052 0.000000 -0.690794
vn 0.723052 0.000000 -0.690794
vn 0.723052 0.000000 -0.690794
vn 0.723052 0.000000 -0.690794
vn 0.722936 0.000000 -0.690915
vn 0.722936 0.000000 -0.690915
vn 0.722936 0.000000 -0.690915
vn 0.722936 0.000000 -0.690915
vn 0.000000 1.000000 -0.000071
vn 0.000000 1.000000 -0.000071
vn 0.000000 1.000000 -0.000071
vn 0.000000 1.000000 -0.000071
vn 0.000000 -1.000000 -0.000008
vn 0.000000 -1.000000 -0.000008
vn 0.000000 -1.000000 -0.000008
vn 0.000000 -1.000000 -0.000008
vn 0.000000 -1.000000 0.000000
vn 0.000000 -1.000000 0.000000
vn 0.000000 -1.000000 0.000000
vn 0.000000 -1.000000 0.000000
vn 0.715357 0.000029 -0.698759
vn 0.715357 0.000029 -0.698759
vn 0.715357 0.000029 -0.698759
vn 0.715357 0.000029 -0.698759
vn 0.715377 -0.000029 -0.698739
vn 0.715377 -0.000029 -0.698739
vn 0.715377 -0.000029 -0.698739
vn 0.715377 -0.000029 -0.698739
vn 0.000000 -1.000000 -0.000029
vn 0.000000 -1.000000 -0.000029
vn 0.000000 -1.000000 -0.000029
vn 0.000000 -1.000000 -0.000029
vn 0.999999 0.000004 0.001337
vn 0.999999 0.000004 0.001337
vn 0.999999 0.000004 0.001337
vn 0.999999 0.000004 0.001337
vn 0.000000 1.000000 -0.000004
vn 0.000000 1.000000 -0.000004
vn 0.000000 1.000000 -0.000004
vn 0.000000 1.000000 -0.000004
vn 0.715357 0.000029 -0.698759
vn 0.715357 0.000029 -0.698759
vn 0.715357 0.000029 -0.698759
vn 0.715357 0.000029 -0.698759
vn 0.000000 1.000000 0.000000
vn 0.000000 1.000000 0.000000
vn 0.000000 1.000000 0.000000
vn 0.000000 1.000000 0.000000
vn -0.000000 1.000000 0.000000
vn 0.000000 1.000000 -0.000002
vn 0.000000 1.000000 -0.000002
vn -0.000000 1.000000 0.000002
vn 0.000000 -1.000000 -0.000001
vn 0.000000 -1.000000 -0.000002
vn 0.000000 -1.000000 -0.000002
vn 0.000000 -1.000000 -0.000002
vn 0.000000 -1.000000 0.000000
vn 0.000000 -1.000000 0.000000
vn 0.000000 -1.000000 0.000000
vn 0.000000 -1.000000 0.000000
vn 0.715332 -0.000058 -0.698785
vn 0.715332 -0.000058 -0.698785
vn 0.715332 -0.000058 -0.698785
vn 0.715332 -0.000058 -0.698785
vn -0.000000 -0.000004 1.000000
vn -0.000000 -0.000004 1.000000
vn -0.000000 -0.000006 1.000000
vn -0.000000 -0.000006 1.000000
vn -0.008303 -0.000007 -0.999966
vn -0.008303 -0.000007 -0.999966
vn -0.008303 -0.000007 -0.999966
vn -0.008303 -0.000007 -0.999966
vn 1.000000 0.000000 0.000000
vn 1.000000 0.000000 0.000000
vn 1.000000 0.000000 0.000000
vn 1.000000 0.000000 0.000000
vn 0.991033 -0.073401 -0.111650
vn 0.991033 -0.073401 -0.111650
vn 0.991033 -0.073400 -0.111650
vn 0.991033 -0.073400 -0.111650
vn -0.006125 -0.000005 -0.999981
vn -0.006125 -0.000005 -0.999981
vn -0.006125 -0.000005 -0.999981
vn -0.006125 -0.000005 -0.999981
vn 0.715302 -0.000026 -0.698816
vn 0.715302 -0.000026 -0.698816
vn 0.715302 -0.000026 -0.698816
vn 0.715302 -0.000026 -0.698816
vn 1.000000 0.000712 0.000602
vn 1.000000 0.000712 0.000602
vn 1.000000 0.000712 0.000602
vn 1.000000 0.000712 0.000602
vn 1.000000 0.000000 0.000000
vn 1.000000 0.000000 0.000000
vn 1.000000 0.000000 0.000000
vn 1.000000 0.000000 0.000000
vn -0.008316 -0.000010 -0.999965
vn -0.008316 -0.000010 -0.999965
vn -0.008316 -0.000010 -0.999965
vn -0.008316 -0.000010 -0.999965
vn 0.723062 0.000000 -0.690783
vn 0.723062 0.000000 -0.690783
vn 0.723062 0.000000 -0.690783
vn 0.723062 0.000000 -0.690783
vn 0.000000 0.000000 1.000000
vn 0.000000 0.000000 1.000000
vn 0.000000 0.000000 1.000000
vn 0.000000 0.000000 1.000000
vn 0.000000 1.000000 -0.000011
vn 0.000000 1.000000 -0.000011
vn 0.000000 1.000000 -0.000011
vn 0.000000 1.000000 -0.000011
vn 0.723014 0.000043 -0.690834
vn 0.723014 0.000043 -0.690833
vn 0.723014 0.000043 -0.690834
vn 0.723014 0.000043 -0.690834
vn 0.723066 -0.000000 -0.690779
vn 0.723066 -0.000000 -0.690779
vn 0.723066 -0.000000 -0.690779
vn 0.723066 -0.000000 -0.690779
vn 0.723056 -0.000023 -0.690789
vn 0.723056 -0.000023 -0.690789
vn 0.723056 -0.000023 -0.690790
vn 0.723056 -0.000023 -0.690790
vn 0.722975 -0.000038 -0.690874
vn 0.722975 -0.000038 -0.690874
vn 0.722975 -0.000038 -0.690874
vn 0.722975 -0.000038 -0.690874
vn 0.000000 -1.000000 -0.000023
vn 0.000000 -1.000000 -0.000023
vn 0.000000 -1.000000 -0.000023
vn 0.000000 -1.000000 -0.000023
vn 0.000000 -1.000000 0.000002
vn 0.000000 -1.000000 0.000007
vn 0.000000 -1.000000 0.000007
vn 0.000000 -1.000000 0.000004
vn 0.000000 1.000000 0.000007
vn 0.000000 1.000000 0.000007
vn 0.000000 1.000000 0.000002
vn 0.000000 1.000000 0.000004
vn -0.000000 0.000000 1.000000
vn -0.000000 0.000000 1.000000
vn -0.000000 0.000000 1.000000
vn -0.000000 0.000000 1.000000
vn 0.000000 0.000000 1.000000
vn 0.000000 0.000000 1.000000
vn 0.000000 0.000000 1.000000
vn 0.000000 0.000000 1.000000
vn 0.722971 0.000017 -0.690878
vn 0.722971 0.000017 -0.690878
vn 0.722971 0.000017 -0.690879
vn 0.722971 0.000017 -0.690878
vn 0.722982 0.000018 -0.690867
vn 0.722981 0.000018 -0.690867
vn 0.722982 0.000018 -0.690867
vn 0.722982 0.000018 -0.690867
vn 0.715383 0.000018 -0.698733
vn 0.715383 0.000018 -0.698733
vn 0.715383 0.000018 -0.698733
vn 0.715383 0.000018 -0.698733
vn 0.715344 0.000036 -0.698772
vn 0.715344 0.000036 -0.698772
vn 0.715344 0.000036 -0.698772
vn 0.715345 0.000036 -0.698772
vn 0.715396 0.000019 -0.698719
vn 0.715397 0.000019 -0.698719
vn 0.715397 0.000019 -0.698719
vn 0.715397 0.000019 -0.698719
vn -0.006129 0.000025 -0.999981
vn -0.006129 0.000025 -0.999981
vn -0.006129 0.000025 -0.999981
vn -0.006129 0.000025 -0.999981
vn 0.000000 0.000000 1.000000
vn 0.000000 0.000000 1.000000
vn 0.000000 0.000000 1.000000
vn 0.000000 0.000000 1.000000
vn 0.723013 -0.000005 -0.690834
vn 0.723013 -0.000005 -0.690834
vn 0.723013 -0.000005 -0.690834
vn 0.723013 -0.000005 -0.690834
vn 0.723017 -0.000043 -0.690831
vn 0.723017 -0.000043 -0.690831
vn 0.723017 -0.000043 -0.690831
vn 0.723017 -0.000043 -0.690831
vn 0.715356 -0.000026 -0.698760
vn 0.715356 -0.000026 -0.698760
vn 0.715356 -0.000026 -0.698760
vn 0.715356 -0.000026 -0.698760
vn 0.715358 -0.000032 -0.698758
vn 0.715358 -0.000032 -0.698758
vn 0.715358 -0.000032 -0.698758
vn 0.715358 -0.000032 -0.698758
vn 0.715354 -0.000032 -0.698763
vn 0.715353 -0.000032 -0.698763
vn 0.715354 -0.000032 -0.698763
vn 0.715354 -0.000032 -0.698763
vn -0.006135 -0.000003 -0.999981
vn -0.006135 -0.000003 -0.999981
vn -0.006135 -0.000003 -0.999981
vn -0.006135 -0.000003 -0.999981
vn -0.000000 0.000000 1.000000
vn -0.000000 0.000000 1.000000
vn -0.000000 0.000000 1.000000
vn -0.000000 0.000000 1.000000
vn 0.715342 -0.000073 -0.698775
vn 0.715342 -0.000073 -0.698775
vn 0.715342 -0.000073 -0.698775
vn 0.715342 -0.000073 -0.698775
vn 0.715351 -0.000049 -0.698766
vn 0.715351 -0.000049 -0.698765
vn 0.715351 -0.000049 -0.698765
vn 0.715351 -0.000049 -0.698765
vn 0.000000 -0.000005 1.000000
vn 0.000000 -0.000005 1.000000
vn 0.000000 -0.000008 1.000000
vn 0.000000 -0.000008 1.000000
vn -0.006143 0.000004 -0.999981
vn -0.006143 0.000004 -0.999981
vn -0.006143 0.000004 -0.999981
vn -0.006143 0.000004 -0.999981
vn 0.715317 0.000013 -0.698801
vn 0.715317 0.000013 -0.698801
vn 0.715317 0.000013 -0.698801
vn 0.715317 0.000013 -0.698801
vn 0.715354 0.000019 -0.698762
vn 0.715354 0.000019 -0.698762
vn 0.715354 0.000019 -0.698762
vn 0.715354 0.000019 -0.698762
vn 0.715348 0.000019 -0.698768
vn 0.715348 0.000019 -0.698768
vn 0.715348 0.000019 -0.698768
vn 0.715348 0.000019 -0.698768
vn 0.723051 0.000036 -0.690794
vn 0.723051 0.000036 -0.690794
vn 0.723051 0.000036 -0.690794
vn 0.723051 0.000036 -0.690794
vn 0.723057 0.000016 -0.690788
vn 0.723057 0.000016 -0.690788
vn 0.723057 0.000016 -0.690788
vn 0.723057 0.000016 -0.690788
vn 0.000000 0.000000 1.000000
vn 0.000000 0.000000 1.000000
vn 0.000000 0.000000 1.000000
vn 0.000000 0.000000 1.000000
vn 0.718396 0.000043 -0.695635
vn 0.718395 0.000043 -0.695635
vn 0.718395 0.000043 -0.695635
vn 0.718395 0.000043 -0.695635
vn 0.718432 0.000061 -0.695597
vn 0.718432 0.000061 -0.695597
vn 0.718432 0.000061 -0.695597
vn 0.718432 0.000061 -0.695597
vn 0.717268 0.002979 -0.696792
vn 0.717268 0.002979 -0.696791
vn 0.717268 0.002979 -0.696792
vn 0.717268 0.002979 -0.696792
vn 0.723060 0.000000 -0.690786
vn 0.723060 0.000000 -0.690786
vn 0.723060 0.000000 -0.690786
vn 0.723060 0.000000 -0.690786
vn 0.723082 -0.000021 -0.690762
vn 0.723082 -0.000021 -0.690762
vn 0.723082 -0.000021 -0.690762
vn 0.723082 -0.000021 -0.690762
vn 0.718433 -0.000062 -0.695596
vn 0.718433 -0.000062 -0.695596
vn 0.718433 -0.000062 -0.695596
vn 0.718433 -0.000062 -0.695596
vn 0.718391 -0.000034 -0.695639
vn 0.718391 -0.000034 -0.695639
vn 0.718391 -0.000034 -0.695639
vn 0.718391 -0.000034 -0.695639
vn 0.000000 -1.000000 -0.000003
vn 0.000000 -1.000000 -0.000009
vn 0.000000 -1.000000 -0.000009
vn 0.000000 -1.000000 -0.000006
vn 0.000000 1.000000 0.000000
vn 0.000000 1.000000 0.000000
vn 0.000000 1.000000 0.000014
vn 0.000000 1.000000 0.000008
vn 0.000000 -1.000000 0.000000
vn 0.000000 -1.000000 0.000000
vn 0.000000 -1.000000 0.000000
vn 0.000000 -1.000000 0.000000
vn 0.715357 -0.000058 -0.698759
vn 0.715357 -0.000058 -0.698759
vn 0.715357 -0.000058 -0.698759
vn 0.715357 -0.000058 -0.698759
vn 0.715359 -0.000054 -0.698757
vn 0.715359 -0.000054 -0.698757
vn 0.715359 -0.000054 -0.698757
vn 0.715359 -0.000054 -0.698757
vn 0.715304 0.000000 -0.698813
vn 0.715304 0.000000 -0.698813
vn 0.715304 0.000000 -0.698813
vn 0.715304 0.000000 -0.698813
vn 0.715354 0.000082 -0.698762
vn 0.715354 0.000082 -0.698762
vn 0.715354 0.000082 -0.698762
vn 0.715354 0.000082 -0.698762
vn 0.715357 0.000054 -0.698759
vn 0.715357 0.000054 -0.698759
vn 0.715357 0.000054 -0.698759
vn 0.715357 0.000054 -0.698759
vn 0.715375 0.000055 -0.698740
vn 0.715375 0.000055 -0.698741
vn 0.715375 0.000055 -0.698740
vn 0.715375 0.000055 -0.698741
vn 0.000000 1.000000 0.000000
vn 0.000000 1.000000 0.000000
vn 0.000000 1.000000 0.000000
vn 0.000000 1.000000 0.000000
vn 0.000000 -1.000000 0.000000
vn 0.000000 -1.000000 0.000000
vn 0.000000 -1.000000 0.000000
vn 0.000000 -1.000000 0.000000
vn 0.000000 1.000000 0.000000
vn 0.000000 1.000000 0.000000
vn 0.000000 1.000000 0.000000
vn 0.000000 1.000000 0.000000
vn 1.000000 0.000000 0.000000
vn 1.000000 0.000000 0.000000
vn 1.000000 0.000000 0.000000
vn 1.000000 0.000000 0.000000
vn 1.000000 0.000000 0.000000
vn 1.000000 0.000000 0.000000
vn 1.000000 0.000000 0.000000
vn 1.000000 0.000000 0.000000
vn 1.000000 0.000000 0.000000
vn 1.000000 0.000000 0.000000
vn 1.000000 0.000000 0.000000
vn 1.000000 0.000000 0.000000
vn 0.000025 -1.000000 0.000000
vn 0.000025 -1.000000 0.000000
vn 0.000025 -1.000000 0.000000
vn 0.000025 -1.000000 0.000000
vn 0.000000 1.000000 0.000000
vn 0.000000 1.000000 0.000000
vn 0.000000 1.000000 0.000000
vn 0.000000 1.000000 0.000000
vn -0.000000 1.000000 -0.000037
vn 0.000000 1.000000 -0.000030
vn 0.000000 1.000000 -0.000030
vn -0.000000 1.000000 -0.000043
vn 0.000000 1.000000 0.000040
vn 0.000000 1.000000 0.000040
vn 0.000000 1.000000 0.000040
vn 0.000000 1.000000 0.000040
vn 0.715388 0.000014 -0.698728
vn 0.715388 0.000014 -0.698728
vn 0.715388 0.000014 -0.698728
vn 0.715388 0.000014 -0.698728
vn 0.715361 0.000005 -0.698755
vn 0.715361 0.000005 -0.698755
vn 0.715361 0.000005 -0.698755
vn 0.715361 0.000005 -0.698755
vn 0.715308 0.000002 -0.698809
vn 0.715308 0.000002 -0.698809
vn 0.715308 0.000002 -0.698809
vn 0.715308 0.000002 -0.698809
vn 0.715304 0.000001 -0.698813
vn 0.715304 0.000001 -0.698813
vn 0.715304 0.000001 -0.698813
vn 0.715304 0.000001 -0.698813
vn 0.715299 -0.000004 -0.698819
vn 0.715299 -0.000004 -0.698819
vn 0.715299 -0.000004 -0.698819
vn 0.715299 -0.000004 -0.698819
vn 0.715355 -0.000008 -0.698761
vn 0.715355 -0.000008 -0.698761
vn 0.715355 -0.000008 -0.698761
vn 0.715355 -0.000008 -0.698761
vn 0.715390 0.000016 -0.698726
vn 0.715390 0.000016 -0.698726
vn 0.715390 0.000016 -0.698726
vn 0.715390 0.000016 -0.698726
vn 0.000000 -1.000000 0.000040
vn 0.000000 -1.000000 0.000040
vn 0.000000 -1.000000 0.000040
vn 0.000000 -1.000000 0.000040
vn 0.000000 -1.000000 0.000000
vn 0.000000 -1.000000 0.000000
vn 0.000000 -1.000000 0.000004
vn 0.000000 -1.000000 0.000007
vn 0.715303 0.000019 -0.698815
vn 0.715303 0.000019 -0.698815
vn 0.715303 0.000019 -0.698815
vn 0.715303 0.000019 -0.698815
vn 0.715308 -0.000015 -0.698809
vn 0.715308 -0.000015 -0.698809
vn 0.715308 -0.000015 -0.698809
vn 0.715308 -0.000015 -0.698809
vn 0.723089 0.000024 -0.690755
vn 0.723089 0.000024 -0.690755
vn 0.723089 0.000024 -0.690755
vn 0.723089 0.000024 -0.690755
vn 0.717288 -0.003802 -0.696766
vn 0.717288 -0.003802 -0.696766
vn 0.717288 -0.003802 -0.696766
vn 0.717288 -0.003802 -0.696766
vn 0.000000 -1.000000 0.000000
vn 0.000000 -1.000000 0.000000
vn 0.000000 -1.000000 0.000000
vn 0.000000 -1.000000 0.000000
vn 0.000000 -1.000000 -0.000006
vn 0.000000 -1.000000 -0.000006
vn 0.000000 -1.000000 -0.000006
vn 0.000000 -1.000000 -0.000006
vn -0.003287 0.000128 -0.999995
vn -0.003287 0.000128 -0.999995
vn -0.003287 0.000128 -0.999995
vn -0.003287 0.000128 -0.999995
vn -0.003284 0.000000 -0.999995
vn -0.003284 0.000000 -0.999995
vn -0.003284 0.000000 -0.999995
vn -0.003284 0.000000 -0.999995
vn -0.003287 -0.000185 -0.999995
vn -0.003287 -0.000185 -0.999995
vn -0.003287 -0.000185 -0.999995
vn -0.003287 -0.000185 -0.999995
vn 0.000000 1.000000 0.000001
vn 0.000000 1.000000 0.000001
vn 0.000000 1.000000 0.000001
vn 0.000000 1.000000 0.000001
vn 0.000000 1.000000 -0.000002
vn 0.000000 1.000000 -0.000002
vn 0.000000 1.000000 -0.000002
vn 0.000000 1.000000 -0.000002
vn 0.715363 -0.000082 -0.698753
vn 0.715363 -0.000082 -0.698753
vn 0.715363 -0.000082 -0.698753
vn 0.715363 -0.000082 -0.698753
vn 0.000000 1.000000 0.000002
vn 0.000000 1.000000 0.000002
vn 0.000000 1.000000 0.000002
vn 0.999999 0.000788 0.001148
vn 0.999999 0.000788 0.001148
vn 0.999999 0.000788 0.001148
vn 0.999999 0.000788 0.001148
vn 0.999999 -0.000001 0.001117
vn 0.999999 -0.000001 0.001117
vn 0.999999 -0.000001 0.001117
vn 0.999999 -0.000001 0.001117
vn 0.996988 -0.077383 0.005112
vn 0.996988 -0.077383 0.005112
vn 0.996988 -0.077383 0.005112
vn 0.996988 -0.077383 0.005112
vn 0.000000 -1.000000 0.000002
vn 0.000000 -1.000000 0.000002
vn 0.000000 -1.000000 0.000002
vn -0.003068 0.000016 -0.999995
vn -0.003079 0.000025 -0.999995
vn -0.003079 0.000025 -0.999995
vn -0.003068 0.000016 -0.999995
vn -0.003068 0.000001 -0.999995
vn -0.003079 0.000001 -0.999995
vn -0.003079 0.000001 -0.999995
vn -0.003068 0.000001 -0.999995
vn -0.003068 0.000006 -0.999995
vn -0.003078 0.000008 -0.999995
vn -0.003078 0.000008 -0.999995
vn -0.003068 0.000006 -0.999995
vn -0.003079 0.000000 -0.999995
vn -0.003068 0.000000 -0.999995
vn -0.003068 0.000000 -0.999995
vn -0.003079 0.000000 -0.999995
vn -0.003068 -0.000000 -0.999995
vn -0.003078 -0.000000 -0.999995
vn -0.003078 -0.000000 -0.999995
vn -0.003068 -0.000000 -0.999995
vn -0.003068 -0.000003 -0.999995
vn -0.003078 -0.000003 -0.999995
vn -0.003078 -0.000003 -0.999995
vn -0.003068 -0.000003 -0.999995
vn -0.003079 -0.000026 -0.999995
vn -0.003068 -0.000020 -0.999995
vn -0.003068 -0.000020 -0.999995
vn -0.003079 -0.000026 -0.999995
vn 0.000000 -1.000000 0.000072
vn 0.000000 -1.000000 0.000072
vn 0.000000 -1.000000 0.000072
vn 0.000000 -1.000000 0.000072
vn 0.000000 -1.000000 0.000001
vn 0.000000 -1.000000 0.000001
vn 0.000000 -1.000000 0.000001
vn 0.000000 -1.000000 0.000001
vn 0.000000 -1.000000 0.000000
vn 0.000000 -1.000000 0.000000
vn 0.000000 -1.000000 0.000000
vn 0.000000 -1.000000 0.000000
vn 0.000000 -1.000000 0.000028
vn 0.000000 -1.000000 0.000028
vn 0.000000 -1.000000 0.000028
vn 0.000000 -1.000000 0.000028
vn -0.003735 0.000129 -0.999993
vn -0.003735 0.000129 -0.999993
vn -0.003735 0.000129 -0.999993
vn -0.003735 0.000129 -0.999993
vn -0.004121 0.000000 -0.999992
vn -0.004121 0.000000 -0.999992
vn -0.004121 0.000000 -0.999992
vn -0.004121 0.000000 -0.999992
vn -0.003753 -0.000164 -0.999993
vn -0.003753 -0.000164 -0.999993
vn -0.003753 -0.000164 -0.999993
vn -0.003753 -0.000164 -0.999993
vn 0.000000 1.000000 0.000000
vn 0.000000 1.000000 0.000000
vn 0.000000 1.000000 0.000000
vn 0.000000 1.000000 0.000000
vn 0.000000 1.000000 0.000001
vn 0.000000 1.000000 0.000001
vn 0.000000 1.000000 0.000001
vn 0.000000 1.000000 0.000001
vn 0.000000 1.000000 0.000000
vn 0.000000 1.000000 0.000000
vn 0.000000 1.000000 0.000000
vn 0.000000 1.000000 0.000000
vn 0.000000 1.000000 -0.000009
vn 0.000000 1.000000 -0.000009
vn 0.000000 1.000000 -0.000009
vn 0.000000 1.000000 -0.000009
vn -0.003057 0.000008 -0.999995
vn -0.003057 0.000008 -0.999995
vn -0.003057 0.000002 -0.999995
vn -0.003057 0.000002 -0.999995
vn -0.003057 0.000004 -0.999995
vn -0.003057 0.000004 -0.999995
vn -0.003057 0.000000 -0.999995
vn -0.003057 0.000000 -0.999995
vn -0.003057 -0.000000 -0.999995
vn -0.003057 -0.000000 -0.999995
vn -0.003057 -0.000003 -0.999995
vn -0.003057 -0.000003 -0.999995
vn -0.003057 -0.000013 -0.999995
vn -0.003057 -0.000013 -0.999995
vn 0.000000 -1.000000 0.000011
vn 0.000000 -1.000000 0.000011
vn 0.000000 -1.000000 -0.000015
vn 0.000000 -1.000000 -0.000015
vn 0.000000 -1.000000 0.000006
vn 0.000000 -1.000000 0.000006
vn 0.000000 -1.000000 0.000000
vn 0.000000 -1.000000 0.000000
vn 0.000000 -1.000000 -0.000001
vn 0.000000 -1.000000 -0.000001
vn 0.000000 -1.000000 0.000000
vn 0.000000 -1.000000 0.000000
vn 0.000000 -1.000000 0.000000
vn 0.000000 -1.000000 0.000000
vn 0.000000 -1.000000 0.000000
vn 0.000000 -1.000000 0.000000
vn 0.000000 0.000026 1.000000
vn 0.000000 0.000026 1.000000
vn 0.000000 0.000000 1.000000
vn 0.000000 0.000000 1.000000
vn 0.000000 -0.000010 1.000000
vn 0.000000 -0.000010 1.000000
vn 0.000000 0.000001 1.000000
vn 0.000000 0.000001 1.000000
vn 0.000000 -0.000008 1.000000
vn 0.000000 -0.000008 1.000000
vn 0.000000 0.000001 1.000000
vn 0.000000 0.000001 1.000000
vn 0.000000 0.000000 1.000000
vn 0.000000 0.000000 1.000000
vn 0.000000 1.000000 0.000005
vn 0.000000 1.000000 0.000005
vn 0.000000 1.000000 -0.000002
vn 0.000000 1.000000 -0.000002
vn 0.000000 1.000000 0.000022
vn 0.000000 1.000000 0.000022
vn -0.000000 1.000000 -0.000003
vn -0.000000 1.000000 -0.000003
vn -0.000000 1.000000 0.000004
vn -0.000000 1.000000 0.000004
vn -0.000000 1.000000 -0.000049
vn -0.000000 1.000000 -0.000049
vn -0.000000 1.000000 0.000015
vn -0.000000 1.000000 0.000015
vn -0.000000 1.000000 -0.000051
vn -0.000000 1.000000 -0.000051
vn 0.000000 1.000000 -0.000022
vn 0.000000 1.000000 -0.000014
vn 0.000000 1.000000 -0.000008
vn 0.000000 1.000000 -0.000022
vn 0.000000 0.000020 1.000000
vn 0.000000 0.000020 1.000000
vn 0.000000 0.000013 1.000000
vn 0.000000 0.000013 1.000000
vn 0.000000 -1.000000 -0.000016
vn 0.000000 -1.000000 -0.000029
vn 0.000000 -1.000000 -0.000045
vn 0.000000 -1.000000 -0.000045
vn 0.000000 0.000001 1.000000
vn 0.000000 0.000001 1.000000
vn 0.000000 0.000001 1.000000
vn 0.000000 0.000001 1.000000
vn 0.000000 0.000001 1.000000
vn 0.000000 0.000001 1.000000
vn 0.000000 0.000001 1.000000
vn 0.000000 0.000001 1.000000
vn 0.000000 -1.000000 0.000009
vn 0.000000 -1.000000 0.000003
vn 0.000000 -1.000000 0.000006
vn 0.000000 -1.000000 0.000009
vn 0.000000 1.000000 -0.000002
vn 0.000000 1.000000 -0.000023
vn 0.000000 1.000000 0.000025
vn 0.000000 1.000000 0.000025
vn -0.000000 -1.000000 -0.000009
vn -0.000000 -1.000000 -0.000005
vn 0.000000 -1.000000 0.000000
vn 0.000000 -1.000000 0.000000
vn 0.000000 1.000000 0.000005
vn 0.000000 1.000000 0.000009
vn 0.000000 1.000000 0.000000
vn 0.000000 1.000000 0.000000
vn 0.000000 -1.000000 0.000001
vn 0.000000 -1.000000 0.000000
vn 0.000000 -1.000000 0.000001
vn 0.000000 -1.000000 0.000001
vn 0.000000 1.000000 -0.000000
vn 0.000000 1.000000 -0.000002
vn 0.000000 1.000000 0.000002
vn 0.000000 1.000000 0.000002
vn 0.000000 -1.000000 0.000041
vn 0.000000 -1.000000 0.000041
vn 0.000000 -1.000000 0.000041
vn 0.000000 -1.000000 0.000041
vn 0.000000 1.000000 0.000073
vn 0.000000 1.000000 0.000073
vn 0.000000 1.000000 0.000073
vn 0.000000 1.000000 0.000073
vn 0.000000 1.000000 0.000000
vn 0.000000 1.000000 0.000000
vn 0.000000 1.000000 0.000000
vn 0.000000 1.000000 0.000000
vn 0.006136 0.000001 -0.999981
vn 0.006136 0.000001 -0.999981
vn 0.006136 0.000001 -0.999981
vn 0.006136 0.000001 -0.999981
vn 0.006124 0.000001 -0.999981
vn 0.006124 0.000001 -0.999981
vn 0.006124 0.000001 -0.999981
vn 0.006124 0.000001 -0.999981
vn 0.006128 -0.000013 -0.999981
vn 0.006128 -0.000013 -0.999981
vn 0.006128 -0.000013 -0.999981
vn 0.006128 -0.000013 -0.999981
vn 0.000000 -1.000000 -0.000034
vn 0.000000 -1.000000 -0.000034
vn 0.000000 -1.000000 -0.000034
vn 0.000000 -1.000000 -0.000034
vn 0.000000 1.000000 -0.000041
vn 0.000000 1.000000 -0.000041
vn 0.000000 1.000000 -0.000041
vn 0.000000 1.000000 -0.000041
vn 0.000000 0.000000 1.000000
vn 0.000000 0.000000 1.000000
vn 0.000000 0.000000 1.000000
vn 0.000000 0.000000 1.000000
vn 0.000000 0.000000 1.000000
vn 0.000000 0.000000 1.000000
vn 0.000000 0.000000 1.000000
vn 0.000000 0.000000 1.000000
vn -0.715353 0.000032 -0.698763
vn -0.715353 0.000032 -0.698763
vn -0.715353 0.000032 -0.698763
vn -0.715353 0.000032 -0.698763
vn 0.000000 0.000000 1.000000
vn 0.000000 0.000000 1.000000
vn 0.000000 0.000000 1.000000
vn 0.000000 0.000000 1.000000
vn -0.715309 0.000001 -0.698808
vn -0.715309 0.000001 -0.698808
vn -0.715309 0.000001 -0.698808
vn -0.715309 0.000001 -0.698808
vn -0.715411 -0.000028 -0.698704
vn -0.715411 -0.000028 -0.698704
vn -0.715411 -0.000028 -0.698704
vn -0.715411 -0.000028 -0.698704
vn -1.000000 0.000000 0.000000
vn -1.000000 0.000000 0.000000
vn -1.000000 0.000000 0.000000
vn -1.000000 0.000000 0.000000
vn 0.008306 0.000001 -0.999966
vn 0.008306 0.000001 -0.999966
vn 0.008306 0.000001 -0.999966
vn 0.008306 0.000001 -0.999966
vn -0.723026 0.000004 -0.690821
vn -0.723026 0.000004 -0.690821
vn -0.723026 0.000004 -0.690821
vn -0.723026 0.000004 -0.690821
vn -0.723051 0.000000 -0.690794
vn -0.723051 0.000000 -0.690794
vn -0.723051 0.000000 -0.690794
vn -0.723051 0.000000 -0.690794
vn -0.722936 0.000000 -0.690915
vn -0.722936 0.000000 -0.690915
vn -0.722936 0.000000 -0.690915
vn -0.722936 0.000000 -0.690915
vn 0.000000 1.000000 -0.000035
vn 0.000000 1.000000 -0.000035
vn 0.000000 1.000000 -0.000035
vn 0.000000 1.000000 -0.000035
vn 0.000000 -1.000000 0.000000
vn 0.000000 -1.000000 0.000000
vn 0.000000 -1.000000 0.000000
vn 0.000000 -1.000000 0.000000
vn 0.000000 -1.000000 0.000000
vn 0.000000 -1.000000 0.000000
vn 0.000000 -1.000000 0.000000
vn 0.000000 -1.000000 0.000000
vn -0.715357 0.000029 -0.698759
vn -0.715357 0.000029 -0.698759
vn -0.715357 0.000029 -0.698759
vn -0.715357 0.000029 -0.698759
vn -0.715384 -0.000029 -0.698732
vn -0.715384 -0.000029 -0.698732
vn -0.715384 -0.000029 -0.698732
vn -0.715384 -0.000029 -0.698732
vn 0.000000 -1.000000 0.000000
vn 0.000000 -1.000000 0.000000
vn 0.000000 -1.000000 0.000000
vn 0.000000 -1.000000 0.000000
vn -0.999999 0.000002 0.001337
vn -0.999999 0.000002 0.001337
vn -0.999999 0.000002 0.001337
vn -0.999999 0.000002 0.001337
vn 0.000000 1.000000 0.000000
vn 0.000000 1.000000 0.000000
vn 0.000000 1.000000 0.000000
vn 0.000000 1.000000 0.000000
vn -0.715357 0.000029 -0.698759
vn -0.715357 0.000029 -0.698759
vn -0.715357 0.000029 -0.698759
vn -0.715357 0.000029 -0.698759
vn 0.000000 1.000000 -0.000003
vn 0.000000 1.000000 -0.000003
vn 0.000000 1.000000 -0.000003
vn 0.000000 1.000000 -0.000003
vn 0.000000 1.000000 0.000000
vn 0.000000 1.000000 0.000002
vn 0.000000 1.000000 -0.000002
vn 0.000000 1.000000 -0.000002
vn 0.000000 -1.000000 -0.000001
vn 0.000000 -1.000000 -0.000001
vn 0.000000 -1.000000 -0.000002
vn 0.000000 -1.000000 -0.000002
vn 0.000000 -1.000000 0.000008
vn 0.000000 -1.000000 0.000008
vn 0.000000 -1.000000 0.000008
vn 0.000000 -1.000000 0.000008
vn -0.715325 -0.000029 -0.698792
vn -0.715325 -0.000029 -0.698792
vn -0.715325 -0.000029 -0.698792
vn -0.715325 -0.000029 -0.698792
vn 0.000000 -0.000004 1.000000
vn 0.000000 -0.000006 1.000000
vn 0.000000 -0.000006 1.000000
vn 0.000000 -0.000004 1.000000
vn 0.008312 -0.000007 -0.999965
vn 0.008312 -0.000007 -0.999965
vn 0.008312 -0.000007 -0.999965
vn 0.008312 -0.000007 -0.999965
vn -1.000000 0.000000 0.000000
vn -1.000000 0.000000 0.000000
vn -1.000000 0.000000 0.000000
vn -1.000000 0.000000 0.000000
vn -0.991035 -0.073381 -0.111647
vn -0.991035 -0.073381 -0.111647
vn -0.991035 -0.073381 -0.111647
vn -0.991035 -0.073381 -0.111647
vn 0.006126 -0.000005 -0.999981
vn 0.006126 -0.000005 -0.999981
vn 0.006126 -0.000005 -0.999981
vn 0.006126 -0.000005 -0.999981
vn -0.715303 -0.000022 -0.698815
vn -0.715303 -0.000022 -0.698815
vn -0.715303 -0.000022 -0.698815
vn -0.715303 -0.000022 -0.698815
vn -1.000000 0.000736 0.000602
vn -1.000000 0.000736 0.000602
vn -1.000000 0.000736 0.000602
vn -1.000000 0.000736 0.000602
vn -1.000000 0.000000 0.000000
vn -1.000000 0.000000 0.000000
vn -1.000000 0.000000 0.000000
vn -1.000000 0.000000 0.000000
vn 0.008316 -0.000010 -0.999965
vn 0.008316 -0.000010 -0.999965
vn 0.008316 -0.000010 -0.999965
vn 0.008316 -0.000010 -0.999965
vn -0.723062 0.000000 -0.690783
vn -0.723062 0.000000 -0.690783
vn -0.723062 0.000000 -0.690783
vn -0.723062 0.000000 -0.690783
vn 0.000000 0.000000 1.000000
vn 0.000000 0.000000 1.000000
vn 0.000000 0.000000 1.000000
vn 0.000000 0.000000 1.000000
vn 0.000000 1.000000 0.000000
vn 0.000000 1.000000 0.000000
vn 0.000000 1.000000 0.000000
vn 0.000000 1.000000 0.000000
vn -0.723015 0.000041 -0.690833
vn -0.723015 0.000041 -0.690833
vn -0.723015 0.000041 -0.690833
vn -0.723015 0.000041 -0.690833
vn -0.723067 0.000000 -0.690778
vn -0.723067 0.000000 -0.690778
vn -0.723067 0.000000 -0.690778
vn -0.723067 0.000000 -0.690778
vn -0.723050 -0.000013 -0.690796
vn -0.723050 -0.000013 -0.690796
vn -0.723050 -0.000013 -0.690796
vn -0.723050 -0.000013 -0.690796
vn -0.722981 -0.000034 -0.690868
vn -0.722981 -0.000034 -0.690868
vn -0.722980 -0.000034 -0.690868
vn -0.722981 -0.000034 -0.690868
vn 0.000000 -1.000000 0.000000
vn 0.000000 -1.000000 0.000000
vn 0.000000 -1.000000 0.000000
vn 0.000000 -1.000000 0.000000
vn 0.000000 -1.000000 0.000003
vn 0.000000 -1.000000 0.000005
vn 0.000000 -1.000000 0.000007
vn 0.000000 -1.000000 0.000007
vn 0.000000 1.000000 0.000008
vn 0.000000 1.000000 0.000005
vn 0.000000 1.000000 0.000003
vn 0.000000 1.000000 0.000008
vn 0.000000 0.000000 1.000000
vn 0.000000 0.000000 1.000000
vn 0.000000 0.000000 1.000000
vn 0.000000 0.000000 1.000000
vn 0.000000 0.000000 1.000000
vn 0.000000 0.000000 1.000000
vn 0.000000 0.000000 1.000000
vn 0.000000 0.000000 1.000000
vn -0.722971 0.000000 -0.690879
vn -0.722971 0.000000 -0.690878
vn -0.722971 0.000000 -0.690879
vn -0.722971 0.000000 -0.690879
vn -0.722984 0.000022 -0.690865
vn -0.722984 0.000022 -0.690865
vn -0.722984 0.000022 -0.690865
vn -0.722984 0.000022 -0.690865
vn -0.715383 0.000018 -0.698733
vn -0.715383 0.000018 -0.698733
vn -0.715383 0.000018 -0.698733
vn -0.715383 0.000018 -0.698733
vn -0.715353 0.000055 -0.698763
vn -0.715353 0.000055 -0.698763
vn -0.715353 0.000055 -0.698763
vn -0.715353 0.000055 -0.698763
vn -0.715401 0.000035 -0.698714
vn -0.715401 0.000035 -0.698714
vn -0.715401 0.000035 -0.698714
vn -0.715401 0.000035 -0.698714
vn 0.006129 0.000025 -0.999981
vn 0.006129 0.000025 -0.999981
vn 0.006129 0.000025 -0.999981
vn 0.006129 0.000025 -0.999981
vn 0.000000 0.000000 1.000000
vn 0.000000 0.000000 1.000000
vn 0.000000 0.000000 1.000000
vn 0.000000 0.000000 1.000000
vn -0.723013 -0.000005 -0.690834
vn -0.723013 -0.000005 -0.690834
vn -0.723013 -0.000005 -0.690834
vn -0.723013 -0.000005 -0.690834
vn -0.723017 -0.000044 -0.690831
vn -0.723017 -0.000044 -0.690831
vn -0.723017 -0.000044 -0.690831
vn -0.723017 -0.000044 -0.690831
vn -0.715357 -0.000027 -0.698760
vn -0.715357 -0.000027 -0.698760
vn -0.715357 -0.000027 -0.698760
vn -0.715357 -0.000027 -0.698760
vn -0.715358 -0.000030 -0.698758
vn -0.715358 -0.000030 -0.698758
vn -0.715358 -0.000030 -0.698758
vn -0.715358 -0.000030 -0.698758
vn -0.715353 -0.000032 -0.698763
vn -0.715353 -0.000032 -0.698763
vn -0.715353 -0.000032 -0.698763
vn -0.715353 -0.000032 -0.698763
vn 0.006135 -0.000003 -0.999981
vn 0.006135 -0.000003 -0.999981
vn 0.006135 -0.000003 -0.999981
vn 0.006135 -0.000003 -0.999981
vn 0.000000 0.000000 1.000000
vn 0.000000 0.000000 1.000000
vn 0.000000 0.000000 1.000000
vn 0.000000 0.000000 1.000000
vn -0.715345 -0.000048 -0.698771
vn -0.715346 -0.000048 -0.698771
vn -0.715345 -0.000048 -0.698771
vn -0.715346 -0.000048 -0.698771
vn -0.715347 -0.000049 -0.698769
vn -0.715347 -0.000049 -0.698769
vn -0.715347 -0.000049 -0.698769
vn -0.715347 -0.000049 -0.698769
vn 0.000000 -0.000005 1.000000
vn 0.000000 -0.000008 1.000000
vn 0.000000 -0.000008 1.000000
vn 0.000000 -0.000005 1.000000
vn 0.006143 0.000004 -0.999981
vn 0.006143 0.000004 -0.999981
vn 0.006143 0.000004 -0.999981
vn 0.006143 0.000004 -0.999981
vn -0.715313 0.000017 -0.698805
vn -0.715313 0.000017 -0.698805
vn -0.715313 0.000017 -0.698805
vn -0.715313 0.000017 -0.698805
vn -0.715354 0.000038 -0.698762
vn -0.715354 0.000038 -0.698762
vn -0.715354 0.000038 -0.698762
vn -0.715354 0.000038 -0.698762
vn -0.715348 0.000019 -0.698768
vn -0.715348 0.000019 -0.698768
vn -0.715348 0.000019 -0.698768
vn -0.715348 0.000019 -0.698768
vn -0.723049 0.000031 -0.690797
vn -0.723049 0.000031 -0.690796
vn -0.723049 0.000031 -0.690797
vn -0.723049 0.000031 -0.690796
vn -0.723058 0.000016 -0.690788
vn -0.723058 0.000016 -0.690788
vn -0.723058 0.000016 -0.690788
vn -0.723058 0.000016 -0.690788
vn 0.000000 0.000000 1.000000
vn 0.000000 0.000000 1.000000
vn 0.000000 0.000000 1.000000
vn 0.000000 0.000000 1.000000
vn -0.718402 0.000044 -0.695628
vn -0.718402 0.000044 -0.695628
vn -0.718402 0.000044 -0.695628
vn -0.718402 0.000044 -0.695628
vn -0.718431 0.000061 -0.695598
vn -0.718431 0.000061 -0.695598
vn -0.718431 0.000061 -0.695598
vn -0.718431 0.000061 -0.695598
vn -0.717267 0.002986 -0.696792
vn -0.717267 0.002986 -0.696792
vn -0.717267 0.002986 -0.696792
vn -0.717267 0.002986 -0.696792
vn -0.723060 0.000000 -0.690786
vn -0.723060 0.000000 -0.690786
vn -0.723060 0.000000 -0.690786
vn -0.723060 0.000000 -0.690786
vn -0.723082 -0.000032 -0.690762
vn -0.723082 -0.000032 -0.690762
vn -0.723082 -0.000032 -0.690762
vn -0.723082 -0.000032 -0.690762
vn -0.718433 -0.000062 -0.695597
vn -0.718433 -0.000062 -0.695597
vn -0.718433 -0.000062 -0.695597
vn -0.718433 -0.000062 -0.695597
vn -0.718404 -0.000012 -0.695626
vn -0.718404 -0.000012 -0.695626
vn -0.718404 -0.000012 -0.695626
vn -0.718404 -0.000012 -0.695626
vn 0.000000 -1.000000 0.000000
vn 0.000000 -1.000000 0.000000
vn 0.000000 -1.000000 0.000000
vn 0.000000 -1.000000 0.000000
vn 0.000000 1.000000 -0.000003
vn 0.000000 1.000000 0.000009
vn 0.000000 1.000000 0.000017
vn 0.000000 1.000000 -0.000003
vn 0.000000 -1.000000 0.000000
vn 0.000000 -1.000000 0.000000
vn 0.000000 -1.000000 0.000000
vn 0.000000 -1.000000 0.000000
vn -0.715366 -0.000047 -0.698750
vn -0.715366 -0.000047 -0.698750
vn -0.715366 -0.000047 -0.698750
vn -0.715366 -0.000047 -0.698750
vn -0.715359 -0.000055 -0.698757
vn -0.715359 -0.000055 -0.698757
vn -0.715359 -0.000055 -0.698757
vn -0.715359 -0.000055 -0.698757
vn -0.715304 0.000001 -0.698813
vn -0.715304 0.000001 -0.698813
vn -0.715304 0.000001 -0.698813
vn -0.715304 0.000001 -0.698813
vn -0.715354 0.000082 -0.698762
vn -0.715354 0.000082 -0.698762
vn -0.715354 0.000082 -0.698762
vn -0.715354 0.000082 -0.698762
vn -0.715357 0.000054 -0.698760
vn -0.715357 0.000054 -0.698760
vn -0.715357 0.000054 -0.698760
vn -0.715357 0.000054 -0.698760
vn -0.715370 0.000060 -0.698746
vn -0.715370 0.000060 -0.698746
vn -0.715370 0.000060 -0.698746
vn -0.715370 0.000060 -0.698746
vn 0.000000 1.000000 0.000000
vn 0.000000 1.000000 0.000000
vn 0.000000 1.000000 0.000000
vn 0.000000 1.000000 0.000000
vn 0.000000 -1.000000 0.000000
vn 0.000000 -1.000000 0.000000
vn 0.000000 -1.000000 0.000000
vn 0.000000 -1.000000 0.000000
vn 0.000000 1.000000 0.000000
vn 0.000000 1.000000 0.000000
vn 0.000000 1.000000 0.000000
vn 0.000000 1.000000 0.000000
vn -1.000000 0.000000 0.000000
vn -1.000000 0.000000 0.000000
vn -1.000000 0.000000 0.000000
vn -1.000000 0.000000 0.000000
vn -1.000000 0.000000 0.000000
vn -1.000000 0.000000 0.000000
vn -1.000000 0.000000 0.000000
vn -1.000000 0.000000 0.000000
vn -1.000000 0.000000 0.000000
vn -1.000000 0.000000 0.000000
vn -1.000000 0.000000 0.000000
vn -1.000000 0.000000 0.000000
vn -0.000025 -1.000000 0.000000
vn -0.000025 -1.000000 0.000000
vn -0.000025 -1.000000 0.000000
vn -0.000025 -1.000000 0.000000
vn 0.000000 1.000000 0.000000
vn 0.000000 1.000000 0.000000
vn 0.000000 1.000000 0.000000
vn 0.000000 1.000000 0.000000
vn 0.000000 1.000000 -0.000051
vn 0.000000 1.000000 -0.000051
vn 0.000000 1.000000 -0.000051
vn 0.000000 1.000000 -0.000051
vn 0.000000 1.000000 0.000040
vn 0.000000 1.000000 0.000040
vn 0.000000 1.000000 0.000040
vn 0.000000 1.000000 0.000040
vn -0.715388 0.000000 -0.698728
vn -0.715388 0.000000 -0.698728
vn -0.715388 0.000000 -0.698728
vn -0.715388 0.000000 -0.698728
vn -0.715361 0.000005 -0.698755
vn -0.715361 0.000005 -0.698755
vn -0.715361 0.000005 -0.698755
vn -0.715361 0.000005 -0.698755
vn -0.715312 0.000007 -0.698806
vn -0.715312 0.000007 -0.698806
vn -0.715312 0.000007 -0.698806
vn -0.715312 0.000007 -0.698806
vn -0.715304 0.000001 -0.698813
vn -0.715304 0.000001 -0.698813
vn -0.715304 0.000001 -0.698813
vn -0.715304 0.000001 -0.698813
vn -0.715297 0.000000 -0.698821
vn -0.715297 0.000000 -0.698821
vn -0.715297 0.000000 -0.698821
vn -0.715297 0.000000 -0.698821
vn -0.715355 -0.000007 -0.698762
vn -0.715355 -0.000007 -0.698762
vn -0.715355 -0.000007 -0.698762
vn -0.715355 -0.000007 -0.698762
vn -0.715401 0.000000 -0.698714
vn -0.715401 0.000000 -0.698714
vn -0.715401 0.000000 -0.698714
vn -0.715401 0.000000 -0.698714
vn 0.000000 -1.000000 -0.000040
vn 0.000000 -1.000000 -0.000040
vn 0.000000 -1.000000 -0.000040
vn 0.000000 -1.000000 -0.000040
vn 0.000000 -1.000000 0.000017
vn -0.000000 -1.000000 0.000006
vn -0.000000 -1.000000 0.000011
vn 0.000000 -1.000000 0.000017
vn -0.715303 0.000019 -0.698815
vn -0.715303 0.000019 -0.698815
vn -0.715303 0.000019 -0.698815
vn -0.715303 0.000019 -0.698815
vn -0.715308 -0.000025 -0.698809
vn -0.715308 -0.000025 -0.698809
vn -0.715308 -0.000025 -0.698809
vn -0.715308 -0.000025 -0.698809
vn -0.723081 0.000032 -0.690763
vn -0.723081 0.000032 -0.690763
vn -0.723081 0.000032 -0.690763
vn -0.723081 0.000032 -0.690763
vn -0.717295 -0.003770 -0.696759
vn -0.717295 -0.003770 -0.696759
vn -0.717295 -0.003770 -0.696759
vn -0.717295 -0.003770 -0.696759
vn 0.000000 -1.000000 0.000000
vn 0.000000 -1.000000 0.000000
vn 0.000000 -1.000000 0.000000
vn 0.000000 -1.000000 0.000000
vn 0.000000 -1.000000 0.000000
vn 0.000000 -1.000000 0.000000
vn 0.000000 -1.000000 0.000000
vn 0.000000 -1.000000 0.000000
vn 0.003287 0.000128 -0.999995
vn 0.003287 0.000128 -0.999995
vn 0.003287 0.000128 -0.999995
vn 0.003287 0.000128 -0.999995
vn 0.003284 0.000000 -0.999995
vn 0.003284 0.000000 -0.999995
vn 0.003284 0.000000 -0.999995
vn 0.003284 0.000000 -0.999995
vn 0.003287 -0.000185 -0.999995
vn 0.003287 -0.000185 -0.999995
vn 0.003287 -0.000185 -0.999995
vn 0.003287 -0.000185 -0.999995
vn 0.000000 1.000000 0.000000
vn 0.000000 1.000000 0.000000
vn 0.000000 1.000000 0.000000
vn 0.000000 1.000000 0.000000
vn 0.000000 1.000000 -0.000002
vn 0.000000 1.000000 -0.000002
vn 0.000000 1.000000 -0.000002
vn 0.000000 1.000000 -0.000002
vn -0.715368 -0.000079 -0.698748
vn -0.715368 -0.000079 -0.698748
vn -0.715368 -0.000079 -0.698748
vn -0.715368 -0.000079 -0.698748
vn 0.000000 1.000000 0.000000
vn 0.000000 1.000000 0.000000
vn 0.000000 1.000000 0.000000
vn -0.999999 0.000777 0.001148
vn -0.999999 0.000777 0.001148
vn -0.999999 0.000777 0.001148
vn -0.999999 0.000777 0.001148
vn -0.999999 -0.000002 0.001117
vn -0.999999 -0.000002 0.001117
vn -0.999999 -0.000002 0.001117
vn -0.999999 -0.000002 0.001117
vn -0.996990 -0.077360 0.005112
vn -0.996990 -0.077360 0.005112
vn -0.996990 -0.077360 0.005112
vn -0.996990 -0.077360 0.005112
vn 0.000000 -1.000000 0.000000
vn 0.000000 -1.000000 0.000000
vn 0.000000 -1.000000 0.000000
vn 0.003068 0.000016 -0.999995
vn 0.003068 0.000016 -0.999995
vn 0.003079 0.000025 -0.999995
vn 0.003079 0.000025 -0.999995
vn 0.003068 0.000001 -0.999995
vn 0.003068 0.000001 -0.999995
vn 0.003079 0.000001 -0.999995
vn 0.003079 0.000001 -0.999995
vn 0.003068 0.000006 -0.999995
vn 0.003068 0.000006 -0.999995
vn 0.003078 0.000008 -0.999995
vn 0.003078 0.000008 -0.999995
vn 0.003079 0.000000 -0.999995
vn 0.003079 0.000000 -0.999995
vn 0.003068 0.000000 -0.999995
vn 0.003068 0.000000 -0.999995
vn 0.003068 -0.000000 -0.999995
vn 0.003068 -0.000000 -0.999995
vn 0.003078 -0.000000 -0.999995
vn 0.003078 -0.000000 -0.999995
vn 0.003068 -0.000003 -0.999995
vn 0.003068 -0.000003 -0.999995
vn 0.003078 -0.000003 -0.999995
vn 0.003078 -0.000003 -0.999995
vn 0.003079 -0.000026 -0.999995
vn 0.003079 -0.000026 -0.999995
vn 0.003068 -0.000020 -0.999995
vn 0.003068 -0.000020 -0.999995
vn 0.000000 -1.000000 0.000036
vn 0.000000 -1.000000 0.000036
vn 0.000000 -1.000000 0.000036
vn 0.000000 -1.000000 0.000036
vn 0.000000 -1.000000 0.000000
vn 0.000000 -1.000000 0.000000
vn 0.000000 -1.000000 0.000000
vn 0.000000 -1.000000 0.000000
vn 0.000000 -1.000000 0.000000
vn 0.000000 -1.000000 0.000000
vn 0.000000 -1.000000 0.000000
vn 0.000000 -1.000000 0.000000
vn 0.000000 -1.000000 0.000000
vn 0.000000 -1.000000 0.000000
vn 0.000000 -1.000000 0.000000
vn 0.000000 -1.000000 0.000000
vn 0.003735 0.000129 -0.999993
vn 0.003735 0.000129 -0.999993
vn 0.003735 0.000129 -0.999993
vn 0.003735 0.000129 -0.999993
vn 0.004121 0.000000 -0.999992
vn 0.004121 0.000000 -0.999992
vn 0.004121 0.000000 -0.999992
vn 0.004121 0.000000 -0.999992
vn 0.003753 -0.000164 -0.999993
vn 0.003753 -0.000164 -0.999993
vn 0.003753 -0.000164 -0.999993
vn 0.003753 -0.000164 -0.999993
vn 0.000000 1.000000 0.000000
vn 0.000000 1.000000 0.000000
vn 0.000000 1.000000 0.000000
vn 0.000000 1.000000 0.000000
vn 0.000000 1.000000 0.000000
vn 0.000000 1.000000 0.000000
vn 0.000000 1.000000 0.000000
vn 0.000000 1.000000 0.000000
vn 0.000000 1.000000 -0.000000
vn 0.000000 1.000000 -0.000000
vn 0.000000 1.000000 -0.000000
vn 0.000000 1.000000 -0.000000
vn 0.000000 1.000000 0.000000
vn 0.000000 1.000000 0.000000
vn 0.000000 1.000000 0.000000
vn 0.000000 1.000000 0.000000
vn 0.003057 0.000008 -0.999995
vn 0.003057 0.000008 -0.999995
vn 0.003057 0.000002 -0.999995
vn 0.003057 0.000002 -0.999995
vn 0.003057 0.000004 -0.999995
vn 0.003057 0.000004 -0.999995
vn 0.003057 0.000000 -0.999995
vn 0.003057 0.000000 -0.999995
vn 0.003057 -0.000000 -0.999995
vn 0.003057 -0.000000 -0.999995
vn 0.003057 -0.000003 -0.999995
vn 0.003057 -0.000003 -0.999995
vn 0.003057 -0.000013 -0.999995
vn 0.003057 -0.000013 -0.999995
vn -0.000000 -1.000000 0.000000
vn -0.000000 -1.000000 0.000000
vn -0.000000 -1.000000 -0.000015
vn -0.000000 -1.000000 -0.000015
vn 0.000000 -1.000000 0.000000
vn 0.000000 -1.000000 0.000000
vn 0.000000 -1.000000 0.000000
vn 0.000000 -1.000000 0.000000
vn 0.000000 -1.000000 0.000000
vn 0.000000 -1.000000 0.000000
vn 0.000000 -1.000000 0.000000
vn 0.000000 -1.000000 0.000000
vn 0.000000 -1.000000 0.000000
vn 0.000000 -1.000000 0.000000
vn 0.000000 -1.000000 0.000000
vn 0.000000 -1.000000 0.000000
vn 0.000000 0.000026 1.000000
vn 0.000000 0.000026 1.000000
vn 0.000000 0.000000 1.000000
vn 0.000000 0.000000 1.000000
vn 0.000000 -0.000010 1.000000
vn 0.000000 -0.000010 1.000000
vn 0.000000 0.000001 1.000000
vn 0.000000 0.000001 1.000000
vn 0.000000 -0.000008 1.000000
vn 0.000000 -0.000008 1.000000
vn 0.000000 0.000001 1.000000
vn 0.000000 0.000001 1.000000
vn 0.000000 0.000000 1.000000
vn 0.000000 0.000000 1.000000
vn 0.000000 1.000000 0.000000
vn 0.000000 1.000000 0.000000
vn 0.000000 1.000000 0.000000
vn 0.000000 1.000000 0.000000
vn 0.000000 1.000000 0.000029
vn 0.000000 1.000000 0.000029
vn 0.000000 1.000000 -0.000003
vn 0.000000 1.000000 -0.000003
vn 0.000000 1.000000 0.000004
vn 0.000000 1.000000 0.000004
vn 0.000000 1.000000 -0.000049
vn 0.000000 1.000000 -0.000049
vn 0.000000 1.000000 0.000015
vn 0.000000 1.000000 0.000015
vn 0.000000 1.000000 -0.000051
vn 0.000000 1.000000 -0.000051
s 1
g all Sunmao_002 dengbian_003
usemtl lambert2SG
f 1047/1533/3141 1050/1534/3142 1049/1535/3143 1048/1536/3144
s 2
f 1051/1599/3145 1054/1598/3146 1053/1721/3147 1052/1722/3148
s 3
f 1055/1596/3149 1056/1597/3150 1054/1598/3151 1051/1599/3152
s 4
f 1057/1736/3153 1060/1735/3154 1059/1740/3155 1058/1741/3156
s 5
f 1061/1727/3157 1064/1726/3158 1063/1730/3159 1062/1731/3160
s 6
f 1065/1628/3161 1068/1621/3162 1067/1620/3163 1066/1629/3164
s 7
f 1069/1558/3165 1072/1557/3166 1071/1565/3167 1070/1566/3168
s 8
f 1073/1636/3169 1074/1637/3170 1065/1628/3171 1066/1629/3172
s 9
f 1070/1566/3173 1071/1565/3174 1076/1572/3175 1075/1573/3176
s 10
f 1077/1611/3177 1080/1606/3178 1079/1605/3179 1078/1612/3180
s 11
f 1081/1545/3181 1084/1544/3182 1083/1550/3183 1082/1551/3184
s off
f 1085/1657/3185 1088/1658/3186 1087/1659/3187 1086/1660/3188
f 1089/1673/3189 1092/1674/3190 1091/1675/3191 1090/1676/3192
f 1071/1565/3193 1094/1571/3194 1093/1578/3195 1076/1572/3196
f 1095/1753/3197 1098/1754/3198 1097/1755/3199 1096/1756/3200
f 1099/1757/3201 1102/1762/3202 1101/1763/3203 1100/1758/3204
f 1103/1773/3205 1106/1780/3206 1105/1781/3207 1104/1774/3208
f 1074/1637/3209 1108/1639/3210 1107/1632/3211 1065/1628/3212
f 1109/1549/3213 1110/1556/3214 1083/1550/3215 1084/1544/3216
f 1060/1735/3217 1112/1433/3218 1111/1432/3219 1059/1740/3220
f 1113/1430/3221 1114/1434/3222 1063/1730/3223 1064/1726/3224
f 1115/1364/3225 1118/1370/3226 1117/1382/3227 1116/1383/3228
f 1119/1435/3229 1120/1429/3230 1053/1721/3231 1054/1598/3232
f 1121/1361/3233 1124/1365/3234 1123/1366/3235 1122/1362/3236
f 1107/1388/3237 1108/1392/3238 1126/1379/3239 1125/1376/3240
f 1127/1341/3241 1130/1342/3242 1129/1343/3243 1128/1344/3244
f 1131/1804/3245 1134/1805/3246 1133/1806/3247 1132/1807/3248
f 1111/1432/3249 1112/1433/3250 1136/1425/3251 1135/1424/3252
f 1114/1434/3253 1113/1430/3254 1138/1422/3255 1137/1426/3256
f 1120/1429/3257 1119/1435/3258 1140/1427/3259 1139/1421/3260
f 1141/1537/3261 1142/1538/3262 1050/1534/3263 1047/1533/3264
f 1143/1618/3265 1144/1613/3266 1080/1606/3267 1077/1611/3268
f 1140/1602/3269 1119/1435/3270 1054/1598/3271 1056/1597/3272
f 1145/1385/3273 1148/1398/3274 1147/1408/3275 1146/1399/3276
f 1143/1401/3277 1150/1389/3278 1149/1402/3279 1144/1411/3280
f 1151/1661/3281 1088/1658/3282 1085/1657/3283 1152/1662/3284
f 1153/1356/3285 1156/1357/3286 1155/1347/3287 1154/1348/3288
f 1089/1673/3289 1158/1677/3290 1157/1678/3291 1092/1674/3292
f 1148/1398/3293 1145/1385/3294 1160/1371/3295 1159/1384/3296
f 1083/1550/3297 1110/1556/3298 1161/1564/3299 1072/1557/3300
s 12
f 1082/1551/3301 1083/1550/3302 1072/1557/3303 1069/1558/3304
s 13
f 1067/1620/3305 1068/1621/3306 1077/1611/3307 1078/1612/3308
s off
f 1143/1618/3309 1077/1611/3310 1068/1621/3311 1162/1625/3312
f 1150/1389/3313 1143/1401/3314 1162/1387/3315 1163/1375/3316
s 14
f 1063/1730/3317 1060/1735/3318 1057/1736/3319 1062/1731/3320
s off
f 1164/1811/3321 1131/1804/3322 1132/1807/3323 1165/1664/3324
f 1166/1349/3325 1167/1350/3326 1128/1344/3327 1129/1343/3328
f 1156/1357/3329 1169/1360/3330 1168/1355/3331 1155/1347/3332
f 1102/1762/3333 1171/1767/3334 1170/1768/3335 1101/1763/3336
f 1172/1363/3337 1173/1369/3338 1124/1365/3339 1121/1361/3340
f 1174/1359/3341 1153/1356/3342 1154/1348/3343 1175/1353/3344
f 1176/1345/3345 1177/1346/3346 1130/1342/3347 1127/1341/3348
f 1134/1805/3349 1179/1808/3350 1178/1681/3351 1133/1806/3352
f 1180/1428/3353 1181/1420/3354 1138/1422/3355 1113/1430/3356
f 1182/1723/3357 1180/1428/3358 1113/1430/3359 1064/1726/3360
f 1142/1538/3361 1184/1543/3362 1183/1539/3363 1050/1534/3364
f 1185/1416/3365 1135/1424/3366 1136/1425/3367 1186/1410/3368
f 1138/1422/3369 1188/1414/3370 1187/1417/3371 1137/1426/3372
f 1181/1420/3373 1189/1404/3374 1188/1414/3375 1138/1422/3376
f 1140/1427/3377 1191/1419/3378 1190/1412/3379 1139/1421/3380
f 1191/1607/3381 1140/1602/3382 1056/1597/3383 1192/1601/3384
s 15
f 1193/1600/3385 1192/1601/3386 1056/1597/3387 1055/1596/3388
s 16
f 1050/1534/3389 1183/1539/3390 1194/1540/3391 1049/1535/3392
s 17
f 1058/1741/3393 1059/1740/3394 1047/1533/3395 1048/1536/3396
s off
f 1059/1740/3397 1111/1432/3398 1141/1748/3399 1047/1533/3400
f 1141/1436/3401 1111/1432/3402 1135/1424/3403 1142/1431/3404
f 1184/1423/3405 1142/1431/3406 1135/1424/3407 1185/1416/3408
f 1148/1398/3409 1110/1407/3410 1109/1415/3411 1147/1408/3412
f 1161/1397/3413 1110/1407/3414 1148/1398/3415 1159/1384/3416
f 1093/1395/3417 1094/1396/3418 1116/1383/3419 1117/1382/3420
f 1195/1761/3421 1095/1753/3422 1096/1756/3423 1196/1579/3424
f 1120/1429/3425 1180/1428/3426 1182/1723/3427 1053/1721/3428
f 1180/1428/3429 1120/1429/3430 1139/1421/3431 1181/1420/3432
f 1189/1404/3433 1181/1420/3434 1139/1421/3435 1190/1412/3436
f 1150/1389/3437 1198/1378/3438 1197/1391/3439 1149/1402/3440
f 1198/1378/3441 1150/1389/3442 1163/1375/3443 1199/1367/3444
f 1125/1376/3445 1126/1379/3446 1173/1369/3447 1172/1363/3448
f 1171/1767/3449 1103/1773/3450 1104/1774/3451 1170/1768/3452
s 18
f 1053/1721/3453 1182/1723/3454 1200/1724/3455 1052/1722/3456
s off
f 1198/1378/3457 1089/1377/3458 1090/1390/3459 1197/1391/3460
f 1089/1377/3461 1198/1378/3462 1199/1367/3463 1158/1368/3464
s 19
f 1182/1723/3465 1064/1726/3466 1061/1727/3467 1200/1724/3468
s off
f 1098/1754/3469 1099/1757/3470 1100/1758/3471 1097/1755/3472
f 1122/1362/3473 1123/1366/3474 1118/1370/3475 1115/1364/3476
f 1145/1385/3477 1088/1386/3478 1151/1372/3479 1160/1371/3480
f 1088/1386/3481 1145/1385/3482 1146/1399/3483 1087/1400/3484
f 1137/1426/3485 1187/1417/3486 1186/1410/3487 1136/1425/3488
f 1114/1434/3489 1137/1426/3490 1136/1425/3491 1112/1433/3492
f 1063/1730/3493 1114/1434/3494 1112/1433/3495 1060/1735/3496
f 1147/1408/3497 1109/1415/3498 1184/1423/3499 1185/1416/3500
f 1186/1410/3501 1146/1399/3502 1147/1408/3503 1185/1416/3504
f 1164/1409/3505 1087/1400/3506 1146/1399/3507 1186/1410/3508
f 1188/1414/3509 1134/1413/3510 1131/1418/3511 1187/1417/3512
f 1179/1403/3513 1134/1413/3514 1188/1414/3515 1189/1404/3516
f 1149/1402/3517 1197/1391/3518 1189/1404/3519 1190/1412/3520
f 1144/1411/3521 1149/1402/3522 1190/1412/3523 1191/1419/3524
s 20
f 1079/1605/3525 1080/1606/3526 1192/1601/3527 1193/1600/3528
s 21
f 1183/1539/3529 1084/1544/3530 1081/1545/3531 1194/1540/3532
s off
f 1065/1628/3533 1107/1632/3534 1162/1625/3535 1068/1621/3536
f 1162/1387/3537 1107/1388/3538 1125/1376/3539 1163/1375/3540
f 1163/1375/3541 1125/1376/3542 1172/1363/3543 1199/1367/3544
f 1156/1357/3545 1153/1356/3546 1121/1361/3547 1122/1362/3548
f 1169/1360/3549 1115/1364/3550 1160/1371/3551 1151/1372/3552
f 1115/1364/3553 1116/1383/3554 1159/1384/3555 1160/1371/3556
f 1159/1384/3557 1116/1383/3558 1094/1396/3559 1161/1397/3560
f 1161/1564/3561 1094/1571/3562 1071/1565/3563 1072/1557/3564
f 1144/1613/3565 1191/1607/3566 1192/1601/3567 1080/1606/3568
f 1178/1681/3569 1179/1682/3570 1090/1676/3571 1091/1675/3572
f 1201/1352/3573 1202/1354/3574 1176/1345/3575 1127/1341/3576
f 1203/1351/3577 1201/1352/3578 1127/1341/3579 1128/1344/3580
f 1167/1350/3581 1204/1358/3582 1203/1351/3583 1128/1344/3584
f 1164/1663/3585 1165/1664/3586 1086/1660/3587 1087/1659/3588
f 1183/1539/3589 1184/1543/3590 1109/1549/3591 1084/1544/3592
s 22
f 1075/1573/3593 1076/1572/3594 1196/1579/3595 1205/1580/3596
s off
f 1195/1585/3597 1196/1579/3598 1076/1572/3599 1093/1578/3600
f 1195/1406/3601 1093/1395/3602 1117/1382/3603 1095/1394/3604
f 1118/1370/3605 1098/1381/3606 1095/1394/3607 1117/1382/3608
f 1123/1366/3609 1099/1374/3610 1098/1381/3611 1118/1370/3612
f 1124/1365/3613 1102/1373/3614 1099/1374/3615 1123/1366/3616
f 1173/1369/3617 1171/1380/3618 1102/1373/3619 1124/1365/3620
f 1126/1379/3621 1103/1393/3622 1171/1380/3623 1173/1369/3624
f 1108/1392/3625 1106/1405/3626 1103/1393/3627 1126/1379/3628
f 1105/1644/3629 1106/1646/3630 1108/1639/3631 1074/1637/3632
s 23
f 1105/1644/3633 1074/1637/3634 1073/1636/3635 1206/1645/3636
s off
f 1169/1360/3637 1156/1357/3638 1122/1362/3639 1115/1364/3640
f 1174/1359/3641 1172/1363/3642 1121/1361/3643 1153/1356/3644
f 1164/1409/3645 1186/1410/3646 1187/1417/3647 1131/1418/3648
f 1197/1391/3649 1090/1390/3650 1179/1403/3651 1189/1404/3652
f 1207/1665/3653 1085/1657/3654 1086/1660/3655 1208/1666/3656
f 1165/1664/3657 1209/1669/3658 1208/1666/3659 1086/1660/3660
f 1132/1807/3661 1210/1810/3662 1209/1669/3663 1165/1664/3664
f 1133/1806/3665 1211/1809/3666 1210/1810/3667 1132/1807/3668
f 1178/1681/3669 1212/1687/3670 1211/1809/3671 1133/1806/3672
f 1212/1687/3673 1178/1681/3674 1091/1675/3675 1213/1680/3676
f 1092/1674/3677 1214/1679/3678 1213/1680/3679 1091/1675/3680
f 1199/1367/3681 1172/1363/3682 1174/1359/3683 1158/1368/3684
f 1214/1679/3685 1092/1674/3686 1157/1678/3687
f 1154/1348/3688 1130/1342/3689 1177/1346/3690 1175/1353/3691
f 1155/1347/3692 1129/1343/3693 1130/1342/3694 1154/1348/3695
f 1168/1355/3696 1166/1349/3697 1129/1343/3698 1155/1347/3699
f 1152/1662/3700 1085/1657/3701 1207/1665/3702
s 24
f 1205/1580/3703 1196/1579/3704 1096/1756/3705 1215/1759/3706
s 25
f 1215/1759/3707 1096/1756/3708 1097/1755/3709 1216/1760/3710
s 26
f 1216/1760/3711 1097/1755/3712 1100/1758/3713 1217/1764/3714
s 27
f 1101/1763/3715 1218/1769/3716 1217/1764/3717 1100/1758/3718
s 28
f 1218/1769/3719 1101/1763/3720 1170/1768/3721 1219/1775/3722
s 29
f 1219/1775/3723 1170/1768/3724 1104/1774/3725 1220/1782/3726
s 30
f 1105/1781/3727 1206/1788/3728 1220/1782/3729 1104/1774/3730
s off
f 1168/1667/3731 1169/1668/3732 1151/1661/3733 1152/1662/3734
f 1168/1667/3735 1152/1662/3736 1207/1665/3737 1166/1671/3738
f 1167/1670/3739 1166/1671/3740 1207/1665/3741 1208/1666/3742
f 1209/1669/3743 1204/1672/3744 1167/1670/3745 1208/1666/3746
f 1210/1810/3747 1203/1813/3748 1204/1815/3749 1209/1669/3750
f 1211/1809/3751 1201/1812/3752 1203/1813/3753 1210/1810/3754
f 1212/1687/3755 1202/1814/3756 1201/1812/3757 1211/1809/3758
f 1176/1686/3759 1202/1688/3760 1212/1687/3761 1213/1680/3762
f 1214/1679/3763 1177/1685/3764 1176/1686/3765 1213/1680/3766
f 1175/1684/3767 1177/1685/3768 1214/1679/3769 1157/1678/3770
f 1158/1677/3771 1174/1683/3772 1175/1684/3773 1157/1678/3774
s 24
f 1221/1586/3775 1205/1580/3703 1215/1759/3706 1222/1765/3776
s 25
f 1222/1765/3777 1215/1759/3707 1216/1760/3710 1223/1766/3778
s 26
f 1223/1766/3779 1216/1760/3711 1217/1764/3714 1224/1770/3780
s 27
f 1218/1769/3716 1225/1776/3781 1224/1770/3782 1217/1764/3717
s 28
f 1225/1776/3783 1218/1769/3719 1219/1775/3722 1226/1783/3784
s 29
f 1226/1783/3785 1219/1775/3723 1220/1782/3726 1227/1789/3786
s 30
f 1206/1788/3728 1228/1794/3787 1227/1789/3788 1220/1782/3729
s 23
f 1073/1636/3635 1229/1643/3789 1228/1650/3790 1206/1645/3636
s 8
f 1229/1643/3791 1073/1636/3169 1066/1629/3172 1230/1635/3792
s 6
f 1067/1620/3163 1231/1627/3793 1230/1635/3794 1066/1629/3164
s 13
f 1231/1627/3795 1067/1620/3305 1078/1612/3308 1232/1619/3796
s 10
f 1079/1605/3179 1233/1614/3797 1232/1619/3798 1078/1612/3180
s 20
f 1233/1614/3799 1079/1605/3525 1193/1600/3528 1234/1608/3800
s 15
f 1234/1608/3801 1193/1600/3385 1055/1596/3388 1235/1603/3802
s 3
f 1235/1603/3803 1055/1596/3149 1051/1599/3152 1236/1604/3804
s 2
f 1236/1604/3805 1051/1599/3145 1052/1722/3148 1237/1725/3806
s 18
f 1200/1724/3455 1238/1728/3807 1237/1725/3808 1052/1722/3456
s 19
f 1061/1727/3467 1239/1732/3809 1238/1728/3810 1200/1724/3468
s 5
f 1239/1732/3811 1061/1727/3157 1062/1731/3160 1240/1737/3812
s 14
f 1057/1736/3319 1241/1742/3813 1240/1737/3814 1062/1731/3320
s 4
f 1241/1742/3815 1057/1736/3153 1058/1741/3156 1242/1745/3816
s 17
f 1242/1745/3817 1058/1741/3393 1048/1536/3396 1243/1542/3818
s 1
f 1049/1535/3143 1244/1541/3819 1243/1542/3820 1048/1536/3144
s 16
f 1194/1540/3391 1245/1546/3821 1244/1541/3822 1049/1535/3392
s 21
f 1081/1545/3531 1246/1552/3823 1245/1546/3824 1194/1540/3532
s 11
f 1246/1552/3825 1081/1545/3181 1082/1551/3184 1247/1559/3826
s 12
f 1247/1559/3827 1082/1551/3301 1069/1558/3304 1248/1567/3828
s 7
f 1248/1567/3829 1069/1558/3165 1070/1566/3168 1249/1574/3830
s 9
f 1249/1574/3831 1070/1566/3173 1075/1573/3176 1250/1581/3832
s 22
f 1250/1581/3833 1075/1573/3593 1205/1580/3596 1221/1586/3834
s 31
f 1251/1554/3835 1252/1548/3836 1253/1547/3837 1254/1555/3838
s 32
f 1255/1609/3839 1256/1729/3840 1257/1734/3841 1258/1616/3842
s 33
f 1259/1610/3843 1255/1609/3844 1258/1616/3845 1260/1617/3846
s 34
f 1261/1746/3847 1262/1749/3848 1263/1751/3849 1264/1750/3850
s 35
f 1265/1738/3851 1266/1743/3852 1267/1747/3853 1268/1744/3854
s 36
f 1269/1648/3855 1270/1642/3856 1271/1634/3857 1272/1640/3858
s 37
f 1273/1575/3859 1274/1582/3860 1275/1588/3861 1276/1583/3862
s 38
f 1277/1649/3863 1270/1642/3864 1269/1648/3865 1278/1652/3866
s 39
f 1274/1582/3867 1279/1587/3868 1280/1591/3869 1275/1588/3870
s 40
f 1281/1633/3871 1282/1626/3872 1283/1622/3873 1284/1630/3874
s 41
f 1285/1560/3875 1286/1568/3876 1287/1576/3877 1288/1569/3878
s off
f 1289/1689/3879 1290/1690/3880 1291/1691/3881 1292/1692/3882
f 1293/1705/3883 1294/1706/3884 1295/1707/3885 1296/1708/3886
f 1275/1588/3887 1280/1591/3888 1297/1594/3889 1298/1592/3890
f 1299/1786/3891 1300/1779/3892 1301/1778/3893 1302/1787/3894
f 1303/1792/3895 1304/1785/3896 1305/1791/3897 1306/1797/3898
f 1307/1802/3899 1308/1799/3900 1309/1801/3901 1310/1803/3902
f 1278/1652/3903 1269/1648/3904 1311/1651/3905 1312/1654/3906
f 1313/1577/3907 1288/1569/3908 1287/1576/3909 1314/1584/3910
f 1264/1750/3911 1263/1751/3912 1315/1524/3913 1316/1525/3914
f 1317/1530/3915 1268/1744/3916 1267/1747/3917 1318/1526/3918
f 1319/1459/3919 1320/1474/3920 1321/1475/3921 1322/1465/3922
f 1323/1532/3923 1258/1616/3924 1257/1734/3925 1324/1529/3926
f 1325/1458/3927 1326/1457/3928 1327/1461/3929 1328/1462/3930
f 1311/1491/3931 1329/1478/3932 1330/1479/3933 1312/1492/3934
f 1331/1437/3935 1332/1438/3936 1333/1439/3937 1334/1440/3938
f 1335/1816/3939 1336/1817/3940 1337/1818/3941 1338/1819/3942
f 1315/1524/3943 1339/1517/3944 1340/1516/3945 1316/1525/3946
f 1318/1526/3947 1341/1518/3948 1342/1522/3949 1317/1530/3950
f 1324/1529/3951 1343/1520/3952 1344/1527/3953 1323/1532/3954
f 1345/1562/3955 1251/1554/3956 1254/1555/3957 1346/1563/3958
f 1347/1641/3959 1281/1633/3960 1284/1630/3961 1348/1638/3962
f 1344/1624/3963 1260/1617/3964 1258/1616/3965 1323/1532/3966
f 1349/1471/3967 1350/1485/3968 1351/1498/3969 1352/1483/3970
f 1347/1503/3971 1348/1511/3972 1353/1504/3973 1354/1493/3974
f 1355/1697/3975 1356/1698/3976 1289/1689/3977 1292/1692/3978
f 1357/1452/3979 1358/1446/3980 1359/1445/3981 1360/1453/3982
f 1293/1705/3983 1296/1708/3984 1361/1713/3985 1362/1714/3986
f 1352/1483/3987 1363/1473/3988 1364/1464/3989 1349/1471/3990
f 1287/1576/3991 1276/1583/3992 1365/1589/3993 1314/1584/3994
s 42
f 1286/1568/3995 1273/1575/3996 1276/1583/3997 1287/1576/3998
s 43
f 1271/1634/3999 1282/1626/4000 1281/1633/4001 1272/1640/4002
s off
f 1347/1641/4003 1366/1647/4004 1272/1640/4005 1281/1633/4006
f 1354/1493/4007 1367/1482/4008 1366/1496/4009 1347/1503/4010
s 44
f 1267/1747/4011 1266/1743/4012 1261/1746/4013 1264/1750/4014
s off
f 1368/1820/4015 1369/1696/4016 1336/1817/4017 1335/1816/4018
f 1370/1443/4019 1333/1439/4020 1332/1438/4021 1371/1444/4022
f 1360/1453/4023 1359/1445/4024 1372/1451/4025 1373/1455/4026
f 1306/1797/4027 1305/1791/4028 1374/1796/4029 1375/1800/4030
f 1376/1460/4031 1325/1458/4032 1328/1462/4033 1377/1466/4034
f 1378/1456/4035 1379/1454/4036 1358/1446/4037 1357/1452/4038
f 1380/1447/4039 1331/1437/4040 1334/1440/4041 1381/1448/4042
f 1338/1819/4043 1337/1818/4044 1382/1709/4045 1383/1823/4046
f 1384/1528/4047 1317/1530/4048 1342/1522/4049 1385/1521/4050
f 1386/1739/4051 1268/1744/4052 1317/1530/4053 1384/1528/4054
f 1346/1563/4055 1254/1555/4056 1387/1561/4057 1388/1570/4058
f 1389/1508/4059 1390/1500/4060 1340/1516/4061 1339/1517/4062
f 1342/1522/4063 1341/1518/4064 1391/1510/4065 1392/1513/4066
f 1385/1521/4067 1342/1522/4068 1392/1513/4069 1393/1505/4070
f 1344/1527/4071 1343/1520/4072 1394/1512/4073 1395/1519/4074
f 1395/1631/4075 1396/1623/4076 1260/1617/4077 1344/1624/4078
s 45
f 1397/1615/4079 1259/1610/4080 1260/1617/4081 1396/1623/4082
s 46
f 1254/1555/4083 1253/1547/4084 1398/1553/4085 1387/1561/4086
s 47
f 1262/1749/4087 1252/1548/4088 1251/1554/4089 1263/1751/4090
s off
f 1263/1751/4091 1251/1554/4092 1345/1752/4093 1315/1524/4094
f 1345/1531/4095 1346/1523/4096 1339/1517/4097 1315/1524/4098
f 1388/1515/4099 1389/1508/4100 1339/1517/4101 1346/1523/4102
f 1352/1483/4103 1351/1498/4104 1313/1507/4105 1314/1497/4106
f 1365/1486/4107 1363/1473/4108 1352/1483/4109 1314/1497/4110
f 1297/1488/4111 1321/1475/4112 1320/1474/4113 1298/1487/4114
f 1399/1793/4115 1400/1593/4116 1300/1779/4117 1299/1786/4118
f 1324/1529/4119 1257/1734/4120 1386/1739/4121 1384/1528/4122
f 1384/1528/4123 1385/1521/4124 1343/1520/4125 1324/1529/4126
f 1393/1505/4127 1394/1512/4128 1343/1520/4129 1385/1521/4130
f 1354/1493/4131 1353/1504/4132 1401/1494/4133 1402/1481/4134
f 1402/1481/4135 1403/1467/4136 1367/1482/4137 1354/1493/4138
f 1329/1478/4139 1376/1460/4140 1377/1466/4141 1330/1479/4142
f 1375/1800/4143 1374/1796/4144 1308/1799/4145 1307/1802/4146
s 48
f 1257/1734/4147 1256/1729/4148 1404/1733/4149 1386/1739/4150
s off
f 1402/1481/4151 1401/1494/4152 1294/1495/4153 1293/1480/4154
f 1293/1480/4155 1362/1468/4156 1403/1467/4157 1402/1481/4158
s 49
f 1386/1739/4159 1404/1733/4160 1265/1738/4161 1268/1744/4162
s off
f 1302/1787/4163 1301/1778/4164 1304/1785/4165 1303/1792/4166
f 1326/1457/4167 1319/1459/4168 1322/1465/4169 1327/1461/4170
f 1349/1471/4171 1364/1464/4172 1355/1463/4173 1292/1472/4174
f 1292/1472/4175 1291/1484/4176 1350/1485/4177 1349/1471/4178
f 1341/1518/4179 1340/1516/4180 1390/1500/4181 1391/1510/4182
f 1318/1526/4183 1316/1525/4184 1340/1516/4185 1341/1518/4186
f 1267/1747/4187 1264/1750/4188 1316/1525/4189 1318/1526/4190
f 1351/1498/4191 1389/1508/4192 1388/1515/4193 1313/1507/4194
f 1390/1500/4195 1389/1508/4196 1351/1498/4197 1350/1485/4198
f 1368/1499/4199 1390/1500/4200 1350/1485/4201 1291/1484/4202
f 1392/1513/4203 1391/1510/4204 1335/1509/4205 1338/1514/4206
f 1383/1506/4207 1393/1505/4208 1392/1513/4209 1338/1514/4210
f 1353/1504/4211 1394/1512/4212 1393/1505/4213 1401/1494/4214
f 1348/1511/4215 1395/1519/4216 1394/1512/4217 1353/1504/4218
s 50
f 1283/1622/4219 1397/1615/4220 1396/1623/4221 1284/1630/4222
s 51
f 1387/1561/4223 1398/1553/4224 1285/1560/4225 1288/1569/4226
s off
f 1269/1648/4227 1272/1640/4228 1366/1647/4229 1311/1651/4230
f 1366/1496/4231 1367/1482/4232 1329/1478/4233 1311/1491/4234
f 1367/1482/4235 1403/1467/4236 1376/1460/4237 1329/1478/4238
f 1360/1453/4239 1326/1457/4240 1325/1458/4241 1357/1452/4242
f 1373/1455/4243 1355/1463/4244 1364/1464/4245 1319/1459/4246
f 1319/1459/4247 1364/1464/4248 1363/1473/4249 1320/1474/4250
f 1363/1473/4251 1365/1486/4252 1298/1487/4253 1320/1474/4254
f 1365/1589/4255 1276/1583/4256 1275/1588/4257 1298/1592/4258
f 1348/1638/4259 1284/1630/4260 1396/1623/4261 1395/1631/4262
f 1382/1709/4263 1295/1707/4264 1294/1706/4265 1383/1710/4266
f 1405/1442/4267 1331/1437/4268 1380/1447/4269 1406/1450/4270
f 1407/1441/4271 1332/1438/4272 1331/1437/4273 1405/1442/4274
f 1371/1444/4275 1332/1438/4276 1407/1441/4277 1408/1449/4278
f 1368/1695/4279 1291/1691/4280 1290/1690/4281 1369/1696/4282
f 1387/1561/4283 1288/1569/4284 1313/1577/4285 1388/1570/4286
s 52
f 1279/1587/4287 1409/1590/4288 1400/1593/4289 1280/1591/4290
s off
f 1399/1595/4291 1297/1594/4292 1280/1591/4293 1400/1593/4294
f 1399/1501/4295 1299/1489/4296 1321/1475/4297 1297/1488/4298
f 1322/1465/4299 1321/1475/4300 1299/1489/4301 1302/1476/4302
f 1327/1461/4303 1322/1465/4304 1302/1476/4305 1303/1469/4306
f 1328/1462/4307 1327/1461/4308 1303/1469/4309 1306/1470/4310
f 1377/1466/4311 1328/1462/4312 1306/1470/4313 1375/1477/4314
f 1330/1479/4315 1377/1466/4316 1375/1477/4317 1307/1490/4318
f 1312/1492/4319 1330/1479/4320 1307/1490/4321 1310/1502/4322
f 1309/1655/4323 1278/1652/4324 1312/1654/4325 1310/1656/4326
s 53
f 1309/1655/4327 1410/1653/4328 1277/1649/4329 1278/1652/4330
s off
f 1373/1455/4331 1319/1459/4332 1326/1457/4333 1360/1453/4334
f 1378/1456/4335 1357/1452/4336 1325/1458/4337 1376/1460/4338
f 1368/1499/4339 1335/1509/4340 1391/1510/4341 1390/1500/4342
f 1401/1494/4343 1393/1505/4344 1383/1506/4345 1294/1495/4346
f 1411/1693/4347 1412/1694/4348 1290/1690/4349 1289/1689/4350
f 1369/1696/4351 1290/1690/4352 1412/1694/4353 1413/1701/4354
f 1336/1817/4355 1369/1696/4356 1413/1701/4357 1414/1821/4358
f 1337/1818/4359 1336/1817/4360 1414/1821/4361 1415/1822/4362
f 1382/1709/4363 1337/1818/4364 1415/1822/4365 1416/1715/4366
f 1416/1715/4367 1417/1711/4368 1295/1707/4369 1382/1709/4370
f 1296/1708/4371 1295/1707/4372 1417/1711/4373 1418/1712/4374
f 1403/1467/4375 1362/1468/4376 1378/1456/4377 1376/1460/4378
f 1418/1712/4379 1361/1713/4380 1296/1708/4381
f 1358/1446/4382 1379/1454/4383 1381/1448/4384 1334/1440/4385
f 1359/1445/4386 1358/1446/4387 1334/1440/4388 1333/1439/4389
f 1372/1451/4390 1359/1445/4391 1333/1439/4392 1370/1443/4393
f 1356/1698/4394 1411/1693/4395 1289/1689/4396
s 54
f 1409/1590/4397 1419/1772/4398 1300/1779/4399 1400/1593/4400
s 55
f 1419/1772/4401 1420/1771/4402 1301/1778/4403 1300/1779/4404
s 56
f 1420/1771/4405 1421/1777/4406 1304/1785/4407 1301/1778/4408
s 57
f 1305/1791/4409 1304/1785/4410 1421/1777/4411 1422/1784/4412
s 58
f 1422/1784/4413 1423/1790/4414 1374/1796/4415 1305/1791/4416
s 59
f 1423/1790/4417 1424/1795/4418 1308/1799/4419 1374/1796/4420
s 60
f 1309/1801/4421 1308/1799/4422 1424/1795/4423 1410/1798/4424
s off
f 1372/1702/4425 1356/1698/4426 1355/1697/4427 1373/1703/4428
f 1372/1702/4429 1370/1700/4430 1411/1693/4431 1356/1698/4432
f 1371/1699/4433 1412/1694/4434 1411/1693/4435 1370/1700/4436
f 1413/1701/4437 1412/1694/4438 1371/1699/4439 1408/1704/4440
f 1414/1821/4441 1413/1701/4442 1408/1826/4443 1407/1824/4444
f 1415/1822/4445 1414/1821/4446 1407/1824/4447 1405/1825/4448
f 1416/1715/4449 1415/1822/4450 1405/1825/4451 1406/1827/4452
f 1380/1716/4453 1417/1711/4454 1416/1715/4455 1406/1720/4456
f 1418/1712/4457 1417/1711/4458 1380/1716/4459 1381/1717/4460
f 1379/1718/4461 1361/1713/4462 1418/1712/4463 1381/1717/4464
f 1362/1714/4465 1361/1713/4466 1379/1718/4467 1378/1719/4468
s 54
f 1221/1586/4469 1222/1765/4470 1419/1772/4398 1409/1590/4397
s 55
f 1222/1765/4471 1223/1766/4472 1420/1771/4402 1419/1772/4401
s 56
f 1223/1766/4473 1224/1770/4474 1421/1777/4406 1420/1771/4405
s 57
f 1422/1784/4412 1421/1777/4411 1224/1770/4475 1225/1776/4476
s 58
f 1225/1776/4477 1226/1783/4478 1423/1790/4414 1422/1784/4413
s 59
f 1226/1783/4479 1227/1789/4480 1424/1795/4418 1423/1790/4417
s 60
f 1410/1798/4424 1424/1795/4423 1227/1789/4481 1228/1794/4482
s 53
f 1277/1649/4329 1410/1653/4328 1228/1650/4483 1229/1643/4484
s 38
f 1229/1643/4485 1230/1635/4486 1270/1642/3864 1277/1649/3863
s 36
f 1271/1634/3857 1270/1642/3856 1230/1635/4487 1231/1627/4488
s 43
f 1231/1627/4489 1232/1619/4490 1282/1626/4000 1271/1634/3999
s 40
f 1283/1622/3873 1282/1626/3872 1232/1619/4491 1233/1614/4492
s 50
f 1233/1614/4493 1234/1608/4494 1397/1615/4220 1283/1622/4219
s 45
f 1234/1608/4495 1235/1603/4496 1259/1610/4080 1397/1615/4079
s 33
f 1235/1603/4497 1236/1604/4498 1255/1609/3844 1259/1610/3843
s 32
f 1236/1604/4499 1237/1725/4500 1256/1729/3840 1255/1609/3839
s 48
f 1404/1733/4149 1256/1729/4148 1237/1725/4501 1238/1728/4502
s 49
f 1265/1738/4161 1404/1733/4160 1238/1728/4503 1239/1732/4504
s 35
f 1239/1732/4505 1240/1737/4506 1266/1743/3852 1265/1738/3851
s 44
f 1261/1746/4013 1266/1743/4012 1240/1737/4507 1241/1742/4508
s 34
f 1241/1742/4509 1242/1745/4510 1262/1749/3848 1261/1746/3847
s 47
f 1242/1745/4511 1243/1542/4512 1252/1548/4088 1262/1749/4087
s 31
f 1253/1547/3837 1252/1548/3836 1243/1542/4513 1244/1541/4514
s 46
f 1398/1553/4085 1253/1547/4084 1244/1541/4515 1245/1546/4516
s 51
f 1285/1560/4225 1398/1553/4224 1245/1546/4517 1246/1552/4518
s 41
f 1246/1552/4519 1247/1559/4520 1286/1568/3876 1285/1560/3875
s 42
f 1247/1559/4521 1248/1567/4522 1273/1575/3996 1286/1568/3995
s 37
f 1248/1567/4523 1249/1574/4524 1274/1582/3860 1273/1575/3859
s 39
f 1249/1574/4525 1250/1581/4526 1279/1587/3868 1274/1582/3867
s 52
f 1250/1581/4527 1221/1586/4528 1409/1590/4288 1279/1587/4287
g default
v 7.823305 16.286135 7.823313
v 7.823305 15.065607 7.823313
v 7.653486 15.472449 7.649462
v 6.216895 15.065607 6.178749
v 6.216895 16.286135 6.178749
v 7.653486 15.879292 7.649462
v 6.999952 15.065607 6.980406
v 6.346419 15.472449 6.311349
v 6.999952 15.472449 6.980405
v 6.999952 15.472449 7.649259
v 6.999952 15.879292 7.649259
v 6.346419 15.879292 6.311349
v 6.999952 16.286135 6.980405
v 6.999952 15.879292 6.980405
v 6.346419 15.879292 7.649462
v 6.346419 15.472449 7.649462
v 7.649821 15.879292 -7.653861
v 6.980433 15.879292 -6.999989
v 6.980433 15.879292 -6.346043
v 7.654222 15.879292 -6.346043
v 6.980433 15.472449 -6.999989
v 7.649821 15.472449 -7.653861
v 7.654222 15.472449 -6.346043
v 6.980433 15.472449 -6.346043
v 6.178741 16.286135 -6.216895
v 6.980433 16.286135 -6.999989
v 6.178741 15.065607 -6.216895
v 7.823305 16.286135 -7.819599
v 6.311707 15.879292 -6.346795
v 7.823305 15.065607 -7.819599
v 6.311707 15.472449 -6.346795
v 6.980361 15.065607 -6.999916
v 6.337089 15.879292 -6.371587
v 6.336382 16.286135 -6.370863
v 6.371223 16.286135 6.336743
v 6.371223 15.879292 6.336743
v 6.371223 15.879292 7.649462
v 6.371223 15.472449 7.649462
v 6.371223 15.472449 6.336743
v 6.371224 15.065607 6.336743
v 6.336380 15.065607 -6.370861
v 6.337089 15.472449 -6.371587
v 6.216894 15.845863 6.178749
v 6.346419 15.845863 6.311349
v 6.346419 15.845863 7.649462
v 6.371223 15.845863 7.649462
v 6.999952 15.845863 7.649462
v 7.653486 15.845863 7.649462
v 7.823305 15.845863 7.823313
v 7.823305 15.845863 -7.819599
v 7.649821 15.845863 -7.653861
v 7.654222 15.845863 -6.346043
v 6.980433 15.845863 -6.346043
v 6.311707 15.845863 -6.346795
v 6.178740 15.845863 -6.216895
v 7.653486 15.497327 7.649461
v 6.999952 15.497327 7.649461
v 6.371223 15.497328 7.649462
v 6.346419 15.497327 7.649461
v 6.346419 15.497327 6.311349
v 6.216894 15.497328 6.178749
v 6.178739 15.497327 -6.216894
v 6.311707 15.497327 -6.346795
v 6.980433 15.497327 -6.346043
v 7.654222 15.497327 -6.346043
v 7.649821 15.497327 -7.653861
v 7.823305 15.497328 -7.819599
v 7.823305 15.497328 7.823313
v 6.999952 15.472449 7.636492
v 6.371223 15.472449 7.624014
v 6.346419 15.472449 7.623523
v 6.346418 15.497327 7.623522
v 6.346419 15.845863 7.623523
v 6.346419 15.879292 7.623523
v 6.371223 15.879292 7.624015
v 6.999952 15.879292 7.636492
v 6.999952 16.286135 6.942900
v 6.371223 16.286135 6.302696
v 6.216895 16.286135 6.145550
v 6.216894 15.845863 6.145551
v 6.216894 15.497328 6.145548
v 6.216895 15.065607 6.145547
v 6.371223 15.065607 6.302693
v 6.999952 15.065607 6.942897
v 7.823305 15.065607 7.781275
v 7.823305 15.497328 7.781278
v 7.823305 15.845863 7.781275
v 7.823305 16.286135 7.781275
v 7.801342 16.286135 -7.798611
v 7.801435 15.845863 -7.798706
v 7.801435 15.497328 -7.798706
v 7.801342 15.065607 -7.798611
v 7.801897 15.065607 7.759478
v 7.801897 15.065607 7.801397
v 7.801897 15.497328 7.801397
v 7.801897 15.845863 7.801397
v 7.801897 16.286135 7.801397
v 7.801897 16.286135 7.759477
v 6.216895 16.257456 6.178749
v 6.371223 16.257456 6.336743
v 6.999952 16.257456 6.980405
v 7.801897 16.257456 7.801397
v 7.823305 16.257456 7.823314
v 7.823305 16.257456 7.781275
v 7.823305 16.257456 -7.819599
v 7.801349 16.257456 -7.798618
v 6.980433 16.257456 -6.999989
v 6.336432 16.257456 -6.370914
v 6.178740 16.257456 -6.216895
v 6.216895 16.257456 6.145550
v 7.823305 15.083761 -7.819599
v 7.801347 15.083761 -7.798615
v 6.980364 15.083761 -6.999919
v 6.336411 15.083761 -6.370893
v 6.178741 15.083761 -6.216895
v 6.216895 15.083761 6.145547
v 6.216895 15.083761 6.178749
v 6.371224 15.083761 6.336743
v 6.999952 15.083761 6.980406
v 7.801897 15.083761 7.801397
v 7.823305 15.083761 7.823313
v 7.823305 15.083761 7.781275
v 7.823305 15.450750 -7.819599
v 7.801430 15.450750 -7.798701
v 6.980429 15.450750 -6.999985
v 6.337050 15.450750 -6.371548
v 6.178740 15.450750 -6.216895
v 6.216894 15.450750 6.145550
v 6.216894 15.450750 6.178749
v 6.322845 15.450750 6.287215
v 6.371223 15.450750 6.336743
v 6.999952 15.450750 6.980405
v 7.667273 15.450750 7.663576
v 7.801897 15.450750 7.801397
v 7.823305 15.450750 7.823313
v 7.823305 15.450750 7.781275
v 7.667273 15.907045 7.663576
v 6.999952 15.907045 6.980405
v 6.371223 15.907045 6.336743
v 6.322845 15.907045 6.287215
v 6.216894 15.907045 6.178749
v 6.216894 15.907045 6.145550
v 6.178740 15.907045 -6.216895
v 6.337041 15.907045 -6.371538
v 6.980433 15.907045 -6.999989
v 7.801429 15.907045 -7.798699
v 7.823305 15.907045 -7.819599
v 7.823305 15.907045 7.781275
v 7.823305 15.907045 7.823313
v 7.801897 15.907045 7.801397
v 7.613915 15.879292 7.649462
v 6.999952 15.879292 7.020131
v 6.371223 15.879292 6.366298
v 6.346419 15.879292 6.342412
v 6.346419 15.845863 6.342412
v 6.346419 15.497327 6.342412
v 6.346419 15.472449 6.342412
v 6.371223 15.472449 6.366298
v 6.999952 15.472449 7.020131
v 7.613915 15.472449 7.649462
v 7.613915 15.497327 7.649461
v 7.613915 15.845863 7.649462
v 7.663229 16.286135 -7.666627
v 7.663277 16.257456 -7.666676
v 7.663859 15.907045 -7.667269
v 7.663905 15.845863 -7.667316
v 7.663905 15.497327 -7.667316
v 7.663869 15.450750 -7.667279
v 7.663259 15.083761 -7.666658
v 7.663229 15.065607 -7.666627
v 7.667273 15.065607 7.622399
v 7.667273 15.065607 7.663576
v 7.667273 15.083761 7.663576
v 7.667273 15.497327 7.663575
v 7.667273 15.845863 7.663576
v 7.667273 16.257456 7.663576
v 7.667273 16.286135 7.663576
v 7.667273 16.286135 7.622396
v 6.286906 15.065607 -6.322537
v 6.286933 15.083761 -6.322565
v 6.287475 15.450750 -6.323120
v 6.287506 15.497327 -6.323153
v 6.287507 15.845863 -6.323153
v 6.287466 15.907045 -6.323111
v 6.286948 16.257456 -6.322580
v 6.286906 16.286135 -6.322537
v 6.322845 16.286135 6.253431
v 6.322845 16.286135 6.287215
v 6.322845 16.257456 6.287215
v 6.322845 15.845863 6.287215
v 6.322845 15.497327 6.287215
v 6.322845 15.083761 6.287216
v 6.322845 15.065607 6.287216
v 6.322845 15.065607 6.253434
v 7.594706 15.472449 7.629772
v 7.633039 15.472449 7.628529
v 7.633039 15.450750 7.628529
v 7.633039 15.083761 7.628529
v 7.633039 15.065607 7.628529
v 7.633039 15.065607 7.587541
v 7.628162 15.065607 -7.632675
v 7.628195 15.083761 -7.632708
v 7.628840 15.450750 -7.633364
v 7.628878 15.472449 -7.633403
v 7.633142 15.472449 -6.346043
v 7.633142 15.497327 -6.346043
v 7.633142 15.845863 -6.346043
v 7.633142 15.879292 -6.346043
v 7.628878 15.879292 -7.633403
v 7.628829 15.907045 -7.633354
v 7.628215 16.257456 -7.632728
v 7.628165 16.286135 -7.632678
v 7.633039 16.286135 7.587538
v 7.633039 16.286135 7.628529
v 7.633039 16.257456 7.628529
v 7.633039 15.907045 7.628529
v 7.633039 15.879292 7.628529
v 7.594706 15.879292 7.629772
v 6.240711 16.286135 6.203131
v 6.240711 16.286135 6.169801
v 6.203054 16.286135 -6.240642
v 6.203064 16.257456 -6.240651
v 6.203180 15.907045 -6.240770
v 6.203189 15.845863 -6.240780
v 6.203188 15.497327 -6.240779
v 6.203182 15.450750 -6.240773
v 6.203061 15.083761 -6.240648
v 6.203054 15.065607 -6.240642
v 6.240711 15.065607 6.169799
v 6.240711 15.065607 6.203131
v 6.240711 15.083761 6.203131
v 6.240710 15.450750 6.203131
v 6.240710 15.497328 6.203131
v 6.240710 15.845863 6.203131
v 6.240710 15.907045 6.203131
v 6.240711 16.257456 6.203131
v 6.335440 15.879292 -6.351944
v 6.980433 15.879292 -6.975855
v 7.629035 15.879292 -7.614640
v 7.649983 15.879292 -7.634343
v 7.649984 15.845863 -7.634342
v 7.649983 15.497327 -7.634343
v 7.649984 15.472449 -7.634342
v 7.629035 15.472449 -7.614639
v 6.980433 15.472449 -6.975855
v 6.341841 15.472449 -6.346795
v 6.337061 15.497327 -6.346762
v 6.333416 15.845863 -6.346766
v 6.178928 16.286135 -6.186289
v 6.178927 16.257456 -6.186290
v 6.178927 15.907045 -6.186289
v 6.178927 15.845863 -6.186290
v 6.178927 15.497327 -6.186288
v 6.178927 15.450750 -6.186290
v 6.178928 15.083761 -6.186290
v 6.178928 15.065607 -6.186289
v 6.203239 15.065607 -6.209920
v 6.287083 15.065607 -6.291412
v 6.336551 15.065607 -6.339498
v 6.980457 15.065607 -6.965456
v 7.628186 15.065607 -7.595099
v 7.663249 15.065607 -7.628886
v 7.801345 15.065607 -7.760220
v 7.823305 15.065607 -7.781104
v 7.823305 15.083761 -7.781103
v 7.823305 15.450750 -7.781103
v 7.823305 15.497328 -7.781104
v 7.823305 15.845863 -7.781104
v 7.823305 15.907045 -7.781104
v 7.823305 16.257456 -7.781103
v 7.823305 16.286135 -7.781103
v 7.801345 16.286135 -7.760219
v 7.663249 16.286135 -7.628885
v 7.628189 16.286135 -7.595103
v 6.980529 16.286135 -6.965529
v 6.336554 16.286135 -6.339500
v 6.287083 16.286135 -6.291413
v 6.203240 16.286135 -6.209919
v 6.355725 15.879292 -6.371567
v 6.980433 15.879292 -6.370869
v 7.633091 15.879292 -6.361449
v 7.654191 15.879292 -6.355556
v 7.654179 15.845863 -6.356578
v 7.654181 15.497327 -6.356090
v 7.654194 15.472449 -6.354829
v 7.633113 15.472449 -6.354879
v 6.980433 15.472449 -6.356470
v 6.366311 15.472449 -6.370900
v 6.207403 16.286135 3.062591
v 6.207403 16.257456 3.062590
v 6.207402 15.907045 3.062591
v 6.207402 15.845863 3.062591
v 6.207402 15.497328 3.062589
v 6.207402 15.450750 3.062590
v 6.207403 15.083761 3.062588
v 6.207403 15.065607 3.062588
v 6.231343 15.065607 3.074869
v 6.313904 15.065607 3.117222
v 6.362556 15.065607 3.142146
v 6.995078 15.065607 3.465809
v 7.631825 15.065607 3.791881
v 7.666266 15.065607 3.809578
v 7.801759 15.065607 3.879553
v 7.823305 15.065607 3.890681
v 7.823305 15.083761 3.890681
v 7.823305 15.450750 3.890681
v 7.823305 15.497328 3.890682
v 7.823305 15.845863 3.890680
v 7.823305 15.907045 3.890681
v 7.823305 16.257456 3.890681
v 7.823305 16.286135 3.890681
v 7.801759 16.286135 3.879553
v 7.666266 16.286135 3.809576
v 7.631826 16.286135 3.791878
v 6.995096 16.286135 3.465793
v 6.362556 16.286135 3.142147
v 6.313904 16.286135 3.117220
v 6.231343 16.286135 3.074871
v 6.197911 16.286135 -0.020366
v 6.197911 16.257456 -0.020367
v 6.197910 15.907045 -0.020366
v 6.197910 15.845863 -0.020367
v 6.197910 15.497328 -0.020367
v 6.197910 15.450750 -0.020367
v 6.197911 15.083761 -0.020369
v 6.197911 15.065607 -0.020368
v 6.221975 15.065607 -0.020058
v 6.304964 15.065607 -0.018986
v 6.353888 15.065607 -0.018399
v 6.990204 15.065607 -0.011276
v 7.630612 15.065607 -0.003776
v 7.665260 15.065607 -0.003240
v 7.801621 15.065607 -0.000367
v 7.823305 15.065607 0.000089
v 7.823304 15.083761 0.000090
v 7.823304 15.450750 0.000090
v 7.823305 15.497328 0.000091
v 7.823304 15.845863 0.000090
v 7.823305 15.907045 0.000089
v 7.823304 16.257456 0.000090
v 7.823304 16.286135 0.000090
v 7.801621 16.286135 -0.000367
v 7.665260 16.286135 -0.003241
v 7.630614 16.286135 -0.003779
v 6.990240 16.286135 -0.011311
v 6.353889 16.286135 -0.018399
v 6.304964 16.286135 -0.018988
v 6.221975 16.286135 -0.020056
v 6.188420 16.286135 -3.103328
v 6.188419 16.257456 -3.103329
v 6.188419 15.907045 -3.103328
v 6.188418 15.845863 -3.103328
v 6.188418 15.497327 -3.103328
v 6.188418 15.450750 -3.103329
v 6.188419 15.083761 -3.103329
v 6.188420 15.065607 -3.103328
v 6.212607 15.065607 -3.114989
v 6.296023 15.065607 -3.155199
v 6.345220 15.065607 -3.178948
v 6.985331 15.065607 -3.488366
v 7.629399 15.065607 -3.799438
v 7.664254 15.065607 -3.816063
v 7.801483 15.065607 -3.880294
v 7.823305 15.065607 -3.890507
v 7.823304 15.083761 -3.890507
v 7.823304 15.450750 -3.890507
v 7.823305 15.497328 -3.890507
v 7.823304 15.845863 -3.890507
v 7.823305 15.907045 -3.890507
v 7.823304 16.257456 -3.890507
v 7.823304 16.286135 -3.890507
v 7.801483 16.286135 -3.880293
v 7.664254 16.286135 -3.816063
v 7.629402 16.286135 -3.799441
v 6.985384 16.286135 -3.488420
v 6.345221 16.286135 -3.178950
v 6.296023 16.286135 -3.155200
v 6.212607 16.286135 -3.114987
vt 0.532299 0.619304
vt 0.531958 0.619305
vt 0.531733 0.546241
vt 0.532074 0.546240
vt 0.532524 0.692368
vt 0.532183 0.692369
vt 0.525066 0.619326
vt 0.524841 0.546262
vt 0.532072 0.545517
vt 0.531731 0.545518
vt 0.532749 0.765432
vt 0.532408 0.765433
vt 0.525291 0.692390
vt 0.524192 0.619329
vt 0.523967 0.546265
vt 0.524839 0.545539
vt 0.532974 0.838496
vt 0.532633 0.838497
vt 0.525516 0.765454
vt 0.524417 0.692393
vt 0.517646 0.619349
vt 0.517421 0.546285
vt 0.523964 0.545542
vt 0.532636 0.839286
vt 0.532977 0.839285
vt 0.525741 0.838518
vt 0.524642 0.765457
vt 0.517871 0.692413
vt 0.516497 0.619352
vt 0.516272 0.546288
vt 0.517419 0.545562
vt 0.525744 0.839308
vt 0.524867 0.838521
vt 0.518096 0.765477
vt 0.516722 0.692416
vt 0.509917 0.619373
vt 0.509692 0.546309
vt 0.516270 0.545565
vt 0.524869 0.839310
vt 0.518321 0.838541
vt 0.516947 0.765480
vt 0.510142 0.692437
vt 0.509378 0.619374
vt 0.509153 0.546310
vt 0.509689 0.545586
vt 0.518324 0.839330
vt 0.517172 0.838545
vt 0.510367 0.765501
vt 0.509603 0.692438
vt 0.509151 0.545587
vt 0.517175 0.839334
vt 0.510592 0.838565
vt 0.509828 0.765502
vt 0.510594 0.839354
vt 0.510053 0.838566
vt 0.510055 0.839356
vt 0.571155 0.835440
vt 0.577700 0.835440
vt 0.577700 0.835927
vt 0.571155 0.835927
vt 0.571155 0.811381
vt 0.577700 0.811381
vt 0.578328 0.835440
vt 0.578328 0.835927
vt 0.570688 0.835440
vt 0.570688 0.835927
vt 0.570688 0.811381
vt 0.571155 0.810797
vt 0.577700 0.810797
vt 0.578328 0.811381
vt 0.570688 0.810797
vt 0.571155 0.810344
vt 0.577700 0.810344
vt 0.578328 0.810797
vt 0.570280 0.810344
vt 0.571155 0.808765
vt 0.577700 0.808765
vt 0.578849 0.810344
vt 0.570280 0.808765
vt 0.570688 0.811274
vt 0.570280 0.811274
vt 0.577700 0.808307
vt 0.571155 0.808307
vt 0.578849 0.808765
vt 0.578849 0.811274
vt 0.578328 0.811274
vt 0.563388 0.808765
vt 0.563388 0.810344
vt 0.570280 0.808307
vt 0.570280 0.823362
vt 0.570688 0.823362
vt 0.563388 0.811274
vt 0.578849 0.808307
vt 0.571155 0.807684
vt 0.577700 0.807684
vt 0.585430 0.808765
vt 0.585430 0.810344
vt 0.578849 0.823362
vt 0.578328 0.823362
vt 0.585430 0.811274
vt 0.563388 0.808307
vt 0.563047 0.808765
vt 0.563047 0.810344
vt 0.570280 0.807684
vt 0.563388 0.823362
vt 0.570688 0.835534
vt 0.570280 0.835534
vt 0.563047 0.811274
vt 0.578849 0.807684
vt 0.585430 0.808307
vt 0.571155 0.749786
vt 0.577700 0.749786
vt 0.585968 0.808765
vt 0.585968 0.810344
vt 0.585430 0.823362
vt 0.578849 0.835534
vt 0.578328 0.835534
vt 0.585968 0.811274
vt 0.563048 0.808308
vt 0.563388 0.807684
vt 0.570280 0.749786
vt 0.563047 0.823362
vt 0.563388 0.835534
vt 0.570280 0.836192
vt 0.570688 0.835927
vt 0.578849 0.749786
vt 0.585430 0.807684
vt 0.585968 0.808307
vt 0.571155 0.691889
vt 0.577700 0.691889
vt 0.585968 0.823362
vt 0.585430 0.835534
vt 0.578849 0.836192
vt 0.578328 0.835927
vt 0.563047 0.807684
vt 0.563388 0.749786
vt 0.570280 0.691889
vt 0.563047 0.835534
vt 0.563388 0.836192
vt 0.571155 0.835927
vt 0.571155 0.836192
vt 0.578849 0.691889
vt 0.585430 0.749786
vt 0.585968 0.807684
vt 0.571155 0.633992
vt 0.577700 0.633992
vt 0.585968 0.835534
vt 0.585430 0.836192
vt 0.577700 0.836192
vt 0.577700 0.835927
vt 0.563047 0.749787
vt 0.563388 0.691889
vt 0.570280 0.633992
vt 0.563047 0.836192
vt 0.563388 0.838780
vt 0.570280 0.838780
vt 0.571155 0.838780
vt 0.578849 0.633992
vt 0.585430 0.691889
vt 0.585968 0.749786
vt 0.571155 0.576095
vt 0.577700 0.576095
vt 0.585968 0.836192
vt 0.578849 0.838780
vt 0.585430 0.838780
vt 0.577700 0.838780
vt 0.563047 0.691889
vt 0.563388 0.633992
vt 0.570280 0.576095
vt 0.563047 0.838780
vt 0.563388 0.839192
vt 0.570280 0.839192
vt 0.571155 0.839192
vt 0.578849 0.576095
vt 0.585430 0.633992
vt 0.585968 0.691889
vt 0.577700 0.575520
vt 0.571155 0.575520
vt 0.585968 0.838780
vt 0.578849 0.839192
vt 0.585430 0.839192
vt 0.577700 0.839192
vt 0.563047 0.633992
vt 0.563388 0.576095
vt 0.570280 0.575520
vt 0.563047 0.839192
vt 0.578849 0.575520
vt 0.585430 0.576095
vt 0.585968 0.633992
vt 0.571155 0.575072
vt 0.577700 0.575072
vt 0.585968 0.839192
vt 0.563047 0.576095
vt 0.563388 0.575520
vt 0.570280 0.575072
vt 0.585430 0.575520
vt 0.578849 0.575072
vt 0.585968 0.576095
vt 0.571155 0.573525
vt 0.577700 0.573525
vt 0.563048 0.575520
vt 0.563388 0.575074
vt 0.570280 0.573525
vt 0.585968 0.575520
vt 0.585430 0.575074
vt 0.578849 0.573525
vt 0.577700 0.573081
vt 0.571155 0.573081
vt 0.563047 0.575074
vt 0.563388 0.573536
vt 0.570688 0.573081
vt 0.585968 0.575074
vt 0.585430 0.573535
vt 0.578328 0.573081
vt 0.563047 0.573536
vt 0.563388 0.572628
vt 0.570280 0.572616
vt 0.570688 0.572615
vt 0.585968 0.573536
vt 0.578849 0.572616
vt 0.585430 0.572628
vt 0.578328 0.572615
vt 0.563047 0.572629
vt 0.570280 0.560814
vt 0.563388 0.560815
vt 0.570688 0.560814
vt 0.585968 0.572629
vt 0.585430 0.560814
vt 0.578849 0.560814
vt 0.578328 0.560814
vt 0.563047 0.560815
vt 0.563388 0.548931
vt 0.570280 0.548919
vt 0.570688 0.548918
vt 0.585968 0.560814
vt 0.578849 0.548919
vt 0.585430 0.548931
vt 0.578328 0.548918
vt 0.563047 0.548932
vt 0.563388 0.548294
vt 0.570280 0.548282
vt 0.570688 0.548534
vt 0.585968 0.548932
vt 0.578849 0.548282
vt 0.585430 0.548294
vt 0.578328 0.548534
vt 0.563047 0.548294
vt 0.563388 0.545816
vt 0.570280 0.545814
vt 0.571155 0.548281
vt 0.571155 0.548534
vt 0.585968 0.548294
vt 0.578849 0.545814
vt 0.585430 0.545816
vt 0.577700 0.548534
vt 0.577700 0.548281
vt 0.563047 0.545816
vt 0.570280 0.545422
vt 0.563388 0.545422
vt 0.571155 0.545814
vt 0.571155 0.548901
vt 0.570688 0.548901
vt 0.585968 0.545816
vt 0.577700 0.545814
vt 0.585430 0.545422
vt 0.578849 0.545422
vt 0.578328 0.548901
vt 0.577700 0.548901
vt 0.563047 0.545422
vt 0.571155 0.545422
vt 0.571155 0.572906
vt 0.570688 0.572930
vt 0.585968 0.545422
vt 0.577700 0.545422
vt 0.578328 0.572916
vt 0.577700 0.572897
vt 0.571155 0.573095
vt 0.570688 0.573095
vt 0.578328 0.573095
vt 0.577700 0.573095
vt 0.508969 0.619567
vt 0.508742 0.546704
vt 0.509196 0.692431
vt 0.506395 0.620782
vt 0.506156 0.549178
vt 0.508740 0.545983
vt 0.509423 0.765295
vt 0.506635 0.692385
vt 0.505742 0.621096
vt 0.505500 0.549815
vt 0.506153 0.548469
vt 0.509650 0.838158
vt 0.506874 0.763988
vt 0.505984 0.692377
vt 0.493665 0.626974
vt 0.493373 0.561675
vt 0.505497 0.549109
vt 0.509652 0.838946
vt 0.507114 0.835592
vt 0.506226 0.763658
vt 0.493958 0.692272
vt 0.481661 0.632823
vt 0.481316 0.573469
vt 0.493369 0.561028
vt 0.507116 0.836365
vt 0.506469 0.834939
vt 0.494250 0.757571
vt 0.482007 0.692176
vt 0.480739 0.633271
vt 0.480389 0.574375
vt 0.481311 0.572880
vt 0.506471 0.835709
vt 0.494542 0.822870
vt 0.482352 0.751530
vt 0.481088 0.692168
vt 0.479174 0.634031
vt 0.478820 0.575910
vt 0.480384 0.573790
vt 0.494544 0.823574
vt 0.482698 0.810883
vt 0.481437 0.751064
vt 0.479529 0.692153
vt 0.478721 0.634252
vt 0.478364 0.576355
vt 0.478814 0.575333
vt 0.482700 0.811523
vt 0.481786 0.809961
vt 0.479884 0.750274
vt 0.479077 0.692148
vt 0.478359 0.575781
vt 0.481788 0.810595
vt 0.480239 0.808395
vt 0.479434 0.750045
vt 0.480241 0.809021
vt 0.479791 0.807941
vt 0.479792 0.808564
vt 0.532709 0.619494
vt 0.532488 0.546631
vt 0.532931 0.692358
vt 0.532486 0.545910
vt 0.535290 0.620693
vt 0.535089 0.549089
vt 0.533153 0.765222
vt 0.535492 0.692296
vt 0.535087 0.548380
vt 0.535946 0.621003
vt 0.535749 0.549721
vt 0.533375 0.838085
vt 0.535694 0.763900
vt 0.536143 0.692284
vt 0.535747 0.549016
vt 0.547950 0.561509
vt 0.548059 0.626807
vt 0.533377 0.838873
vt 0.535895 0.835503
vt 0.536339 0.763565
vt 0.548169 0.692106
vt 0.547949 0.560861
vt 0.560098 0.632581
vt 0.560078 0.573227
vt 0.535897 0.836277
vt 0.536536 0.834847
vt 0.548278 0.757405
vt 0.560118 0.691936
vt 0.560080 0.572638
vt 0.561010 0.574127
vt 0.561023 0.633024
vt 0.536538 0.835616
vt 0.548388 0.822704
vt 0.560138 0.751290
vt 0.561037 0.691922
vt 0.561012 0.573542
vt 0.562592 0.633775
vt 0.562589 0.575652
vt 0.548390 0.823408
vt 0.560158 0.810645
vt 0.561050 0.750819
vt 0.562595 0.691897
vt 0.562591 0.575075
vt 0.560160 0.811284
vt 0.561064 0.809717
vt 0.562598 0.750019
vt 0.561066 0.810351
vt 0.562601 0.808141
vt 0.562603 0.808767
vt 0.409294 0.030006
vt 0.420491 0.019077
vt 0.421220 0.019076
vt 0.409317 0.030710
vt 0.409167 0.019080
vt 0.432499 0.007523
vt 0.433042 0.007523
vt 0.408933 0.031086
vt 0.408933 0.030359
vt 0.408933 0.019080
vt 0.409393 0.007530
vt 0.432937 0.007067
vt 0.433508 0.007067
vt 0.408929 0.007530
vt 0.409402 0.007074
vt 0.408926 0.007074
vt 0.401097 0.030006
vt 0.401074 0.030710
vt 0.389171 0.019075
vt 0.389901 0.019076
vt 0.401458 0.031086
vt 0.401458 0.030359
vt 0.377894 0.007521
vt 0.377351 0.007521
vt 0.401224 0.019080
vt 0.401459 0.019080
vt 0.400999 0.007530
vt 0.376885 0.007065
vt 0.377455 0.007065
vt 0.401463 0.007530
vt 0.400990 0.007074
vt 0.401467 0.007074
vt 0.434035 0.018335
vt 0.422306 0.030244
vt 0.421961 0.030242
vt 0.433592 0.018335
vt 0.445143 0.018335
vt 0.445316 0.030319
vt 0.421586 0.030626
vt 0.421944 0.030629
vt 0.445130 0.006522
vt 0.445130 0.006865
vt 0.445599 0.030320
vt 0.445599 0.018335
vt 0.445424 0.030706
vt 0.445545 0.006492
vt 0.445585 0.006056
vt 0.445599 0.030707
vt 0.465077 0.018335
vt 0.476707 0.030241
vt 0.476363 0.030244
vt 0.464634 0.018335
vt 0.476724 0.030629
vt 0.477083 0.030626
vt 0.453232 0.030319
vt 0.453261 0.018335
vt 0.453526 0.007059
vt 0.453538 0.006522
vt 0.453231 0.030706
vt 0.453069 0.030320
vt 0.453069 0.018335
vt 0.453076 0.006610
vt 0.453083 0.006056
vt 0.453069 0.030707
vt 0.401916 0.031086
vt 0.401916 0.030359
vt 0.408319 0.030359
vt 0.408319 0.031086
vt 0.401459 0.031086
vt 0.401916 0.019080
vt 0.408319 0.019080
vt 0.408933 0.031086
vt 0.401916 0.007530
vt 0.408319 0.007530
vt 0.401916 0.007074
vt 0.408319 0.007074
vt 0.401459 0.007074
vt 0.408933 0.007074
vt 0.452613 0.030320
vt 0.446213 0.030320
vt 0.446213 0.018335
vt 0.452613 0.018335
vt 0.446213 0.030707
vt 0.452613 0.030707
vt 0.446213 0.006455
vt 0.452613 0.006522
vt 0.445599 0.030707
vt 0.453069 0.030707
vt 0.452613 0.006056
vt 0.446213 0.006056
vt 0.445599 0.006056
vt 0.453069 0.006056
vn 0.000000 1.000000 -0.000000
vn 0.000000 1.000000 -0.000000
vn 0.000000 1.000000 0.000000
vn 0.000000 1.000000 -0.000000
vn 1.000000 0.000025 0.000000
vn 1.000000 0.000025 0.000000
vn 1.000000 0.000025 0.000000
vn 1.000000 0.000025 0.000000
vn 0.000000 -1.000000 0.000000
vn 0.000000 -1.000000 0.000000
vn 0.000000 -1.000000 0.000000
vn 0.000000 -1.000000 0.000000
vn -0.715364 0.000000 0.698752
vn -0.715364 0.000000 0.698752
vn -0.715364 0.000000 0.698752
vn -0.715364 0.000000 0.698752
vn -0.715360 0.000000 0.698756
vn -0.715360 0.000000 0.698756
vn -0.715360 0.000000 0.698756
vn -0.715360 0.000000 0.698756
vn 1.000000 0.000001 0.000000
vn 1.000000 0.000001 0.000000
vn 1.000000 0.000001 0.000000
vn 1.000000 0.000001 0.000000
vn -0.715342 0.000000 0.698774
vn -0.715342 0.000000 0.698774
vn -0.715342 0.000000 0.698774
vn -0.715342 0.000000 0.698774
vn 1.000000 0.000001 0.000000
vn 1.000000 0.000001 0.000000
vn 1.000000 0.000001 0.000000
vn 1.000000 0.000001 0.000000
vn 0.000000 -1.000000 0.000000
vn 0.000000 -1.000000 0.000000
vn 0.000000 -1.000000 -0.000000
vn 0.000000 -1.000000 -0.000000
vn -0.715357 0.000000 0.698759
vn -0.715357 0.000000 0.698759
vn -0.715357 0.000000 0.698759
vn -0.715357 0.000000 0.698759
vn 0.000000 -0.000002 1.000000
vn 0.000000 -0.000002 1.000000
vn 0.000000 -0.000002 1.000000
vn 0.000000 -0.000002 1.000000
vn -0.715357 0.000000 0.698759
vn -0.715357 0.000000 0.698759
vn -0.715357 0.000000 0.698759
vn -0.715357 0.000000 0.698759
vn 0.000000 1.000000 0.000000
vn 0.000000 1.000000 0.000000
vn 0.000000 1.000000 0.000000
vn 0.000000 1.000000 0.000000
vn 0.000000 -1.000000 0.000000
vn 0.000000 -1.000000 0.000000
vn 0.000000 -1.000000 0.000000
vn 0.000000 -1.000000 0.000000
vn -0.715358 0.000000 0.698759
vn -0.715358 0.000000 0.698759
vn -0.715358 0.000000 0.698759
vn -0.715358 0.000000 0.698759
vn -0.715355 0.000000 0.698761
vn -0.715355 0.000000 0.698761
vn -0.715355 0.000000 0.698761
vn -0.715355 0.000000 0.698761
vn -0.715352 0.000003 0.698764
vn -0.715352 0.000003 0.698764
vn -0.715352 0.000003 0.698764
vn -0.715352 0.000003 0.698764
vn 0.000000 1.000000 0.000000
vn 0.000000 1.000000 0.000000
vn 0.000000 1.000000 0.000000
vn 0.000000 1.000000 -0.000000
vn -1.000000 0.000002 0.000009
vn -1.000000 0.000002 0.000009
vn -1.000000 0.000002 0.000009
vn -1.000000 0.000002 0.000009
vn 0.000000 1.000000 0.000000
vn 0.000000 1.000000 0.000000
vn 0.000000 1.000000 0.000000
vn 0.000000 1.000000 0.000000
vn 0.000000 -1.000000 -0.000007
vn 0.000000 -1.000000 -0.000007
vn 0.000000 -1.000000 -0.000007
vn 0.000000 -1.000000 -0.000007
vn -0.715340 -0.000029 0.698777
vn -0.715340 -0.000029 0.698777
vn -0.715340 -0.000029 0.698777
vn -0.715340 -0.000029 0.698777
vn 0.000000 -1.000000 0.000000
vn 0.000000 -1.000000 0.000000
vn 0.000000 -1.000000 0.000000
vn 0.000000 -1.000000 0.000000
vn 0.000000 1.000000 0.000000
vn 0.000000 1.000000 0.000000
vn 0.000000 1.000000 0.000000
vn 0.000000 1.000000 0.000000
vn -0.715357 0.000001 0.698759
vn -0.715357 0.000001 0.698759
vn -0.715357 0.000001 0.698759
vn -0.715357 0.000001 0.698759
vn 0.000000 -1.000000 0.000000
vn 0.000000 -1.000000 0.000000
vn 0.000000 -1.000000 0.000000
vn 0.000000 -1.000000 0.000000
vn -0.000028 -0.000001 1.000000
vn -0.000028 -0.000001 1.000000
vn -0.000028 -0.000001 1.000000
vn -0.000028 -0.000001 1.000000
vn 0.000000 1.000000 0.000000
vn 0.000000 1.000000 0.000000
vn 0.000000 1.000000 0.000000
vn 0.000000 1.000000 0.000000
vn 0.000000 -1.000000 0.000000
vn 0.000000 -1.000000 0.000000
vn 0.000000 -1.000000 0.000000
vn 0.000000 -1.000000 0.000000
vn 0.000000 1.000000 0.000000
vn 0.000000 1.000000 0.000000
vn 0.000000 1.000000 0.000000
vn 0.000000 1.000000 0.000000
vn 0.000000 1.000000 0.000000
vn 0.000000 1.000000 0.000000
vn 0.000000 1.000000 0.000000
vn 0.000000 1.000000 0.000000
vn -0.999981 0.000000 0.006131
vn -0.999981 0.000000 0.006131
vn -0.999981 0.000000 0.006131
vn -0.999981 0.000000 0.006131
vn -0.999981 0.000000 0.006131
vn -0.999981 0.000000 0.006131
vn -0.999981 0.000000 0.006131
vn -0.999981 0.000000 0.006131
vn -0.999981 -0.000054 0.006131
vn -0.999981 -0.000054 0.006131
vn -0.999981 -0.000054 0.006131
vn -0.999981 -0.000054 0.006131
vn 0.000000 -1.000000 0.000046
vn 0.000000 -1.000000 0.000046
vn 0.000000 -1.000000 0.000046
vn 0.000000 -1.000000 0.000046
vn 0.000000 1.000000 0.000012
vn 0.000000 1.000000 0.000012
vn 0.000000 1.000000 0.000012
vn 0.000000 1.000000 0.000012
vn 1.000000 0.000001 0.000000
vn 1.000000 0.000001 0.000000
vn 1.000000 0.000001 0.000000
vn 1.000000 0.000001 0.000000
vn 1.000000 0.000000 0.000000
vn 1.000000 0.000000 0.000000
vn 1.000000 0.000000 0.000000
vn 1.000000 0.000000 0.000000
vn -0.698763 0.000032 -0.715353
vn -0.698763 0.000032 -0.715353
vn -0.698763 0.000032 -0.715353
vn -0.698763 0.000032 -0.715353
vn 1.000000 0.000000 0.000000
vn 1.000000 0.000000 0.000000
vn 1.000000 0.000000 0.000000
vn 1.000000 0.000000 0.000000
vn -0.698807 0.000001 -0.715310
vn -0.698807 0.000001 -0.715310
vn -0.698807 0.000001 -0.715310
vn -0.698807 0.000001 -0.715310
vn -0.698724 -0.000032 -0.715391
vn -0.698724 -0.000032 -0.715391
vn -0.698724 -0.000032 -0.715391
vn -0.698724 -0.000032 -0.715391
vn 0.000000 0.000000 -1.000000
vn 0.000000 0.000000 -1.000000
vn 0.000000 0.000000 -1.000000
vn 0.000000 0.000000 -1.000000
vn -0.999965 0.000000 0.008318
vn -0.999965 0.000000 0.008318
vn -0.999965 0.000000 0.008318
vn -0.999965 0.000000 0.008318
vn -0.690828 0.000006 -0.723019
vn -0.690828 0.000006 -0.723019
vn -0.690828 0.000006 -0.723019
vn -0.690828 0.000006 -0.723019
vn -0.690772 -0.000001 -0.723072
vn -0.690772 -0.000001 -0.723072
vn -0.690772 -0.000001 -0.723072
vn -0.690772 -0.000001 -0.723072
vn -0.690873 -0.000027 -0.722976
vn -0.690873 -0.000027 -0.722976
vn -0.690873 -0.000027 -0.722976
vn -0.690873 -0.000027 -0.722976
vn 0.000000 1.000000 0.000035
vn 0.000000 1.000000 0.000035
vn 0.000000 1.000000 0.000035
vn 0.000000 1.000000 0.000035
vn 0.000000 -1.000000 -0.000015
vn 0.000000 -1.000000 -0.000015
vn 0.000000 -1.000000 -0.000015
vn 0.000000 -1.000000 -0.000015
vn 0.000000 -1.000000 -0.000025
vn 0.000000 -1.000000 -0.000025
vn 0.000000 -1.000000 -0.000025
vn 0.000000 -1.000000 -0.000025
vn -0.698759 0.000027 -0.715358
vn -0.698759 0.000027 -0.715358
vn -0.698759 0.000027 -0.715358
vn -0.698759 0.000027 -0.715358
vn -0.698776 -0.000029 -0.715340
vn -0.698776 -0.000029 -0.715340
vn -0.698776 -0.000029 -0.715340
vn -0.698776 -0.000029 -0.715340
vn 0.000000 -1.000000 0.000013
vn 0.000000 -1.000000 0.000013
vn 0.000000 -1.000000 0.000013
vn 0.000000 -1.000000 0.000013
vn 0.001337 0.000002 -0.999999
vn 0.001337 0.000002 -0.999999
vn 0.001337 0.000002 -0.999999
vn 0.001337 0.000002 -0.999999
vn 0.000000 1.000000 0.000000
vn 0.000000 1.000000 0.000000
vn 0.000000 1.000000 0.000000
vn 0.000000 1.000000 0.000000
vn -0.698761 0.000029 -0.715355
vn -0.698761 0.000029 -0.715355
vn -0.698761 0.000029 -0.715355
vn -0.698761 0.000029 -0.715355
vn 0.000000 1.000000 0.000000
vn 0.000000 1.000000 0.000000
vn 0.000000 1.000000 0.000000
vn 0.000000 1.000000 0.000000
vn 0.000000 1.000000 -0.000000
vn 0.000000 1.000000 -0.000000
vn 0.000000 1.000000 -0.000000
vn 0.000000 1.000000 -0.000000
vn -0.715357 0.000000 0.698759
vn -0.715357 0.000000 0.698759
vn -0.715357 0.000000 0.698759
vn -0.715357 0.000000 0.698759
vn 0.000000 1.000000 0.000000
vn 0.000000 1.000000 0.000000
vn 0.000000 1.000000 0.000000
vn 0.000000 1.000000 0.000000
vn 0.000001 -0.000001 1.000000
vn 0.000001 -0.000001 1.000000
vn 0.000001 -0.000001 1.000000
vn 0.000001 -0.000001 1.000000
vn 0.000000 -1.000000 0.000000
vn 0.000000 -1.000000 0.000000
vn 0.000000 -1.000000 0.000000
vn 0.000000 -1.000000 0.000000
vn -0.715341 0.000000 0.698775
vn -0.715341 0.000000 0.698775
vn -0.715341 0.000000 0.698775
vn -0.715341 0.000000 0.698775
vn 0.000000 -1.000000 -0.000000
vn 0.000000 -1.000000 0.000000
vn 0.000000 -1.000000 0.000000
vn 0.000000 -1.000000 0.000000
vn 0.000000 -1.000000 -0.000045
vn 0.000000 -1.000000 -0.000045
vn 0.000000 -1.000000 -0.000045
vn 0.000000 -1.000000 -0.000045
vn -0.698813 -0.000029 -0.715304
vn -0.698813 -0.000029 -0.715304
vn -0.698813 -0.000029 -0.715304
vn -0.698813 -0.000029 -0.715304
vn -0.715348 0.000000 0.698768
vn -0.715348 0.000000 0.698768
vn -0.715348 0.000000 0.698768
vn -0.715348 0.000000 0.698768
vn -1.000000 0.000000 0.000000
vn -1.000000 0.000000 0.000000
vn -1.000000 0.000000 0.000000
vn -1.000000 0.000000 0.000000
vn 0.000000 0.000000 1.000000
vn 0.000000 0.000000 1.000000
vn 0.000000 0.000000 1.000000
vn 0.000000 0.000000 1.000000
vn 0.000162 0.003038 0.999995
vn 0.000162 0.003038 0.999995
vn 0.000162 0.003038 0.999995
vn 0.000162 0.003038 0.999995
vn 0.000000 0.000000 1.000000
vn 0.000000 0.000000 1.000000
vn 0.000000 0.000000 1.000000
vn 0.000000 0.000000 1.000000
vn -0.715350 0.000000 0.698766
vn -0.715350 0.000000 0.698766
vn -0.715350 0.000000 0.698766
vn -0.715350 0.000000 0.698766
vn 1.000000 -0.000008 0.000000
vn 1.000000 -0.000008 0.000000
vn 1.000000 -0.000008 0.000000
vn 1.000000 -0.000008 0.000000
vn -0.999965 0.000000 0.008318
vn -0.999965 0.000000 0.008318
vn -0.999965 0.000000 0.008318
vn -0.999965 0.000000 0.008318
vn 0.000000 0.000000 -1.000000
vn 0.000000 0.000000 -1.000000
vn 0.000000 0.000000 -1.000000
vn 0.000000 0.000000 -1.000000
vn -0.111649 -0.073383 -0.991035
vn -0.111649 -0.073383 -0.991035
vn -0.111649 -0.073383 -0.991035
vn -0.111649 -0.073383 -0.991035
vn -0.000015 0.000029 1.000000
vn -0.000015 0.000029 1.000000
vn -0.000015 0.000029 1.000000
vn -0.000015 0.000029 1.000000
vn 0.000162 -0.004073 0.999992
vn 0.000162 -0.004073 0.999992
vn 0.000162 -0.004073 0.999992
vn 0.000162 -0.004073 0.999992
vn 0.000000 0.000010 1.000000
vn 0.000000 0.000010 1.000000
vn 0.000000 0.000010 1.000000
vn 0.000000 0.000010 1.000000
vn -1.000000 -0.000027 0.000009
vn -1.000000 -0.000027 0.000009
vn -1.000000 -0.000027 0.000009
vn -1.000000 -0.000027 0.000009
vn -0.999981 0.000000 0.006131
vn -0.999981 0.000000 0.006131
vn -0.999981 0.000000 0.006131
vn -0.999981 0.000000 0.006131
vn -0.698811 -0.000004 -0.715307
vn -0.698811 -0.000004 -0.715307
vn -0.698811 -0.000004 -0.715307
vn -0.698811 -0.000004 -0.715307
vn 0.000605 0.000729 -1.000000
vn 0.000605 0.000729 -1.000000
vn 0.000605 0.000729 -1.000000
vn 0.000605 0.000729 -1.000000
vn 0.000000 0.000000 -1.000000
vn 0.000000 0.000000 -1.000000
vn 0.000000 0.000000 -1.000000
vn 0.000000 0.000000 -1.000000
vn -0.999965 0.000000 0.008318
vn -0.999965 0.000000 0.008318
vn -0.999965 0.000000 0.008318
vn -0.999965 0.000000 0.008318
vn -0.690783 0.000000 -0.723063
vn -0.690783 0.000000 -0.723063
vn -0.690783 0.000000 -0.723063
vn -0.690783 0.000000 -0.723063
vn 1.000000 -0.000006 0.000000
vn 1.000000 -0.000006 0.000000
vn 1.000000 -0.000006 0.000000
vn 1.000000 -0.000006 0.000000
vn 0.000000 -1.000000 0.000000
vn 0.000000 -1.000000 0.000000
vn 0.000000 -1.000000 0.000000
vn 0.000000 -1.000000 0.000000
vn 0.000000 -1.000000 0.000000
vn 0.000000 -1.000000 0.000000
vn 0.000000 -1.000000 0.000000
vn 0.000000 -1.000000 0.000000
vn -1.000000 0.000000 0.000000
vn -1.000000 0.000000 0.000000
vn -1.000000 0.000000 0.000000
vn -1.000000 0.000000 0.000000
vn -1.000000 0.000000 0.000000
vn -1.000000 0.000000 0.000000
vn -1.000000 0.000000 0.000000
vn -1.000000 0.000000 0.000000
vn -1.000000 0.000000 0.000000
vn -1.000000 0.000000 0.000000
vn -1.000000 0.000000 0.000000
vn -1.000000 0.000000 0.000000
vn 0.000000 1.000000 0.000000
vn 0.000000 1.000000 0.000000
vn 0.000000 1.000000 0.000000
vn 0.000000 1.000000 0.000000
vn 0.000000 1.000000 0.000000
vn 0.000000 1.000000 0.000000
vn 0.000000 1.000000 0.000000
vn 0.000000 1.000000 0.000000
vn 0.000000 1.000000 0.000000
vn 0.000000 1.000000 0.000000
vn 0.000000 1.000000 0.000000
vn 0.000000 1.000000 0.000000
vn 0.000000 1.000000 0.000000
vn 0.000000 1.000000 0.000000
vn 0.000000 1.000000 0.000000
vn 0.000000 1.000000 0.000000
vn 0.000000 1.000000 0.000000
vn 0.000000 1.000000 0.000000
vn 0.000000 1.000000 0.000000
vn 0.000000 1.000000 0.000000
vn 0.000000 1.000000 0.000000
vn 0.000000 1.000000 0.000000
vn 0.000000 1.000000 0.000000
vn 0.000000 1.000000 0.000000
vn -1.000000 0.000001 0.000000
vn -1.000000 0.000001 0.000000
vn -1.000000 0.000001 0.000000
vn -1.000000 0.000001 0.000000
vn -1.000000 0.000000 0.000000
vn -1.000000 0.000000 0.000000
vn -1.000000 0.000000 0.000000
vn -1.000000 0.000000 0.000000
vn -1.000000 -0.000000 0.000000
vn -1.000000 -0.000000 0.000000
vn -1.000000 -0.000000 0.000000
vn -1.000000 -0.000000 0.000000
vn -1.000000 0.000000 0.000000
vn -1.000000 0.000000 0.000000
vn -1.000000 0.000000 0.000000
vn -1.000000 0.000000 0.000000
vn 0.000000 -1.000000 0.000000
vn 0.000000 -1.000000 0.000000
vn 0.000000 -1.000000 0.000000
vn 0.000000 -1.000000 0.000000
vn 0.000000 -1.000000 0.000017
vn 0.000000 -1.000000 0.000017
vn 0.000000 -1.000000 0.000017
vn 0.000000 -1.000000 0.000017
vn 0.000000 -1.000000 0.000020
vn 0.000000 -1.000000 0.000020
vn 0.000000 -1.000000 0.000020
vn 0.000000 -1.000000 0.000020
vn 0.000000 -1.000000 0.000000
vn 0.000000 -1.000000 0.000000
vn 0.000000 -1.000000 0.000000
vn 0.000000 -1.000000 0.000000
vn 0.000000 -1.000000 0.000000
vn 0.000000 -1.000000 0.000000
vn 0.000000 -1.000000 0.000000
vn 0.000000 -1.000000 0.000000
vn 1.000000 0.000000 0.000000
vn 1.000000 0.000000 0.000000
vn 1.000000 0.000000 0.000000
vn 1.000000 0.000000 0.000000
vn 1.000000 -0.000002 0.000000
vn 1.000000 -0.000002 0.000000
vn 1.000000 -0.000002 0.000000
vn 1.000000 -0.000002 0.000000
vn 1.000000 0.000000 0.000000
vn 1.000000 0.000000 0.000000
vn 1.000000 0.000000 0.000000
vn 1.000000 0.000000 0.000000
vn 1.000000 0.000000 0.000000
vn 1.000000 0.000000 0.000000
vn 1.000000 0.000000 0.000000
vn 1.000000 0.000000 0.000000
vn 0.000000 1.000000 0.000000
vn 0.000000 1.000000 0.000000
vn 0.000000 1.000000 0.000000
vn 0.000000 1.000000 0.000000
vn 0.000000 1.000000 0.000020
vn 0.000000 1.000000 0.000020
vn 0.000000 1.000000 0.000020
vn 0.000000 1.000000 0.000020
vn -0.690831 0.000041 -0.723016
vn -0.690831 0.000041 -0.723016
vn -0.690831 0.000041 -0.723016
vn -0.690831 0.000041 -0.723016
vn -0.690781 -0.000001 -0.723064
vn -0.690781 -0.000001 -0.723064
vn -0.690781 -0.000001 -0.723064
vn -0.690781 -0.000001 -0.723064
vn -0.690773 -0.000014 -0.723072
vn -0.690773 -0.000014 -0.723072
vn -0.690773 -0.000014 -0.723072
vn -0.690773 -0.000014 -0.723072
vn -0.690876 -0.000029 -0.722973
vn -0.690876 -0.000029 -0.722973
vn -0.690876 -0.000029 -0.722973
vn -0.690876 -0.000029 -0.722973
vn 0.000000 -1.000000 -0.000022
vn 0.000000 -1.000000 -0.000022
vn 0.000000 -1.000000 -0.000022
vn 0.000000 -1.000000 -0.000022
vn 0.000000 -1.000000 0.000000
vn 0.000000 -1.000000 0.000000
vn 0.000000 -1.000000 0.000000
vn 0.000000 -1.000000 0.000000
vn 0.000000 -1.000000 0.000000
vn 0.000000 -1.000000 0.000000
vn 0.000000 -1.000000 0.000000
vn 0.000000 -1.000000 0.000000
vn -0.715351 0.000000 0.698765
vn -0.715351 0.000000 0.698765
vn -0.715351 0.000000 0.698765
vn -0.715351 0.000000 0.698765
vn -0.715357 -0.000000 0.698759
vn -0.715357 -0.000000 0.698759
vn -0.715357 -0.000000 0.698759
vn -0.715357 -0.000000 0.698759
vn -0.715353 0.000000 0.698763
vn -0.715353 0.000000 0.698763
vn -0.715353 0.000000 0.698763
vn -0.715353 0.000000 0.698763
vn -0.715356 0.000000 0.698761
vn -0.715356 0.000000 0.698761
vn -0.715356 0.000000 0.698761
vn -0.715356 0.000000 0.698761
vn 0.000000 1.000000 0.000000
vn 0.000000 1.000000 0.000000
vn 0.000000 1.000000 0.000000
vn 0.000000 1.000000 0.000000
vn 0.000000 1.000000 0.000000
vn 0.000000 1.000000 0.000000
vn 0.000000 1.000000 0.000000
vn 0.000000 1.000000 0.000000
vn -0.715348 -0.000018 0.698768
vn -0.715348 -0.000018 0.698768
vn -0.715348 -0.000018 0.698768
vn -0.715348 -0.000018 0.698768
vn -0.715362 0.000000 0.698754
vn -0.715362 0.000000 0.698754
vn -0.715362 0.000000 0.698754
vn -0.715362 0.000000 0.698754
vn -0.715359 0.000000 0.698757
vn -0.715359 0.000000 0.698757
vn -0.715359 0.000000 0.698757
vn -0.715359 0.000000 0.698757
vn -0.715342 0.000000 0.698775
vn -0.715342 0.000000 0.698775
vn -0.715342 0.000000 0.698775
vn -0.715342 0.000000 0.698775
vn -0.715350 0.000000 0.698767
vn -0.715350 0.000000 0.698767
vn -0.715350 0.000000 0.698767
vn -0.715350 0.000000 0.698767
vn -0.715368 0.000000 0.698748
vn -0.715368 0.000000 0.698748
vn -0.715368 0.000000 0.698748
vn -0.715368 0.000000 0.698748
vn 1.000000 0.000000 0.000000
vn 1.000000 0.000000 0.000000
vn 1.000000 0.000000 0.000000
vn 1.000000 0.000000 0.000000
vn 1.000000 0.000000 0.000000
vn 1.000000 0.000000 0.000000
vn 1.000000 0.000000 0.000000
vn 1.000000 0.000000 0.000000
vn 1.000000 0.000000 0.000000
vn 1.000000 0.000000 0.000000
vn 1.000000 0.000000 0.000000
vn 1.000000 0.000000 0.000000
vn -0.690878 0.000017 -0.722971
vn -0.690878 0.000017 -0.722971
vn -0.690879 0.000017 -0.722971
vn -0.690878 0.000017 -0.722971
vn -0.690875 0.000045 -0.722975
vn -0.690875 0.000045 -0.722975
vn -0.690875 0.000045 -0.722975
vn -0.690875 0.000045 -0.722975
vn -0.698758 0.000000 -0.715358
vn -0.698758 0.000000 -0.715358
vn -0.698758 0.000000 -0.715358
vn -0.698758 0.000000 -0.715358
vn -0.698774 0.000037 -0.715343
vn -0.698774 0.000037 -0.715343
vn -0.698774 0.000037 -0.715343
vn -0.698774 0.000037 -0.715343
vn -0.698705 0.000027 -0.715410
vn -0.698705 0.000027 -0.715410
vn -0.698705 0.000027 -0.715410
vn -0.698705 0.000027 -0.715410
vn -0.999981 0.000034 0.006131
vn -0.999981 0.000034 0.006131
vn -0.999981 0.000034 0.006131
vn -0.999981 0.000034 0.006131
vn -1.000000 0.000000 0.000000
vn -1.000000 0.000000 0.000000
vn -1.000000 0.000000 0.000000
vn -1.000000 0.000000 0.000000
vn 1.000000 0.000000 0.000000
vn 1.000000 0.000000 0.000000
vn 1.000000 0.000000 0.000000
vn 1.000000 0.000000 0.000000
vn -0.690831 -0.000005 -0.723017
vn -0.690831 -0.000005 -0.723017
vn -0.690831 -0.000005 -0.723017
vn -0.690831 -0.000005 -0.723017
vn -0.690835 -0.000043 -0.723013
vn -0.690835 -0.000043 -0.723013
vn -0.690835 -0.000043 -0.723013
vn -0.690835 -0.000043 -0.723013
vn -0.698758 -0.000029 -0.715358
vn -0.698758 -0.000029 -0.715358
vn -0.698758 -0.000029 -0.715358
vn -0.698758 -0.000029 -0.715358
vn -0.698760 -0.000032 -0.715357
vn -0.698760 -0.000032 -0.715357
vn -0.698760 -0.000032 -0.715357
vn -0.698760 -0.000032 -0.715357
vn -0.698758 -0.000032 -0.715358
vn -0.698758 -0.000032 -0.715358
vn -0.698758 -0.000032 -0.715358
vn -0.698758 -0.000032 -0.715358
vn -0.999981 -0.000001 0.006123
vn -0.999981 -0.000001 0.006123
vn -0.999981 -0.000001 0.006123
vn -0.999981 -0.000001 0.006123
vn -1.000000 -0.000001 0.000000
vn -1.000000 -0.000001 0.000000
vn -1.000000 -0.000001 0.000000
vn -1.000000 -0.000001 0.000000
vn -0.715354 0.000000 0.698762
vn -0.715354 0.000000 0.698762
vn -0.715354 0.000000 0.698762
vn -0.715354 0.000000 0.698762
vn -0.715358 -0.000000 0.698759
vn -0.715358 -0.000000 0.698759
vn -0.715358 -0.000000 0.698759
vn -0.715358 -0.000000 0.698759
vn -0.715358 0.000001 0.698758
vn -0.715358 0.000001 0.698758
vn -0.715358 0.000001 0.698758
vn -0.715358 0.000001 0.698758
vn -0.715358 0.000001 0.698759
vn -0.715358 0.000001 0.698759
vn -0.715358 0.000001 0.698759
vn -0.715358 0.000001 0.698759
vn -0.715355 0.000000 0.698761
vn -0.715355 0.000000 0.698761
vn -0.715355 0.000000 0.698761
vn -0.715355 0.000000 0.698761
vn -0.715350 0.000000 0.698767
vn -0.715350 0.000000 0.698767
vn -0.715350 0.000000 0.698767
vn -0.715350 0.000000 0.698767
vn 1.000000 0.000000 0.000000
vn 1.000000 0.000000 0.000000
vn 1.000000 0.000000 0.000000
vn 1.000000 0.000000 0.000000
vn 1.000000 0.000000 0.000000
vn 1.000000 0.000000 0.000000
vn 1.000000 0.000000 0.000000
vn 1.000000 0.000000 0.000000
vn -0.698759 -0.000024 -0.715357
vn -0.698759 -0.000024 -0.715357
vn -0.698759 -0.000024 -0.715357
vn -0.698759 -0.000024 -0.715357
vn -0.698761 -0.000024 -0.715355
vn -0.698761 -0.000024 -0.715355
vn -0.698761 -0.000024 -0.715355
vn -0.698761 -0.000024 -0.715355
vn -1.000000 0.000001 0.000000
vn -1.000000 0.000001 0.000000
vn -1.000000 0.000001 0.000000
vn -1.000000 0.000001 0.000000
vn -0.715346 0.000000 0.698771
vn -0.715346 0.000000 0.698771
vn -0.715346 0.000000 0.698771
vn -0.715346 0.000000 0.698771
vn -0.715372 0.000013 0.698744
vn -0.715372 0.000013 0.698744
vn -0.715372 0.000013 0.698744
vn -0.715372 0.000013 0.698744
vn -0.715344 0.000000 0.698773
vn -0.715344 0.000000 0.698773
vn -0.715344 0.000000 0.698773
vn -0.715344 0.000000 0.698773
vn -0.715348 0.000000 0.698769
vn -0.715348 0.000000 0.698769
vn -0.715348 0.000000 0.698769
vn -0.715348 0.000000 0.698769
vn -0.715357 0.000003 0.698759
vn -0.715357 0.000003 0.698759
vn -0.715357 0.000003 0.698759
vn -0.715357 0.000003 0.698759
vn -0.715339 0.000004 0.698777
vn -0.715339 0.000004 0.698777
vn -0.715339 0.000004 0.698777
vn -0.715339 0.000004 0.698777
vn 1.000000 0.000015 0.000000
vn 1.000000 0.000015 0.000000
vn 1.000000 0.000015 0.000000
vn 1.000000 0.000015 0.000000
vn 1.000000 -0.000011 0.000000
vn 1.000000 -0.000011 0.000000
vn 1.000000 -0.000011 0.000000
vn 1.000000 -0.000011 0.000000
vn -0.715358 0.000000 0.698758
vn -0.715358 0.000000 0.698758
vn -0.715358 0.000000 0.698758
vn -0.715358 0.000000 0.698758
vn -0.715362 0.000000 0.698755
vn -0.715362 0.000000 0.698755
vn -0.715362 0.000000 0.698755
vn -0.715362 0.000000 0.698755
vn -0.715353 0.000010 0.698764
vn -0.715353 0.000010 0.698764
vn -0.715353 0.000010 0.698764
vn -0.715353 0.000010 0.698764
vn -0.999981 0.000008 0.006131
vn -0.999981 0.000008 0.006131
vn -0.999981 0.000008 0.006131
vn -0.999981 0.000008 0.006131
vn -0.698809 0.000011 -0.715309
vn -0.698809 0.000011 -0.715309
vn -0.698809 0.000011 -0.715309
vn -0.698809 0.000011 -0.715309
vn -0.698757 0.000038 -0.715360
vn -0.698757 0.000038 -0.715360
vn -0.698757 0.000038 -0.715360
vn -0.698757 0.000038 -0.715360
vn -0.698754 0.000019 -0.715362
vn -0.698754 0.000019 -0.715362
vn -0.698754 0.000019 -0.715362
vn -0.698754 0.000019 -0.715362
vn -0.690788 0.000027 -0.723057
vn -0.690788 0.000027 -0.723058
vn -0.690788 0.000027 -0.723057
vn -0.690788 0.000027 -0.723058
vn -0.690796 0.000011 -0.723050
vn -0.690796 0.000011 -0.723049
vn -0.690796 0.000011 -0.723049
vn -0.690796 0.000011 -0.723049
vn 1.000000 -0.000002 0.000000
vn 1.000000 -0.000002 0.000000
vn 1.000000 -0.000002 0.000000
vn 1.000000 -0.000002 0.000000
vn 0.000000 1.000000 0.000000
vn 0.000000 1.000000 0.000000
vn 0.000000 1.000000 0.000000
vn 0.000000 1.000000 0.000000
vn 0.000000 1.000000 0.000000
vn 0.000000 1.000000 0.000000
vn 0.000000 1.000000 0.000000
vn 0.000000 1.000000 0.000000
vn 0.000000 1.000000 0.000000
vn 0.000000 1.000000 0.000000
vn 0.000000 1.000000 0.000000
vn -1.000000 0.000000 0.000000
vn -1.000000 0.000000 0.000000
vn -1.000000 0.000000 0.000000
vn -1.000000 0.000000 0.000000
vn -1.000000 0.000001 -0.000000
vn -1.000000 0.000001 -0.000000
vn -1.000000 0.000001 -0.000000
vn -1.000000 0.000001 -0.000000
vn -1.000000 -0.000030 -0.000000
vn -1.000000 -0.000030 -0.000000
vn -1.000000 -0.000030 -0.000000
vn -1.000000 -0.000030 -0.000000
vn 0.000000 -1.000000 0.000000
vn 0.000000 -1.000000 0.000000
vn 0.000000 -1.000000 0.000000
vn 0.000000 -1.000000 0.000000
vn 0.000000 -1.000000 0.000000
vn 0.000000 -1.000000 0.000000
vn 0.000000 -1.000000 0.000000
vn 0.000000 -1.000000 0.000000
vn 0.000000 -1.000000 0.000000
vn 0.000000 -1.000000 0.000000
vn 0.000000 -1.000000 0.000000
vn -0.000165 -0.004054 0.999992
vn -0.000165 -0.004054 0.999992
vn -0.000165 -0.004054 0.999992
vn -0.000165 -0.004054 0.999992
vn 0.000000 -0.000002 1.000000
vn 0.000000 -0.000002 1.000000
vn 0.000000 -0.000002 1.000000
vn 0.000000 -0.000002 1.000000
vn -0.000166 0.003038 0.999995
vn -0.000166 0.003038 0.999995
vn -0.000166 0.003038 0.999995
vn -0.000166 0.003038 0.999995
vn -0.695591 0.000043 -0.718438
vn -0.695591 0.000043 -0.718438
vn -0.695591 0.000043 -0.718438
vn -0.695591 0.000043 -0.718438
vn -0.695602 0.000062 -0.718428
vn -0.695602 0.000062 -0.718428
vn -0.695602 0.000062 -0.718428
vn -0.695602 0.000062 -0.718428
vn -0.696792 0.002986 -0.717268
vn -0.696791 0.002986 -0.717268
vn -0.696792 0.002986 -0.717268
vn -0.696792 0.002986 -0.717268
vn -0.690790 0.000000 -0.723056
vn -0.690790 0.000000 -0.723056
vn -0.690790 0.000000 -0.723056
vn -0.690790 0.000000 -0.723056
vn -0.690762 -0.000032 -0.723083
vn -0.690762 -0.000032 -0.723083
vn -0.690762 -0.000032 -0.723083
vn -0.690762 -0.000032 -0.723083
vn -0.695595 -0.000062 -0.718434
vn -0.695595 -0.000062 -0.718435
vn -0.695595 -0.000062 -0.718434
vn -0.695595 -0.000062 -0.718434
vn -0.695571 -0.000067 -0.718458
vn -0.695571 -0.000067 -0.718458
vn -0.695571 -0.000067 -0.718458
vn -0.695571 -0.000067 -0.718458
vn 0.000000 -1.000000 0.000000
vn 0.000000 -1.000000 0.000000
vn 0.000000 -1.000000 0.000000
vn 0.000000 -1.000000 0.000000
vn 0.000000 -1.000000 0.000000
vn 0.000000 -1.000000 0.000000
vn 0.000000 -1.000000 0.000000
vn 0.000000 -1.000000 0.000000
vn -0.715351 0.000000 0.698765
vn -0.715351 0.000000 0.698765
vn -0.715351 0.000000 0.698765
vn -0.715351 0.000000 0.698765
vn -0.715356 0.000000 0.698760
vn -0.715356 0.000000 0.698760
vn -0.715356 0.000000 0.698760
vn -0.715356 0.000000 0.698760
vn -0.715324 0.000012 0.698793
vn -0.715324 0.000012 0.698793
vn -0.715324 0.000012 0.698793
vn -0.715324 0.000012 0.698793
vn -0.715349 -0.000001 0.698767
vn -0.715349 -0.000001 0.698767
vn -0.715349 -0.000001 0.698767
vn -0.715349 -0.000001 0.698767
vn -0.715360 0.000000 0.698756
vn -0.715360 0.000000 0.698756
vn -0.715360 0.000000 0.698756
vn -0.715360 0.000000 0.698756
vn -0.715363 0.000000 0.698753
vn -0.715363 0.000000 0.698753
vn -0.715363 0.000000 0.698753
vn -0.715363 0.000000 0.698753
vn -0.715346 0.000000 0.698770
vn -0.715346 0.000000 0.698770
vn -0.715346 0.000000 0.698770
vn -0.715346 0.000000 0.698770
vn 0.000000 1.000000 0.000000
vn 0.000000 1.000000 0.000000
vn 0.000000 1.000000 0.000000
vn 0.000000 1.000000 0.000000
vn 0.000000 1.000000 -0.000000
vn 0.000000 1.000000 -0.000000
vn 0.000000 1.000000 -0.000000
vn 0.000000 1.000000 -0.000000
vn 0.000000 -1.000000 0.000038
vn 0.000000 -1.000000 0.000038
vn 0.000000 -1.000000 0.000038
vn 0.000000 -1.000000 0.000038
vn -0.698737 -0.000047 -0.715379
vn -0.698737 -0.000047 -0.715379
vn -0.698737 -0.000047 -0.715379
vn -0.698737 -0.000047 -0.715379
vn -0.698760 -0.000055 -0.715357
vn -0.698760 -0.000055 -0.715357
vn -0.698760 -0.000055 -0.715357
vn -0.698760 -0.000055 -0.715357
vn -0.698818 0.000001 -0.715299
vn -0.698818 0.000001 -0.715299
vn -0.698818 0.000001 -0.715299
vn -0.698818 0.000001 -0.715299
vn -0.698783 0.000102 -0.715334
vn -0.698783 0.000102 -0.715334
vn -0.698783 0.000102 -0.715334
vn -0.698783 0.000102 -0.715334
vn -0.698760 0.000054 -0.715356
vn -0.698760 0.000054 -0.715356
vn -0.698760 0.000054 -0.715356
vn -0.698760 0.000054 -0.715356
vn -0.698748 0.000059 -0.715368
vn -0.698748 0.000059 -0.715368
vn -0.698748 0.000059 -0.715368
vn -0.698748 0.000059 -0.715368
vn 0.000000 1.000000 0.000003
vn 0.000000 1.000000 0.000003
vn 0.000000 1.000000 0.000003
vn 0.000000 1.000000 0.000003
vn -0.715358 0.000000 0.698758
vn -0.715358 0.000000 0.698758
vn -0.715358 0.000000 0.698758
vn -0.715358 0.000000 0.698758
vn -0.715350 0.000000 0.698767
vn -0.715350 0.000000 0.698767
vn -0.715350 0.000000 0.698767
vn -0.715350 0.000000 0.698767
vn -0.715334 0.000000 0.698783
vn -0.715334 0.000000 0.698783
vn -0.715334 0.000000 0.698783
vn -0.715334 0.000000 0.698783
vn 0.000000 -1.000000 0.000000
vn 0.000000 -1.000000 0.000000
vn 0.000000 -1.000000 0.000000
vn 0.000000 -1.000000 0.000000
vn -0.715368 -0.000035 0.698747
vn -0.715368 -0.000035 0.698747
vn -0.715368 -0.000035 0.698748
vn -0.715368 -0.000035 0.698748
vn 0.000000 -1.000000 0.000011
vn 0.000000 -1.000000 0.000011
vn 0.000000 -1.000000 0.000011
vn 0.000000 -1.000000 0.000011
vn 0.000000 1.000000 0.000000
vn 0.000000 1.000000 0.000000
vn 0.000000 1.000000 0.000000
vn 0.000000 1.000000 0.000000
vn 0.000000 0.000000 -1.000000
vn 0.000000 0.000000 -1.000000
vn 0.000000 0.000000 -1.000000
vn 0.000000 0.000000 -1.000000
vn 0.000000 0.000000 -1.000000
vn 0.000000 0.000000 -1.000000
vn 0.000000 0.000000 -1.000000
vn 0.000000 0.000000 -1.000000
vn 0.000000 0.000000 -1.000000
vn 0.000000 0.000000 -1.000000
vn 0.000000 0.000000 -1.000000
vn 0.000000 0.000000 -1.000000
vn 0.000000 -1.000000 0.000074
vn 0.000000 -1.000000 0.000074
vn 0.000000 -1.000000 0.000074
vn 0.000000 -1.000000 0.000074
vn 0.000000 1.000000 0.000000
vn 0.000000 1.000000 0.000000
vn 0.000000 1.000000 0.000000
vn 0.000000 1.000000 0.000000
vn -0.715353 0.000024 0.698763
vn -0.715353 0.000024 0.698763
vn -0.715353 0.000024 0.698763
vn -0.715353 0.000024 0.698763
vn 0.000000 1.000000 0.000000
vn 0.000000 1.000000 0.000000
vn 0.000000 1.000000 0.000000
vn 0.000000 1.000000 0.000000
vn 0.000000 1.000000 0.000000
vn 0.000000 1.000000 0.000000
vn 0.000000 1.000000 0.000000
vn 0.000000 1.000000 0.000000
vn 0.000000 -1.000000 0.000000
vn 0.000000 -1.000000 0.000000
vn 0.000000 -1.000000 0.000000
vn 0.000000 -1.000000 0.000000
vn 0.000000 1.000000 0.000000
vn 0.000000 1.000000 0.000000
vn 0.000000 1.000000 0.000000
vn 0.000000 1.000000 0.000000
vn 0.000000 1.000000 0.000000
vn 0.000000 1.000000 0.000000
vn 0.000000 1.000000 0.000000
vn 0.000000 1.000000 0.000000
vn 0.000000 1.000000 0.000000
vn 0.000000 1.000000 0.000000
vn 0.000000 1.000000 0.000000
vn 0.000000 1.000000 0.000000
vn -0.698714 0.000015 -0.715401
vn -0.698714 0.000015 -0.715401
vn -0.698714 0.000015 -0.715401
vn -0.698714 0.000015 -0.715401
vn -0.698754 0.000005 -0.715362
vn -0.698754 0.000005 -0.715362
vn -0.698754 0.000005 -0.715362
vn -0.698754 0.000005 -0.715362
vn -0.698802 0.000007 -0.715315
vn -0.698802 0.000007 -0.715315
vn -0.698802 0.000007 -0.715315
vn -0.698802 0.000007 -0.715315
vn -0.698805 0.000001 -0.715312
vn -0.698805 0.000001 -0.715312
vn -0.698805 0.000001 -0.715312
vn -0.698805 0.000001 -0.715312
vn -0.698803 -0.000010 -0.715314
vn -0.698803 -0.000010 -0.715314
vn -0.698803 -0.000010 -0.715314
vn -0.698803 -0.000010 -0.715314
vn -0.698767 -0.000007 -0.715350
vn -0.698767 -0.000007 -0.715350
vn -0.698767 -0.000007 -0.715350
vn -0.698767 -0.000007 -0.715350
vn -0.698721 0.000013 -0.715394
vn -0.698721 0.000013 -0.715394
vn -0.698721 0.000013 -0.715394
vn -0.698721 0.000013 -0.715394
vn 0.000000 -1.000000 0.000040
vn 0.000000 -1.000000 0.000040
vn 0.000000 -1.000000 0.000040
vn 0.000000 -1.000000 0.000040
vn 0.000000 -1.000000 -0.000000
vn 0.000000 -1.000000 -0.000000
vn 0.000000 -1.000000 -0.000000
vn 0.000000 -1.000000 -0.000000
vn 0.000000 -1.000000 0.000000
vn 0.000000 -1.000000 0.000000
vn 0.000000 -1.000000 0.000000
vn 0.000000 -1.000000 0.000000
vn -0.715354 0.000000 0.698762
vn -0.715354 0.000000 0.698762
vn -0.715354 0.000000 0.698762
vn -0.715354 0.000000 0.698762
vn -0.715366 -0.000001 0.698750
vn -0.715366 -0.000001 0.698750
vn -0.715366 -0.000001 0.698750
vn -0.715366 -0.000001 0.698750
vn -0.715356 0.000000 0.698761
vn -0.715356 0.000000 0.698761
vn -0.715356 0.000000 0.698761
vn -0.715356 0.000000 0.698761
vn -0.715349 0.000000 0.698768
vn -0.715349 0.000000 0.698768
vn -0.715349 0.000000 0.698768
vn -0.715349 0.000000 0.698768
vn -0.715354 0.000000 0.698762
vn -0.715354 0.000000 0.698762
vn -0.715354 0.000000 0.698762
vn -0.715354 0.000000 0.698762
vn -0.715359 0.000001 0.698757
vn -0.715359 0.000001 0.698757
vn -0.715359 0.000001 0.698757
vn -0.715359 0.000001 0.698757
vn -0.715351 0.000000 0.698765
vn -0.715351 0.000000 0.698765
vn -0.715351 0.000000 0.698765
vn -0.715351 0.000000 0.698765
vn -0.698815 0.000000 -0.715303
vn -0.698815 0.000000 -0.715303
vn -0.698815 0.000000 -0.715303
vn -0.698815 0.000000 -0.715303
vn -0.698812 -0.000012 -0.715305
vn -0.698812 -0.000012 -0.715305
vn -0.698812 -0.000012 -0.715305
vn -0.698812 -0.000012 -0.715305
vn -0.690772 0.000032 -0.723073
vn -0.690772 0.000032 -0.723073
vn -0.690772 0.000032 -0.723073
vn -0.690772 0.000032 -0.723073
vn -0.696793 -0.003837 -0.717262
vn -0.696793 -0.003837 -0.717262
vn -0.696793 -0.003837 -0.717262
vn -0.696793 -0.003837 -0.717262
vn 0.000000 -1.000000 0.000000
vn 0.000000 -1.000000 0.000000
vn 0.000000 -1.000000 0.000000
vn 0.000000 -1.000000 0.000000
vn 0.000000 -1.000000 -0.000001
vn 0.000000 -1.000000 -0.000001
vn 0.000000 -1.000000 -0.000001
vn 0.000000 -1.000000 -0.000001
vn -0.999995 0.000138 0.003287
vn -0.999995 0.000138 0.003287
vn -0.999995 0.000138 0.003287
vn -0.999995 0.000138 0.003287
vn -0.999995 -0.000000 0.003284
vn -0.999995 -0.000000 0.003284
vn -0.999995 -0.000000 0.003284
vn -0.999995 -0.000000 0.003284
vn -0.999995 -0.000175 0.003287
vn -0.999995 -0.000175 0.003287
vn -0.999995 -0.000175 0.003287
vn -0.999995 -0.000175 0.003287
vn 0.000000 1.000000 0.000000
vn 0.000000 1.000000 0.000000
vn 0.000000 1.000000 0.000000
vn 0.000000 1.000000 0.000000
vn 0.000000 1.000000 0.000000
vn 0.000000 1.000000 0.000000
vn 0.000000 1.000000 0.000000
vn 0.000000 1.000000 0.000000
vn -0.698759 -0.000098 -0.715357
vn -0.698759 -0.000098 -0.715357
vn -0.698759 -0.000098 -0.715357
vn -0.698759 -0.000098 -0.715357
vn 0.000000 1.000000 0.000000
vn 0.000000 1.000000 0.000000
vn 0.000000 1.000000 0.000000
vn 0.001148 0.000781 -0.999999
vn 0.001148 0.000781 -0.999999
vn 0.001148 0.000781 -0.999999
vn 0.001148 0.000781 -0.999999
vn 0.001117 0.000000 -0.999999
vn 0.001117 0.000000 -0.999999
vn 0.001117 0.000000 -0.999999
vn 0.001117 0.000000 -0.999999
vn 0.005112 -0.077379 -0.996989
vn 0.005112 -0.077379 -0.996989
vn 0.005112 -0.077379 -0.996989
vn 0.005112 -0.077379 -0.996989
vn 0.000000 -1.000000 0.000000
vn 0.000000 -1.000000 0.000000
vn 0.000000 -1.000000 0.000000
vn -0.999995 0.000020 0.003079
vn -0.999995 0.000024 0.003079
vn -0.999995 0.000024 0.003079
vn -0.999995 0.000020 0.003079
vn -0.999995 0.000001 0.003079
vn -0.999995 0.000002 0.003079
vn -0.999995 0.000002 0.003079
vn -0.999995 0.000001 0.003079
vn -0.999995 0.000007 0.003079
vn -0.999995 -0.000001 0.003079
vn -0.999995 -0.000001 0.003079
vn -0.999995 0.000007 0.003079
vn -0.999995 -0.000000 0.003079
vn -0.999995 -0.000000 0.003079
vn -0.999995 -0.000000 0.003079
vn -0.999995 -0.000000 0.003079
vn -0.999995 -0.000002 0.003079
vn -0.999995 -0.000001 0.003079
vn -0.999995 -0.000001 0.003079
vn -0.999995 -0.000002 0.003079
vn -0.999995 -0.000003 0.003079
vn -0.999995 -0.000002 0.003079
vn -0.999995 -0.000002 0.003079
vn -0.999995 -0.000003 0.003079
vn -0.999995 0.000012 0.003079
vn -0.999995 -0.000009 0.003079
vn -0.999995 -0.000009 0.003079
vn -0.999995 0.000012 0.003079
vn 0.000000 -1.000000 -0.000072
vn 0.000000 -1.000000 -0.000072
vn 0.000000 -1.000000 -0.000072
vn 0.000000 -1.000000 -0.000072
vn 0.000000 -1.000000 0.000000
vn 0.000000 -1.000000 0.000000
vn 0.000000 -1.000000 0.000000
vn 0.000000 -1.000000 0.000000
vn 0.000000 -1.000000 -0.000048
vn 0.000000 -1.000000 -0.000048
vn 0.000000 -1.000000 -0.000048
vn 0.000000 -1.000000 -0.000048
vn 0.000000 -1.000000 0.000113
vn 0.000000 -1.000000 0.000113
vn 0.000000 -1.000000 0.000113
vn 0.000000 -1.000000 0.000113
vn -0.999993 0.000150 0.003710
vn -0.999993 0.000150 0.003710
vn -0.999993 0.000150 0.003710
vn -0.999993 0.000150 0.003710
vn -0.999992 -0.000001 0.004124
vn -0.999991 -0.000001 0.004124
vn -0.999991 -0.000001 0.004124
vn -0.999992 -0.000001 0.004124
vn -0.999993 -0.000151 0.003722
vn -0.999993 -0.000151 0.003722
vn -0.999993 -0.000151 0.003722
vn -0.999993 -0.000151 0.003722
vn 0.000000 1.000000 0.000072
vn 0.000000 1.000000 0.000072
vn 0.000000 1.000000 0.000072
vn 0.000000 1.000000 0.000072
vn 0.000000 1.000000 0.000000
vn 0.000000 1.000000 0.000000
vn 0.000000 1.000000 0.000000
vn 0.000000 1.000000 0.000000
vn 0.000000 1.000000 -0.000038
vn 0.000000 1.000000 -0.000038
vn 0.000000 1.000000 -0.000038
vn 0.000000 1.000000 -0.000038
vn 0.000000 1.000000 0.000041
vn 0.000000 1.000000 0.000041
vn 0.000000 1.000000 0.000041
vn 0.000000 1.000000 0.000041
vn -0.999995 0.000022 0.003079
vn -0.999995 0.000022 0.003079
vn -0.999995 0.000005 0.003079
vn -0.999995 0.000005 0.003079
vn -0.999995 0.000000 0.003079
vn -0.999995 0.000000 0.003079
vn -0.999995 0.000002 0.003079
vn -0.999995 0.000002 0.003079
vn -0.999995 0.000000 0.003079
vn -0.999995 0.000000 0.003079
vn -0.999995 0.000000 0.003079
vn -0.999995 0.000000 0.003079
vn -0.999995 0.000001 0.003079
vn -0.999995 0.000000 0.003079
vn -0.999995 0.000000 0.003079
vn -0.999995 0.000001 0.003079
vn -0.999995 0.000000 0.003079
vn -0.999995 0.000000 0.003079
vn -0.999995 -0.000002 0.003079
vn -0.999995 -0.000002 0.003079
vn -0.999995 0.000000 0.003079
vn -0.999995 0.000000 0.003079
vn -0.999995 -0.000001 0.003079
vn -0.999995 -0.000001 0.003079
vn -0.999995 0.000002 0.003079
vn -0.999995 0.000015 0.003079
vn -0.999995 0.000015 0.003079
vn -0.999995 0.000002 0.003079
vn 0.000000 -1.000000 0.000000
vn 0.000000 -1.000000 0.000000
vn 0.000000 -1.000000 0.000000
vn 0.000000 -1.000000 0.000000
vn 0.000000 -1.000000 0.000000
vn 0.000000 -1.000000 0.000000
vn 0.000000 -1.000000 0.000000
vn 0.000000 -1.000000 0.000000
vn 0.000000 -1.000000 -0.000000
vn 0.000000 -1.000000 -0.000000
vn 0.000000 -1.000000 -0.000000
vn 0.000000 -1.000000 -0.000000
vn 0.000000 -1.000000 -0.000000
vn 0.000000 -1.000000 -0.000000
vn 0.000000 -1.000000 -0.000000
vn 0.000000 -1.000000 -0.000000
vn 0.000000 -1.000000 0.000000
vn 0.000000 -1.000000 0.000000
vn 0.000000 -1.000000 0.000000
vn 0.000000 -1.000000 0.000000
vn 0.000000 -1.000000 0.000000
vn 0.000000 -1.000000 0.000000
vn 0.000000 -1.000000 0.000000
vn 0.000000 -1.000000 0.000000
vn 0.000000 -1.000000 0.000000
vn 0.000000 -1.000000 0.000000
vn 0.000000 -1.000000 0.000000
vn 0.000000 -1.000000 0.000000
vn 0.000000 -1.000000 0.000000
vn 0.000000 -1.000000 -0.000000
vn 0.000000 -1.000000 -0.000000
vn 0.000000 -1.000000 0.000000
vn 1.000000 0.000000 0.000000
vn 1.000000 0.000013 -0.000000
vn 1.000000 0.000013 -0.000000
vn 1.000000 0.000000 0.000000
vn 1.000000 0.000000 -0.000000
vn 1.000000 0.000000 0.000000
vn 1.000000 0.000000 0.000000
vn 1.000000 0.000000 -0.000000
vn 1.000000 0.000001 -0.000000
vn 1.000000 0.000002 0.000000
vn 1.000000 0.000002 0.000000
vn 1.000000 0.000001 -0.000000
vn 1.000000 0.000000 0.000000
vn 1.000000 0.000000 -0.000000
vn 1.000000 0.000000 -0.000000
vn 1.000000 0.000000 0.000000
vn 1.000000 -0.000004 -0.000000
vn 1.000000 0.000000 0.000000
vn 1.000000 0.000000 0.000000
vn 1.000000 -0.000004 -0.000000
vn 1.000000 0.000000 0.000000
vn 1.000000 0.000001 -0.000000
vn 1.000000 0.000001 -0.000000
vn 1.000000 0.000000 0.000000
vn 1.000000 0.000000 0.000000
vn 1.000000 0.000000 -0.000000
vn 1.000000 0.000000 -0.000000
vn 1.000000 0.000000 0.000000
vn 0.000000 1.000000 0.000000
vn 0.000000 1.000000 0.000000
vn 0.000000 1.000000 0.000000
vn 0.000000 1.000000 0.000000
vn 0.000000 1.000000 0.000000
vn 0.000000 1.000000 0.000000
vn 0.000000 1.000000 0.000000
vn 0.000000 1.000000 0.000000
vn 0.000000 1.000000 0.000000
vn 0.000000 1.000000 0.000000
vn 0.000000 1.000000 0.000000
vn 0.000000 1.000000 0.000000
vn 0.000000 1.000000 0.000000
vn 0.000000 1.000000 0.000000
vn 0.000000 1.000000 0.000000
vn 0.000000 1.000000 0.000000
vn 0.000000 1.000000 0.000000
vn 0.000000 1.000000 -0.000000
vn 0.000000 1.000000 -0.000000
vn 0.000000 1.000000 0.000000
vn 0.000000 1.000000 0.000000
vn 0.000000 1.000000 0.000000
vn 0.000000 1.000000 -0.000000
vn 0.000000 1.000000 0.000000
vn 0.000000 1.000000 -0.000000
vn 0.000000 1.000000 -0.000000
vn 0.000000 1.000000 -0.000000
vn 0.000000 1.000000 -0.000000
vn 0.000000 1.000000 -0.000000
vn 0.000000 1.000000 -0.000000
vn 0.000000 1.000000 0.000000
vn 0.000000 1.000000 -0.000000
vn -0.999995 0.000001 0.003079
vn -0.999995 0.000001 0.003079
vn -0.999995 0.000003 0.003079
vn -0.999995 0.000003 0.003079
vn -0.999995 0.000007 0.003079
vn -0.999995 0.000007 0.003079
vn -0.999995 0.000000 0.003079
vn -0.999995 0.000000 0.003079
vn -0.999995 -0.000004 0.003079
vn -0.999995 -0.000004 0.003079
vn -0.999995 -0.000004 0.003079
vn -0.999995 -0.000004 0.003079
vn -0.999995 -0.000020 0.003079
vn -0.999995 -0.000020 0.003079
vn 0.000000 -1.000000 0.000000
vn 0.000000 -1.000000 0.000000
vn 0.000000 -1.000000 0.000000
vn 0.000000 -1.000000 0.000000
vn 0.000000 -1.000000 -0.000000
vn 0.000000 -1.000000 -0.000000
vn 0.000000 -1.000000 -0.000000
vn 0.000000 -1.000000 -0.000000
vn 0.000000 -1.000000 0.000000
vn 0.000000 -1.000000 0.000000
vn 0.000000 -1.000000 0.000000
vn 0.000000 -1.000000 0.000000
vn 0.000000 -1.000000 0.000000
vn 0.000000 -1.000000 0.000000
vn 0.000000 -1.000000 -0.000000
vn 0.000000 -1.000000 -0.000000
vn 1.000000 0.000026 -0.000000
vn 1.000000 0.000026 -0.000000
vn 1.000000 0.000000 -0.000000
vn 1.000000 0.000000 -0.000000
vn 1.000000 -0.000005 -0.000000
vn 1.000000 -0.000005 -0.000000
vn 1.000000 0.000001 -0.000000
vn 1.000000 0.000001 -0.000000
vn 1.000000 -0.000008 -0.000000
vn 1.000000 -0.000008 -0.000000
vn 1.000000 0.000001 -0.000000
vn 1.000000 0.000001 -0.000000
vn 1.000000 0.000000 -0.000000
vn 1.000000 0.000000 -0.000000
vn 0.000000 1.000000 0.000000
vn 0.000000 1.000000 0.000000
vn 0.000000 1.000000 0.000000
vn 0.000000 1.000000 0.000000
vn 0.000000 1.000000 0.000000
vn 0.000000 1.000000 0.000000
vn 0.000000 1.000000 0.000000
vn 0.000000 1.000000 0.000000
vn 0.000000 1.000000 -0.000000
vn 0.000000 1.000000 -0.000000
vn 0.000000 1.000000 -0.000000
vn 0.000000 1.000000 -0.000000
vn 0.000000 1.000000 -0.000000
vn 0.000000 1.000000 -0.000000
vn 0.000000 1.000000 0.000000
vn 0.000000 1.000000 0.000000
s 1
g all Sunmao_002 dengbian_004
usemtl lambert2SG
f 1695/1871/4529 1696/2109/4530 1796/2108/4531 1795/1870/4532
s 2
f 1788/1828/4533 1688/1831/4534 1689/1830/4535 1789/1829/4536
s 3
f 1787/2164/4537 1687/2165/4538 1688/1831/4539 1788/1828/4540
s off
f 1518/1997/4541 1426/2013/4542 1545/1998/4543 1544/1982/4544
f 1573/2007/4545 1527/2008/4546 1526/1992/4547 1574/1991/4548
s 4
f 1793/1856/4549 1693/1857/4550 1694/1864/4551 1794/1863/4552
s off
f 1492/2000/4553 1473/2009/4554 1520/1993/4555 1519/1984/4556
s 5
f 1791/1841/4557 1691/1842/4558 1692/1849/4559 1792/1848/4560
s 6
f 1682/2193/4561 1683/2187/4562 1783/2186/4563 1782/2194/4564
s off
f 1542/1919/4565 1616/1915/4566 1617/1930/4567 1464/1935/4568
f 1480/2277/4569 1472/2280/4570 1586/2279/4571 1585/2278/4572
f 1524/1927/4573 1613/1924/4574 1564/1905/4575 1563/1912/4576
s 7
f 1800/2129/4577 1700/2130/4578 1701/2137/4579 1801/2136/4580
s 8
f 1781/2200/4581 1681/2201/4582 1682/2193/4583 1782/2194/4584
s off
f 1654/1929/4585 1617/1930/4586 1616/1915/4587 1655/1914/4588
f 1657/1903/4589 1615/1899/4590 1614/1900/4591 1658/1904/4592
f 1659/1911/4593 1564/1905/4594 1613/1924/4595 1660/1923/4596
s 9
f 1801/2136/4597 1701/2137/4598 1702/2144/4599 1802/2143/4600
s off
f 1496/1884/4601 1483/1887/4602 1469/1886/4603 1497/1885/4604
f 1642/2213/4605 1641/2216/4606 1438/2215/4607 1576/2214/4608
f 1619/2229/4609 1583/2232/4610 1433/2231/4611 1620/2230/4612
f 1431/1949/4613 1623/1965/4614 1622/1950/4615 1543/1932/4616
s 10
f 1684/2179/4617 1685/2174/4618 1785/2173/4619 1784/2180/4620
s 11
f 1798/2116/4621 1698/2117/4622 1699/2123/4623 1799/2122/4624
s off
f 1639/1959/4625 1525/1942/4626 1562/1925/4627 1640/1943/4628
f 1462/2242/4629 1440/2244/4630 1495/2243/4631 1494/2239/4632
f 1470/2286/4633 1469/2288/4634 1483/2287/4635 1482/2285/4636
f 1499/2223/4637 1498/2227/4638 1439/2228/4639 1461/2226/4640
f 1662/2245/4641 1442/2248/4642 1633/2247/4643 1663/2246/4644
f 1445/2261/4645 1669/2264/4646 1668/2263/4647 1628/2262/4648
f 1701/2137/4649 1610/2145/4650 1645/2152/4651 1702/2144/4652
f 1533/2023/4653 1567/2014/4654 1675/2001/4655 1674/2015/4656
f 1479/2004/4657 1486/2005/4658 1677/1988/4659 1676/1989/4660
f 1539/2021/4661 1451/2028/4662 1680/2020/4663 1679/2011/4664
f 1681/2201/4665 1652/2206/4666 1603/2199/4667 1682/2193/4668
f 1636/2124/4669 1450/2131/4670 1699/2123/4671 1698/2117/4672
f 1693/1857/4673 1571/1865/4674 1529/1872/4675 1694/1864/4676
f 1491/1850/4677 1474/1858/4678 1692/1849/4679 1691/1842/4680
f 1608/2033/4681 1647/2024/4682 1646/2032/4683 1609/2040/4684
f 1454/1836/4685 1535/1837/4686 1689/1830/4687 1688/1831/4688
f 1606/2026/4689 1649/2017/4690 1648/2018/4691 1607/2027/4692
f 1603/2042/4693 1652/2036/4694 1651/2029/4695 1604/2037/4696
f 1630/2291/4697 1488/2294/4698 1477/2293/4699 1631/2292/4700
f 1475/2082/4701 1490/2078/4702 1666/2088/4703 1665/2095/4704
f 1529/2092/4705 1571/2093/4706 1570/2080/4707 1530/2081/4708
f 1474/2101/4709 1491/2097/4710 1515/2087/4711 1514/2091/4712
f 1535/2086/4713 1454/2096/4714 1516/2084/4715 1536/2075/4716
f 1452/1877/4717 1513/2113/4718 1696/2109/4719 1695/1871/4720
f 1456/2185/4721 1625/2178/4722 1685/2174/4723 1684/2179/4724
f 1516/2167/4725 1454/1836/4726 1688/1831/4727 1687/2165/4728
f 1569/2056/4729 1531/2055/4730 1635/2064/4731 1634/2063/4732
f 1456/2058/4733 1537/2052/4734 1626/2059/4735 1625/2066/4736
f 1457/2253/4737 1442/2248/4738 1662/2245/4739 1703/2254/4740
f 1487/2301/4741 1478/2302/4742 1672/2297/4743 1671/2298/4744
f 1445/2261/4745 1466/2270/4746 1712/2269/4747 1669/2264/4748
f 1531/2055/4749 1569/2056/4750 1568/2047/4751 1532/2048/4752
f 1699/2123/4753 1450/2131/4754 1458/2138/4755 1700/2130/4756
s 12
f 1799/2122/4757 1699/2123/4758 1700/2130/4759 1800/2129/4760
s off
f 1562/1925/4761 1525/1942/4762 1524/1927/4763 1563/1912/4764
f 1499/2223/4765 1461/2226/4766 1435/2222/4767 1500/2217/4768
f 1481/2282/4769 1471/2283/4770 1470/2286/4771 1482/2285/4772
f 1434/2238/4773 1462/2242/4774 1494/2239/4775 1493/2237/4776
f 1464/1935/4777 1431/1949/4778 1543/1932/4779 1542/1919/4780
s 13
f 1783/2186/4781 1683/2187/4782 1684/2179/4783 1784/2180/4784
s off
f 1456/2185/4785 1684/2179/4786 1683/2187/4787 1465/2192/4788
f 1537/2052/4789 1456/2058/4790 1465/2050/4791 1538/2043/4792
f 1564/1905/4793 1659/1911/4794 1658/1904/4795 1614/1900/4796
f 1497/1885/4797 1469/1886/4798 1439/1891/4799 1498/1890/4800
f 1461/2226/4801 1439/2290/4802 1469/2288/4803 1470/2286/4804
f 1471/2283/4805 1435/2222/4806 1461/2226/4807 1470/2286/4808
f 1472/2280/4809 1430/2284/4810 1575/2221/4811 1586/2279/4812
f 1473/2009/4813 1573/2007/4814 1574/1991/4815 1520/1993/4816
s 14
f 1692/1849/4817 1693/1857/4818 1793/1856/4819 1792/1848/4820
s off
f 1441/2073/4821 1475/2082/4822 1665/2095/4823 1664/2094/4824
f 1443/2256/4825 1632/2255/4826 1631/2292/4827 1477/2293/4828
f 1478/2302/4829 1453/2303/4830 1661/2258/4831 1672/2297/4832
f 1584/2234/4833 1427/2281/4834 1480/2277/4835 1585/2278/4836
f 1462/2242/4837 1434/2238/4838 1481/2282/4839 1482/2285/4840
f 1482/2285/4841 1483/2287/4842 1440/2289/4843 1462/2242/4844
f 1495/1892/4845 1440/1893/4846 1483/1887/4847 1496/1884/4848
f 1486/2005/4849 1551/2012/4850 1678/1996/4851 1677/1988/4852
f 1605/2030/4853 1650/2022/4854 1649/2017/4855 1606/2026/4856
f 1455/2304/4857 1487/2301/4858 1671/2298/4859 1670/2274/4860
f 1629/2272/4861 1448/2273/4862 1488/2294/4863 1630/2291/4864
f 1490/2078/4865 1446/2069/4866 1667/2089/4867 1666/2088/4868
f 1547/2085/4869 1548/2076/4870 1515/2087/4871 1491/2097/4872
f 1690/1835/4873 1547/1843/4874 1491/1850/4875 1691/1842/4876
f 1582/2235/4877 1463/2236/4878 1433/2231/4879 1583/2232/4880
f 1582/2235/4881 1581/2241/4882 1432/2240/4883 1463/2236/4884
f 1432/1898/4885 1581/1894/4886 1580/1888/4887 1484/1895/4888
f 1579/1889/4889 1468/1896/4890 1484/1895/4891 1580/1888/4892
f 1578/1897/4893 1436/1901/4894 1468/1896/4895 1579/1889/4896
f 1460/2219/4897 1436/2225/4898 1578/2224/4899 1577/2218/4900
f 1576/2214/4901 1438/2215/4902 1460/2219/4903 1577/2218/4904
f 1437/2146/4905 1638/2139/4906 1637/2133/4907 1501/2140/4908
f 1459/2153/4909 1437/2146/4910 1501/2140/4911 1502/2147/4912
f 1502/2147/4913 1611/2154/4914 1612/2158/4915 1459/2153/4916
f 1643/2161/4917 1612/2158/4918 1611/2154/4919 1644/2159/4920
f 1534/1954/4921 1566/1936/4922 1565/1920/4923 1523/1937/4924
f 1467/1909/4925 1565/1920/4926 1566/1936/4927 1504/1922/4928
f 1505/1921/4929 1485/1910/4930 1467/1909/4931 1504/1922/4932
f 1506/1962/4933 1428/1946/4934 1541/1928/4935 1540/1947/4936
f 1617/2210/4937 1654/2212/4938 1653/2211/4939 1618/2208/4940
f 1464/2207/4941 1617/2210/4942 1618/2208/4943 1507/2203/4944
f 1431/2202/4945 1464/2207/4946 1507/2203/4947 1508/2196/4948
f 1623/2195/4949 1431/2202/4950 1508/2196/4951 1624/2189/4952
f 1426/1852/4953 1518/2181/4954 1517/2175/4955 1509/1844/4956
f 1545/1851/4957 1426/1852/4958 1509/1844/4959 1546/1845/4960
f 1473/1873/4961 1492/1866/4962 1510/1860/4963 1511/1867/4964
f 1511/1867/4965 1572/1874/4966 1573/1878/4967 1473/1873/4968
f 1527/1881/4969 1573/1878/4970 1572/1874/4971 1528/1879/4972
f 1521/2125/4973 1425/1883/4974 1512/1882/4975 1522/2119/4976
f 1513/2113/4977 1587/2118/4978 1697/2112/4979 1696/2109/4980
f 1588/2072/4981 1530/2081/4982 1570/2080/4983 1589/2071/4984
f 1515/2087/4985 1591/2077/4986 1590/2083/4987 1514/2091/4988
f 1548/2076/4989 1592/2068/4990 1591/2077/4991 1515/2087/4992
f 1516/2084/4993 1594/2074/4994 1593/2067/4995 1536/2075/4996
f 1594/2172/4997 1516/2167/4998 1687/2165/4999 1686/2169/5000
s 15
f 1786/2168/5001 1686/2169/5002 1687/2165/5003 1787/2164/5004
s off
f 1518/2181/5005 1596/2188/5006 1595/2182/5007 1517/2175/5008
f 1596/1981/5009 1518/1997/5010 1544/1982/5011 1597/1966/5012
f 1520/1993/5013 1599/1976/5014 1598/1968/5015 1519/1984/5016
f 1574/1991/5017 1561/1960/5018 1599/1976/5019 1520/1993/5020
f 1574/1991/5021 1526/1992/5022 1600/1975/5023 1561/1960/5024
f 1601/2132/5025 1521/2125/5026 1522/2119/5027 1602/2126/5028
s 16
f 1696/2109/5029 1697/2112/5030 1797/2111/5031 1796/2108/5032
s off
f 1660/1923/5033 1613/1924/5034 1612/1941/5035 1643/1940/5036
f 1459/1945/5037 1612/1941/5038 1613/1924/5039 1524/1927/5040
f 1525/1942/5041 1437/1958/5042 1459/1945/5043 1524/1927/5044
f 1638/1974/5045 1437/1958/5046 1525/1942/5047 1639/1959/5048
f 1526/1992/5049 1521/2006/5050 1601/1990/5051 1600/1975/5052
f 1527/2008/5053 1425/2019/5054 1521/2006/5055 1526/1992/5056
f 1512/1882/5057 1425/1883/5058 1527/1881/5059 1528/1879/5060
s 17
f 1794/1863/5061 1694/1864/5062 1695/1871/5063 1795/1870/5064
s off
f 1694/1864/5065 1529/1872/5066 1452/1877/5067 1695/1871/5068
f 1452/2100/5069 1529/2092/5070 1530/2081/5071 1513/2090/5072
f 1587/2079/5073 1513/2090/5074 1530/2081/5075 1588/2072/5076
f 1531/2055/5077 1450/2062/5078 1636/2070/5079 1635/2064/5080
f 1458/2054/5081 1450/2062/5082 1531/2055/5083 1532/2048/5084
f 1645/2039/5085 1610/2046/5086 1609/2040/5087 1646/2032/5088
f 1449/2031/5089 1533/2023/5090 1674/2015/5091 1673/2025/5092
f 1429/1955/5093 1503/1971/5094 1534/1954/5095 1523/1937/5096
f 1535/1837/5097 1547/1843/5098 1690/1835/5099 1689/1830/5100
f 1547/2085/5101 1535/2086/5102 1536/2075/5103 1548/2076/5104
f 1592/2068/5105 1548/2076/5106 1536/2075/5107 1593/2067/5108
f 1537/2052/5109 1549/2051/5110 1627/2060/5111 1626/2059/5112
f 1549/2051/5113 1537/2052/5114 1538/2043/5115 1550/2044/5116
f 1604/2037/5117 1651/2029/5118 1650/2022/5119 1605/2030/5120
f 1551/2012/5121 1539/2021/5122 1679/2011/5123 1678/1996/5124
f 1541/1928/5125 1553/1916/5126 1552/1931/5127 1540/1947/5128
f 1655/1914/5129 1616/1915/5130 1554/1902/5131 1656/1906/5132
f 1555/1908/5133 1554/1902/5134 1616/1915/5135 1542/1919/5136
f 1543/1932/5137 1556/1917/5138 1555/1908/5139 1542/1919/5140
f 1621/1934/5141 1556/1917/5142 1543/1932/5143 1622/1950/5144
f 1544/1982/5145 1558/1983/5146 1557/1951/5147 1597/1966/5148
f 1545/1998/5149 1559/1999/5150 1558/1983/5151 1544/1982/5152
f 1559/1859/5153 1545/1851/5154 1546/1845/5155 1560/1853/5156
s 18
f 1689/1830/5157 1690/1835/5158 1790/1834/5159 1789/1829/5160
s off
f 1549/2051/5161 1445/2053/5162 1628/2061/5163 1627/2060/5164
f 1445/2053/5165 1549/2051/5166 1550/2044/5167 1466/2045/5168
f 1485/1910/5169 1505/1921/5170 1552/1931/5171 1553/1916/5172
f 1554/1902/5173 1615/1899/5174 1657/1903/5175 1656/1906/5176
f 1432/1898/5177 1554/1902/5178 1555/1908/5179 1463/1907/5180
f 1556/1917/5181 1433/1918/5182 1463/1907/5183 1555/1908/5184
f 1620/1933/5185 1433/1918/5186 1556/1917/5187 1621/1934/5188
f 1519/1984/5189 1598/1968/5190 1557/1951/5191 1558/1983/5192
f 1492/2000/5193 1519/1984/5194 1558/1983/5195 1559/1999/5196
f 1510/1860/5197 1492/1866/5198 1559/1859/5199 1560/1853/5200
s 19
f 1690/1835/5201 1691/1842/5202 1791/1841/5203 1790/1834/5204
s off
f 1438/1926/5205 1641/1944/5206 1640/1943/5207 1562/1925/5208
f 1460/1913/5209 1438/1926/5210 1562/1925/5211 1563/1912/5212
f 1563/1912/5213 1564/1905/5214 1436/1901/5215 1460/1913/5216
f 1567/2014/5217 1479/2004/5218 1676/1989/5219 1675/2001/5220
f 1607/2027/5221 1648/2018/5222 1647/2024/5223 1608/2033/5224
f 1569/2056/5225 1442/2057/5226 1457/2049/5227 1568/2047/5228
f 1442/2057/5229 1569/2056/5230 1634/2063/5231 1633/2065/5232
f 1514/2091/5233 1590/2083/5234 1589/2071/5235 1570/2080/5236
f 1474/2101/5237 1514/2091/5238 1570/2080/5239 1571/2093/5240
f 1692/1849/5241 1474/1858/5242 1571/1865/5243 1693/1857/5244
f 1642/2213/5245 1576/2214/5246 1500/2217/5247
f 1500/2217/5248 1576/2214/5249 1577/2218/5250 1499/2223/5251
f 1577/2218/5252 1578/2224/5253 1498/2227/5254 1499/2223/5255
f 1498/1890/5256 1578/1897/5257 1579/1889/5258 1497/1885/5259
f 1497/1885/5260 1579/1889/5261 1580/1888/5262 1496/1884/5263
f 1581/1894/5264 1495/1892/5265 1496/1884/5266 1580/1888/5267
f 1494/2239/5268 1495/2243/5269 1581/2241/5270 1582/2235/5271
f 1494/2239/5272 1582/2235/5273 1583/2232/5274 1493/2237/5275
f 1619/2229/5276 1493/2237/5277 1583/2232/5278
f 1434/2238/5279 1584/2234/5280 1585/2278/5281 1481/2282/5282
f 1586/2279/5283 1471/2283/5284 1481/2282/5285 1585/2278/5286
f 1575/2221/5287 1435/2222/5288 1471/2283/5289 1586/2279/5290
f 1635/2064/5291 1636/2070/5292 1587/2079/5293 1588/2072/5294
f 1589/2071/5295 1634/2063/5296 1635/2064/5297 1588/2072/5298
f 1441/2073/5299 1633/2065/5300 1634/2063/5301 1589/2071/5302
f 1591/2077/5303 1490/2078/5304 1475/2082/5305 1590/2083/5306
f 1446/2069/5307 1490/2078/5308 1591/2077/5309 1592/2068/5310
f 1626/2059/5311 1627/2060/5312 1592/2068/5313 1593/2067/5314
f 1625/2066/5315 1626/2059/5316 1593/2067/5317 1594/2074/5318
s 20
f 1785/2173/5319 1685/2174/5320 1686/2169/5321 1786/2168/5322
s off
f 1623/2195/5323 1624/2189/5324 1595/2182/5325 1596/2188/5326
f 1597/1966/5327 1622/1950/5328 1623/1965/5329 1596/1981/5330
f 1557/1951/5331 1621/1934/5332 1622/1950/5333 1597/1966/5334
f 1427/1952/5335 1557/1951/5336 1598/1968/5337 1480/1967/5338
f 1599/1976/5339 1472/1977/5340 1480/1967/5341 1598/1968/5342
f 1561/1960/5343 1430/1961/5344 1472/1977/5345 1599/1976/5346
f 1600/1975/5347 1639/1959/5348 1640/1943/5349 1561/1960/5350
f 1601/1990/5351 1638/1974/5352 1639/1959/5353 1600/1975/5354
f 1637/2133/5355 1638/2139/5356 1601/2132/5357 1602/2126/5358
s 21
f 1697/2112/5359 1698/2117/5360 1798/2116/5361 1797/2111/5362
s off
f 1682/2193/5363 1603/2199/5364 1465/2192/5365 1683/2187/5366
f 1465/2050/5367 1603/2042/5368 1604/2037/5369 1538/2043/5370
f 1538/2043/5371 1604/2037/5372 1605/2030/5373 1550/2044/5374
f 1478/2034/5375 1487/2035/5376 1606/2026/5377 1607/2027/5378
f 1453/2041/5379 1608/2033/5380 1568/2047/5381 1457/2049/5382
f 1608/2033/5383 1609/2040/5384 1532/2048/5385 1568/2047/5386
f 1532/2048/5387 1609/2040/5388 1610/2046/5389 1458/2054/5390
f 1458/2138/5391 1610/2145/5392 1701/2137/5393 1700/2130/5394
f 1614/1900/5395 1468/1896/5396 1436/1901/5397 1564/1905/5398
f 1615/1899/5399 1484/1895/5400 1468/1896/5401 1614/1900/5402
f 1554/1902/5403 1432/1898/5404 1484/1895/5405 1615/1899/5406
f 1427/2233/5407 1584/2234/5408 1619/2229/5409 1620/2230/5410
f 1557/1951/5411 1427/1952/5412 1620/1933/5413 1621/1934/5414
f 1625/2178/5415 1594/2172/5416 1686/2169/5417 1685/2174/5418
f 1667/2265/5419 1446/2266/5420 1628/2262/5421 1668/2263/5422
f 1489/2296/5423 1447/2300/5424 1629/2272/5425 1630/2291/5426
f 1476/2295/5427 1489/2296/5428 1630/2291/5429 1631/2292/5430
f 1632/2255/5431 1444/2299/5432 1476/2295/5433 1631/2292/5434
f 1441/2251/5435 1664/2252/5436 1663/2246/5437 1633/2247/5438
f 1697/2112/5439 1587/2118/5440 1636/2124/5441 1698/2117/5442
f 1641/1944/5443 1430/1961/5444 1561/1960/5445 1640/1943/5446
f 1642/2213/5447 1575/2221/5448 1430/2220/5449 1641/2216/5450
f 1435/2222/5451 1575/2221/5452 1642/2213/5453 1500/2217/5454
f 1619/2229/5455 1584/2234/5456 1434/2238/5457 1493/2237/5458
f 1429/2163/5459 1643/2161/5460 1644/2159/5461 1503/2162/5462
s 22
f 1802/2143/5463 1702/2144/5464 1673/2151/5465 1773/2150/5466
s off
f 1449/2157/5467 1673/2151/5468 1702/2144/5469 1645/2152/5470
f 1449/2031/5471 1645/2039/5472 1646/2032/5473 1533/2023/5474
f 1647/2024/5475 1567/2014/5476 1533/2023/5477 1646/2032/5478
f 1648/2018/5479 1479/2004/5480 1567/2014/5481 1647/2024/5482
f 1649/2017/5483 1486/2005/5484 1479/2004/5485 1648/2018/5486
f 1650/2022/5487 1551/2012/5488 1486/2005/5489 1649/2017/5490
f 1651/2029/5491 1539/2021/5492 1551/2012/5493 1650/2022/5494
f 1652/2036/5495 1451/2028/5496 1539/2021/5497 1651/2029/5498
f 1680/2020/5499 1451/2028/5500 1652/2206/5501 1681/2201/5502
s 23
f 1680/2020/5503 1681/2201/5504 1781/2200/5505 1780/2010/5506
s off
f 1654/2212/5507 1428/1946/5508 1506/1962/5509 1653/2211/5510
f 1541/1928/5511 1428/1946/5512 1654/1929/5513 1655/1914/5514
f 1553/1916/5515 1541/1928/5516 1655/1914/5517 1656/1906/5518
f 1657/1903/5519 1485/1910/5520 1553/1916/5521 1656/1906/5522
f 1467/1909/5523 1485/1910/5524 1657/1903/5525 1658/1904/5526
f 1659/1911/5527 1565/1920/5528 1467/1909/5529 1658/1904/5530
f 1523/1937/5531 1565/1920/5532 1659/1911/5533 1660/1923/5534
f 1429/1955/5535 1523/1937/5536 1660/1923/5537 1643/1940/5538
f 1453/2041/5539 1478/2034/5540 1607/2027/5541 1608/2033/5542
f 1455/2038/5543 1605/2030/5544 1606/2026/5545 1487/2035/5546
f 1441/2073/5547 1589/2071/5548 1590/2083/5549 1475/2082/5550
f 1627/2060/5551 1628/2061/5552 1446/2069/5553 1592/2068/5554
f 1704/2249/5555 1662/2245/5556 1663/2246/5557 1705/2250/5558
f 1664/2252/5559 1706/2257/5560 1705/2250/5561 1663/2246/5562
f 1665/2095/5563 1707/2103/5564 1706/2102/5565 1664/2094/5566
f 1666/2088/5567 1708/2098/5568 1707/2103/5569 1665/2095/5570
f 1667/2089/5571 1709/2099/5572 1708/2098/5573 1666/2088/5574
f 1709/2271/5575 1667/2265/5576 1668/2263/5577 1710/2267/5578
f 1669/2264/5579 1711/2268/5580 1710/2267/5581 1668/2263/5582
f 1550/2044/5583 1605/2030/5584 1455/2038/5585 1466/2045/5586
f 1711/2268/5587 1669/2264/5588 1712/2269/5589
f 1671/2298/5590 1488/2294/5591 1448/2273/5592 1670/2274/5593
f 1672/2297/5594 1477/2293/5595 1488/2294/5596 1671/2298/5597
f 1661/2258/5598 1443/2256/5599 1477/2293/5600 1672/2297/5601
f 1703/2254/5602 1662/2245/5603 1704/2249/5604
s 24
f 1773/2016/5605 1673/2025/5606 1674/2015/5607 1774/2002/5608
s 25
f 1774/2002/5609 1674/2015/5610 1675/2001/5611 1775/1985/5612
s 26
f 1775/1985/5613 1675/2001/5614 1676/1989/5615 1776/1973/5616
s 27
f 1677/1988/5617 1777/1972/5618 1776/1973/5619 1676/1989/5620
s 28
f 1777/1972/5621 1677/1988/5622 1678/1996/5623 1778/1980/5624
s 29
f 1778/1980/5625 1678/1996/5626 1679/2011/5627 1779/1995/5628
s 30
f 1680/2020/5629 1780/2010/5630 1779/1995/5631 1679/2011/5632
s off
f 1661/2258/5633 1453/2259/5634 1457/2253/5635 1703/2254/5636
f 1661/2258/5637 1703/2254/5638 1704/2249/5639 1443/2256/5640
f 1632/2255/5641 1443/2256/5642 1704/2249/5643 1705/2250/5644
f 1706/2257/5645 1444/2260/5646 1632/2255/5647 1705/2250/5648
f 1707/2103/5649 1476/2107/5650 1444/2106/5651 1706/2102/5652
f 1708/2098/5653 1489/2104/5654 1476/2107/5655 1707/2103/5656
f 1709/2099/5657 1447/2105/5658 1489/2104/5659 1708/2098/5660
f 1629/2272/5661 1447/2276/5662 1709/2271/5663 1710/2267/5664
f 1711/2268/5665 1448/2273/5666 1629/2272/5667 1710/2267/5668
f 1670/2274/5669 1448/2273/5670 1711/2268/5671 1712/2269/5672
f 1466/2270/5673 1455/2275/5674 1670/2274/5675 1712/2269/5676
s 24
f 1534/1954/5677 1503/1971/5678 1713/1987/5679 1714/1970/5680
s 25
f 1566/1936/5681 1534/1954/5682 1714/1970/5683 1715/1953/5684
s 26
f 1504/1922/5685 1566/1936/5686 1715/1953/5687 1716/1939/5688
s 27
f 1717/1938/5689 1505/1921/5690 1504/1922/5691 1716/1939/5692
s 28
f 1552/1931/5693 1505/1921/5694 1717/1938/5695 1718/1948/5696
s 29
f 1540/1947/5697 1552/1931/5698 1718/1948/5699 1719/1963/5700
s 30
f 1720/1978/5701 1506/1962/5702 1540/1947/5703 1719/1963/5704
s 23
f 1721/2209/5705 1653/2211/5706 1506/1962/5707 1720/1978/5708
s 8
f 1653/2211/5709 1721/2209/5710 1722/2204/5711 1618/2208/5712
s 6
f 1723/2197/5713 1507/2203/5714 1618/2208/5715 1722/2204/5716
s 13
f 1507/2203/5717 1723/2197/5718 1724/2190/5719 1508/2196/5720
s 10
f 1725/2183/5721 1624/2189/5722 1508/2196/5723 1724/2190/5724
s 20
f 1624/2189/5725 1725/2183/5726 1726/2176/5727 1595/2182/5728
s 15
f 1595/2182/5729 1726/2176/5730 1727/2170/5731 1517/2175/5732
s 3
f 1517/2175/5733 1727/2170/5734 1728/1838/5735 1509/1844/5736
s 2
f 1509/1844/5737 1728/1838/5738 1729/1839/5739 1546/1845/5740
s 18
f 1730/1846/5741 1560/1853/5742 1546/1845/5743 1729/1839/5744
s 19
f 1731/1854/5745 1510/1860/5746 1560/1853/5747 1730/1846/5748
s 5
f 1510/1860/5749 1731/1854/5750 1732/1861/5751 1511/1867/5752
s 14
f 1733/1868/5753 1572/1874/5754 1511/1867/5755 1732/1861/5756
s 4
f 1572/1874/5757 1733/1868/5758 1734/1875/5759 1528/1879/5760
s 17
f 1528/1879/5761 1734/1875/5762 1735/1880/5763 1512/1882/5764
s 1
f 1736/2114/5765 1522/2119/5766 1512/1882/5767 1735/1880/5768
s 16
f 1737/2120/5769 1602/2126/5770 1522/2119/5771 1736/2114/5772
s 21
f 1738/2127/5773 1637/2133/5774 1602/2126/5775 1737/2120/5776
s 11
f 1637/2133/5777 1738/2127/5778 1739/2134/5779 1501/2140/5780
s 12
f 1501/2140/5781 1739/2134/5782 1740/2141/5783 1502/2147/5784
s 7
f 1502/2147/5785 1740/2141/5786 1741/2148/5787 1611/2154/5788
s 9
f 1611/2154/5789 1741/2148/5790 1742/2155/5791 1644/2159/5792
s 22
f 1644/2159/5793 1742/2155/5794 1713/2160/5795 1503/2162/5796
s 24
f 1713/1987/5679 1743/2003/5797 1744/1986/5798 1714/1970/5680
s 25
f 1714/1970/5683 1744/1986/5799 1745/1969/5800 1715/1953/5684
s 26
f 1715/1953/5687 1745/1969/5801 1746/1957/5802 1716/1939/5688
s 27
f 1747/1956/5803 1717/1938/5689 1716/1939/5692 1746/1957/5804
s 28
f 1717/1938/5695 1747/1956/5805 1748/1964/5806 1718/1948/5696
s 29
f 1718/1948/5699 1748/1964/5807 1749/1979/5808 1719/1963/5700
s 30
f 1750/1994/5809 1720/1978/5701 1719/1963/5704 1749/1979/5810
s 23
f 1751/2205/5811 1721/2209/5705 1720/1978/5708 1750/1994/5812
s 8
f 1721/2209/5710 1751/2205/5813 1752/2198/5814 1722/2204/5711
s 6
f 1753/2191/5815 1723/2197/5713 1722/2204/5716 1752/2198/5816
s 13
f 1723/2197/5718 1753/2191/5817 1754/2184/5818 1724/2190/5719
s 10
f 1755/2177/5819 1725/2183/5721 1724/2190/5724 1754/2184/5820
s 20
f 1725/2183/5726 1755/2177/5821 1756/2171/5822 1726/2176/5727
s 15
f 1726/2176/5730 1756/2171/5823 1757/2166/5824 1727/2170/5731
s 3
f 1727/2170/5734 1757/2166/5825 1758/1832/5826 1728/1838/5735
s 2
f 1728/1838/5738 1758/1832/5827 1759/1833/5828 1729/1839/5739
s 18
f 1760/1840/5829 1730/1846/5741 1729/1839/5744 1759/1833/5830
s 19
f 1761/1847/5831 1731/1854/5745 1730/1846/5748 1760/1840/5832
s 5
f 1731/1854/5750 1761/1847/5833 1762/1855/5834 1732/1861/5751
s 14
f 1763/1862/5835 1733/1868/5753 1732/1861/5756 1762/1855/5836
s 4
f 1733/1868/5758 1763/1862/5837 1764/1869/5838 1734/1875/5759
s 17
f 1734/1875/5762 1764/1869/5839 1765/1876/5840 1735/1880/5763
s 1
f 1766/2110/5841 1736/2114/5765 1735/1880/5768 1765/1876/5842
s 16
f 1767/2115/5843 1737/2120/5769 1736/2114/5772 1766/2110/5844
s 21
f 1768/2121/5845 1738/2127/5773 1737/2120/5776 1767/2115/5846
s 11
f 1738/2127/5778 1768/2121/5847 1769/2128/5848 1739/2134/5779
s 12
f 1739/2134/5782 1769/2128/5849 1770/2135/5850 1740/2141/5783
s 7
f 1740/2141/5786 1770/2135/5851 1771/2142/5852 1741/2148/5787
s 9
f 1741/2148/5790 1771/2142/5853 1772/2149/5854 1742/2155/5791
s 22
f 1742/2155/5794 1772/2149/5855 1743/2156/5856 1713/2160/5795
s 24
f 1743/2003/5797 1773/2016/5605 1774/2002/5608 1744/1986/5798
s 25
f 1744/1986/5799 1774/2002/5609 1775/1985/5612 1745/1969/5800
s 26
f 1745/1969/5801 1775/1985/5613 1776/1973/5616 1746/1957/5802
s 27
f 1777/1972/5618 1747/1956/5803 1746/1957/5804 1776/1973/5619
s 28
f 1747/1956/5805 1777/1972/5621 1778/1980/5624 1748/1964/5806
s 29
f 1748/1964/5807 1778/1980/5625 1779/1995/5628 1749/1979/5808
s 30
f 1780/2010/5630 1750/1994/5809 1749/1979/5810 1779/1995/5631
s 23
f 1781/2200/5505 1751/2205/5811 1750/1994/5812 1780/2010/5506
s 8
f 1751/2205/5813 1781/2200/4581 1782/2194/4584 1752/2198/5814
s 6
f 1783/2186/4563 1753/2191/5815 1752/2198/5816 1782/2194/4564
s 13
f 1753/2191/5817 1783/2186/4781 1784/2180/4784 1754/2184/5818
s 10
f 1785/2173/4619 1755/2177/5819 1754/2184/5820 1784/2180/4620
s 20
f 1755/2177/5821 1785/2173/5319 1786/2168/5322 1756/2171/5822
s 15
f 1756/2171/5823 1786/2168/5001 1787/2164/5004 1757/2166/5824
s 3
f 1757/2166/5825 1787/2164/4537 1788/1828/4540 1758/1832/5826
s 2
f 1758/1832/5827 1788/1828/4533 1789/1829/4536 1759/1833/5828
s 18
f 1790/1834/5159 1760/1840/5829 1759/1833/5830 1789/1829/5160
s 19
f 1791/1841/5203 1761/1847/5831 1760/1840/5832 1790/1834/5204
s 5
f 1761/1847/5833 1791/1841/4557 1792/1848/4560 1762/1855/5834
s 14
f 1793/1856/4819 1763/1862/5835 1762/1855/5836 1792/1848/4820
s 4
f 1763/1862/5837 1793/1856/4549 1794/1863/4552 1764/1869/5838
s 17
f 1764/1869/5839 1794/1863/5061 1795/1870/5064 1765/1876/5840
s 1
f 1796/2108/4531 1766/2110/5841 1765/1876/5842 1795/1870/4532
s 16
f 1797/2111/5031 1767/2115/5843 1766/2110/5844 1796/2108/5032
s 21
f 1798/2116/5361 1768/2121/5845 1767/2115/5846 1797/2111/5362
s 11
f 1768/2121/5847 1798/2116/4621 1799/2122/4624 1769/2128/5848
s 12
f 1769/2128/5849 1799/2122/4757 1800/2129/4760 1770/2135/5850
s 7
f 1770/2135/5851 1800/2129/4577 1801/2136/4580 1771/2142/5852
s 9
f 1771/2142/5853 1801/2136/4597 1802/2143/4600 1772/2149/5854
s 22
f 1772/2149/5855 1802/2143/5463 1773/2150/5466 1743/2156/5856
g default
v 0.000000 12.669989 -6.216895
v 0.000000 12.652303 -6.224231
v -3.079131 12.652325 -6.224204
v -3.079131 12.670065 -6.216895
v 0.000000 14.447656 -7.815277
v 0.000000 14.455469 -7.798184
v -3.079131 14.455470 -7.798237
v -3.079131 14.447630 -7.815277
v 0.000000 12.644978 -6.241944
v -3.079131 12.644978 -6.241853
v 0.000000 14.430349 -7.823305
v -3.079131 14.430297 -7.823305
v -3.079131 14.455470 -6.241607
v -3.079131 14.448136 -6.224784
v -6.159994 14.448206 -6.225270
v -6.168895 14.455470 -6.241037
v -3.079131 14.429833 -6.216895
v -6.158881 14.429476 -6.216895
v 0.000000 12.653114 -7.816078
v 0.000000 12.669644 -7.823305
v -3.079131 12.669645 -7.823305
v -3.079131 12.653112 -7.816044
v 0.000000 12.644978 -7.797738
v -3.079131 12.644978 -7.797642
v -6.171569 12.669872 -6.216895
v -6.171907 12.652267 -6.224109
v -6.172229 12.644978 -6.241530
v -6.175248 14.444854 -6.225439
v -6.177262 14.429475 -6.220495
v -6.186276 14.448207 -6.235976
v -6.193146 14.428580 -6.233160
v -6.210588 14.428592 -6.250173
v -7.764108 14.446967 -7.814328
v -7.762551 14.455470 -7.798560
v -7.747622 14.430457 -7.823305
v -6.189360 12.672522 -6.220549
v -6.203859 12.665726 -6.241681
v -6.203879 12.692844 -6.241529
v -6.189651 12.655154 -6.228143
v -7.762228 14.445842 -7.775312
v -7.755481 14.429678 -7.757063
v -6.171175 12.644978 -7.797257
v -6.172449 12.653842 -7.816188
v -6.182623 12.669029 -7.823305
v -6.190615 12.647992 -6.246606
v 0.000000 14.455469 -6.241607
v 0.000000 14.448135 -6.224784
v 0.000000 14.429832 -6.216895
v -6.189535 12.647899 -7.797450
v -6.187739 12.653331 -7.812933
v -6.199698 12.662807 -7.816324
v -7.771660 14.428205 -7.778876
v -7.777669 14.440136 -7.799373
v -7.768491 14.425416 -7.813915
v -7.768696 14.414948 -7.797513
v -6.203915 12.665638 -6.264143
v -6.207753 12.659639 -7.791983
v -6.230328 12.681480 -7.792062
v -6.414653 14.181323 -6.462407
v -6.417287 14.197933 -6.464581
v -6.193136 14.414815 -6.233237
v -6.423098 14.204803 -6.470053
v -6.424008 14.170857 -6.485653
v -6.421622 14.173691 -6.473318
v -6.409853 12.893104 -6.471923
v -6.412913 12.894037 -6.485367
v -6.403215 12.888348 -6.461799
v -6.440740 14.188290 -6.511951
v -6.428128 14.183395 -6.494035
v -6.423959 14.180036 -7.536520
v -6.436256 14.185216 -7.536558
v -6.418858 14.167663 -7.536488
v -6.435910 14.192471 -6.489347
v -7.501179 14.196748 -7.541117
v -7.520874 14.209214 -7.552814
v -7.478849 14.192156 -7.536993
v -6.436208 14.167726 -7.553926
v -6.423910 14.167658 -7.548813
v -6.420963 12.893904 -7.549216
v -6.433726 12.912262 -7.553926
v -6.416859 12.885370 -7.536968
v -6.436225 14.180075 -7.548842
v -7.484323 14.186493 -7.548249
v -7.478360 14.175110 -7.553926
v -6.402826 12.870844 -6.479080
v -6.402968 12.876017 -6.466849
v -6.409631 12.880628 -6.484238
v -6.414131 12.873071 -7.539625
v -6.406908 12.862701 -7.547210
v -7.521252 14.192291 -7.570860
v -7.500972 14.179627 -7.558447
v -6.428470 12.889304 -7.558120
v -6.415311 12.870633 -7.570889
v -7.526952 14.203615 -7.564790
v -6.409417 12.864942 -7.563949
v -6.207729 12.659676 -7.782657
v -6.425652 14.187263 -6.478358
v -6.426189 14.177754 -7.546566
v -6.408383 12.882322 -6.473470
v -7.506876 14.191042 -7.552632
v -6.418122 12.878174 -7.553020
v 3.079131 12.652325 -6.224204
v 3.079131 12.670065 -6.216895
v 3.079131 14.455470 -7.798237
v 3.079131 14.447630 -7.815277
v 3.079131 12.644978 -6.241853
v 3.079131 14.430297 -7.823305
v 3.079131 14.455470 -6.241607
v 3.079131 14.448136 -6.224784
v 6.159994 14.448206 -6.225270
v 6.168895 14.455470 -6.241037
v 3.079131 14.429833 -6.216895
v 6.158881 14.429476 -6.216895
v 3.079131 12.669645 -7.823305
v 3.079131 12.653112 -7.816044
v 3.079131 12.644978 -7.797642
v 6.171569 12.669872 -6.216895
v 6.171907 12.652267 -6.224109
v 6.172229 12.644978 -6.241530
v 6.175248 14.444854 -6.225439
v 6.177262 14.429475 -6.220495
v 6.186276 14.448207 -6.235976
v 6.193146 14.428580 -6.233160
v 6.210588 14.428592 -6.250173
v 7.764108 14.446967 -7.814328
v 7.762551 14.455470 -7.798560
v 7.747622 14.430457 -7.823305
v 6.189360 12.672522 -6.220549
v 6.203859 12.665726 -6.241681
v 6.203879 12.692844 -6.241529
v 6.189651 12.655154 -6.228143
v 7.762228 14.445842 -7.775312
v 7.755481 14.429678 -7.757063
v 6.171175 12.644978 -7.797257
v 6.172449 12.653842 -7.816188
v 6.182623 12.669029 -7.823305
v 6.190615 12.647992 -6.246606
v 6.189535 12.647899 -7.797450
v 6.187739 12.653331 -7.812933
v 6.199698 12.662807 -7.816324
v 7.771660 14.428205 -7.778876
v 7.777669 14.440136 -7.799373
v 7.768491 14.425416 -7.813915
v 7.768696 14.414948 -7.797513
v 6.203915 12.665638 -6.264143
v 6.207753 12.659639 -7.791983
v 6.230328 12.681480 -7.792062
v 6.414653 14.181323 -6.462407
v 6.417287 14.197933 -6.464581
v 6.193136 14.414815 -6.233237
v 6.423098 14.204803 -6.470053
v 6.424008 14.170857 -6.485653
v 6.421622 14.173691 -6.473318
v 6.409853 12.893104 -6.471923
v 6.412913 12.894037 -6.485367
v 6.403215 12.888348 -6.461799
v 6.440740 14.188290 -6.511951
v 6.428128 14.183395 -6.494035
v 6.423959 14.180036 -7.536520
v 6.436256 14.185216 -7.536558
v 6.418858 14.167663 -7.536488
v 6.435910 14.192471 -6.489347
v 7.501179 14.196748 -7.541117
v 7.520874 14.209214 -7.552814
v 7.478849 14.192156 -7.536993
v 6.436208 14.167726 -7.553926
v 6.423910 14.167658 -7.548813
v 6.420963 12.893904 -7.549216
v 6.433726 12.912262 -7.553926
v 6.416859 12.885370 -7.536968
v 6.436225 14.180075 -7.548842
v 7.484323 14.186493 -7.548249
v 7.478360 14.175110 -7.553926
v 6.402826 12.870844 -6.479080
v 6.402968 12.876017 -6.466849
v 6.409631 12.880628 -6.484238
v 6.414131 12.873071 -7.539625
v 6.406908 12.862701 -7.547210
v 7.521252 14.192291 -7.570860
v 7.500972 14.179627 -7.558447
v 6.428470 12.889304 -7.558120
v 6.415311 12.870633 -7.570889
v 7.526952 14.203615 -7.564790
v 6.409417 12.864942 -7.563949
v 6.207729 12.659676 -7.782657
v 6.425652 14.187263 -6.478358
v 6.426189 14.177754 -7.546566
v 6.408383 12.882322 -6.473470
v 7.506876 14.191042 -7.552632
v 6.418122 12.878174 -7.553020
vt 0.889449 0.393174
vt 0.889177 0.392898
vt 0.889473 0.392802
vt 0.889714 0.392992
vt 0.889175 0.393342
vt 0.888741 0.393083
vt 0.892589 0.354943
vt 0.892967 0.355533
vt 0.893840 0.388146
vt 0.893741 0.387916
vt 0.889888 0.393238
vt 0.890100 0.392890
vt 0.889502 0.393483
vt 0.892893 0.354990
vt 0.892545 0.354727
vt 0.896396 0.360152
vt 0.894090 0.388213
vt 0.894010 0.387573
vt 0.894137 0.387812
vt 0.924511 0.385402
vt 0.924008 0.385171
vt 0.896577 0.360028
vt 0.892740 0.354613
vt 0.893014 0.354993
vt 0.896571 0.360540
vt 0.918338 0.382535
vt 0.894390 0.387916
vt 0.924418 0.385152
vt 0.924708 0.385385
vt 0.896939 0.359996
vt 0.896773 0.360325
vt 0.919901 0.354823
vt 0.920223 0.354432
vt 0.917931 0.382409
vt 0.918436 0.382355
vt 0.924385 0.384970
vt 0.924764 0.385177
vt 0.915801 0.359467
vt 0.897082 0.360230
vt 0.896919 0.360640
vt 0.896621 0.361239
vt 0.920338 0.354926
vt 0.920706 0.354624
vt 0.918120 0.382212
vt 0.918424 0.382011
vt 0.920887 0.355064
vt 0.920493 0.355471
vt 0.915706 0.359656
vt 0.915993 0.359536
vt 0.897139 0.360467
vt 0.917814 0.382141
vt 0.917393 0.382432
vt 0.918176 0.381911
vt 0.916085 0.359715
vt 0.915682 0.359871
vt 0.915875 0.359663
vt 0.898870 0.383466
vt 0.899108 0.383446
vt 0.917943 0.381890
vt 0.915901 0.359825
vt 0.899128 0.383686
vt 0.898924 0.383666
vt 0.955256 0.091568
vt 0.955141 0.091901
vt 0.954871 0.091654
vt 0.954920 0.091321
vt 0.955461 0.092070
vt 0.955117 0.092346
vt 0.950643 0.097084
vt 0.950404 0.097026
vt 0.916168 0.102165
vt 0.915477 0.101874
vt 0.955400 0.091232
vt 0.955040 0.090814
vt 0.951879 0.130302
vt 0.951561 0.129795
vt 0.950731 0.097328
vt 0.955632 0.091559
vt 0.950090 0.097372
vt 0.950340 0.097441
vt 0.921576 0.104905
vt 0.915633 0.102198
vt 0.915274 0.101908
vt 0.951867 0.130509
vt 0.951590 0.130222
vt 0.947967 0.124125
vt 0.950455 0.097690
vt 0.516072 0.038870
vt 0.921461 0.105113
vt 0.915670 0.102329
vt 0.915247 0.102119
vt 0.951655 0.130571
vt 0.951387 0.130203
vt 0.947789 0.124262
vt 0.947776 0.123707
vt 0.516232 0.038705
vt 0.921465 0.105492
vt 0.919397 0.129537
vt 0.919044 0.129909
vt 0.919741 0.130570
vt 0.920114 0.130104
vt 0.947421 0.124310
vt 0.947593 0.123939
vt 0.515649 0.038959
vt 0.922122 0.105370
vt 0.921726 0.105600
vt 0.923612 0.124751
vt 0.919548 0.129991
vt 0.919261 0.130401
vt 0.923908 0.125009
vt 0.947276 0.124065
vt 0.472872 0.038711
vt 0.473199 0.038963
vt 0.921977 0.105621
vt 0.923794 0.124629
vt 0.923710 0.124939
vt 0.923996 0.124806
vt 0.947217 0.123825
vt 0.945952 0.103911
vt 0.945967 0.104160
vt 0.924013 0.124576
vt 0.923824 0.124801
vt 0.946217 0.104144
vt 0.946166 0.103934
vt 0.981545 0.242634
vt 0.981665 0.298331
vt 0.981327 0.298331
vt 0.981205 0.242635
vt 0.981735 0.382760
vt 0.981412 0.382733
vt 0.953229 0.298399
vt 0.953012 0.242743
vt 0.980990 0.186747
vt 0.981330 0.186745
vt 0.953323 0.354033
vt 0.952898 0.298401
vt 0.952680 0.242745
vt 0.952721 0.186895
vt 0.980832 0.101546
vt 0.980506 0.101576
vt 0.980959 0.382760
vt 0.953211 0.354366
vt 0.953010 0.353873
vt 0.952388 0.186897
vt 0.952346 0.130726
vt 0.952990 0.354170
vt 0.952031 0.130889
vt 0.952231 0.130390
vt 0.980049 0.101551
vt 0.952011 0.130591
vt 0.920121 0.242929
vt 0.920466 0.298545
vt 0.920122 0.298547
vt 0.919774 0.242931
vt 0.920659 0.354096
vt 0.920320 0.354102
vt 0.892116 0.298755
vt 0.891626 0.243145
vt 0.919395 0.187108
vt 0.919742 0.187106
vt 0.920593 0.354438
vt 0.892731 0.354284
vt 0.891753 0.298758
vt 0.891263 0.243148
vt 0.891165 0.187327
vt 0.919348 0.130897
vt 0.919004 0.130894
vt 0.892356 0.354312
vt 0.890800 0.187330
vt 0.890708 0.131150
vt 0.919283 0.130555
vt 0.918909 0.130556
vt 0.892429 0.354597
vt 0.890327 0.131130
vt 0.890701 0.130812
vt 0.892266 0.354842
vt 0.892068 0.354538
vt 0.890390 0.130835
vt 0.890009 0.130905
vt 0.890215 0.130574
vt 0.506188 0.008194
vt 0.487338 0.008236
vt 0.487336 0.007990
vt 0.506516 0.007944
vt 0.487429 0.027426
vt 0.487093 0.008237
vt 0.487092 0.008037
vt 0.506613 0.008111
vt 0.487367 0.027848
vt 0.487196 0.027527
vt 0.487165 0.027935
vt 0.487033 0.027841
vt 0.486960 0.027417
vt 0.492049 0.038759
vt 0.492048 0.039005
vt 0.492293 0.039005
vt 0.492294 0.038794
vt 0.491939 0.058193
vt 0.492171 0.058295
vt 0.472774 0.038881
vt 0.492002 0.058615
vt 0.492177 0.058696
vt 0.492406 0.058185
vt 0.492332 0.058611
vt 0.920467 0.242926
vt 0.920812 0.298543
vt 0.952319 0.242747
vt 0.952539 0.298402
vt 0.921000 0.354090
vt 0.920090 0.187103
vt 0.952026 0.186899
vt 0.952641 0.353853
vt 0.920692 0.354442
vt 0.921048 0.354417
vt 0.919694 0.130901
vt 0.951658 0.130912
vt 0.952641 0.354189
vt 0.919381 0.130550
vt 0.952945 0.354161
vt 0.951964 0.130599
vt 0.859075 0.243455
vt 0.859699 0.299091
vt 0.859355 0.299095
vt 0.858730 0.243459
vt 0.891428 0.298761
vt 0.890937 0.243150
vt 0.860733 0.383044
vt 0.860399 0.383344
vt 0.858177 0.187621
vt 0.858524 0.187617
vt 0.892057 0.354499
vt 0.890472 0.187333
vt 0.857762 0.102805
vt 0.857418 0.102509
vt 0.892190 0.354823
vt 0.860855 0.383447
vt 0.890021 0.130948
vt 0.890148 0.130618
vt 0.857876 0.102395
vt 0.486847 0.008237
vt 0.463749 0.008197
vt 0.463412 0.007947
vt 0.486846 0.007991
vt 0.463318 0.008112
vt 0.492539 0.039005
vt 0.492541 0.038760
vt 0.515987 0.038708
vt 0.947455 0.123652
vt 0.472615 0.038705
vt 0.921814 0.105260
vt 0.922017 0.105018
vn -0.000002 -0.382030 0.924150
vn -0.000002 -0.382030 0.924150
vn -0.000002 -0.382030 0.924150
vn -0.000002 -0.382030 0.924150
vn -0.000000 0.908981 -0.416837
vn -0.000000 0.908981 -0.416837
vn -0.000000 0.908981 -0.416837
vn -0.000000 0.908981 -0.416837
vn 0.000004 -0.923660 0.383214
vn 0.000004 -0.923660 0.383214
vn 0.000004 -0.923660 0.383214
vn 0.000004 -0.923660 0.383214
vn -0.000005 0.420531 -0.907278
vn -0.000005 0.420531 -0.907278
vn -0.000005 0.420531 -0.907278
vn -0.000005 0.420531 -0.907278
vn 0.000016 0.912636 0.408773
vn 0.000016 0.912636 0.408773
vn 0.000016 0.912636 0.408773
vn 0.000016 0.912636 0.408773
vn -0.000091 0.402121 0.915586
vn -0.000091 0.402121 0.915586
vn -0.000091 0.402121 0.915586
vn -0.000091 0.402121 0.915586
vn -0.000005 -0.401342 -0.915928
vn -0.000005 -0.401342 -0.915928
vn -0.000005 -0.401342 -0.915928
vn -0.000005 -0.401342 -0.915928
vn -0.000008 -0.914353 -0.404917
vn -0.000008 -0.914353 -0.404917
vn -0.000008 -0.914353 -0.404917
vn -0.000008 -0.914353 -0.404917
vn 0.000030 -0.380066 0.924959
vn 0.000030 -0.380066 0.924959
vn 0.000030 -0.380066 0.924959
vn 0.000030 -0.380066 0.924959
vn 0.000035 -0.922845 0.385171
vn 0.000035 -0.922845 0.385171
vn 0.000035 -0.922845 0.385171
vn 0.000035 -0.922845 0.385171
vn -0.139454 0.363390 0.921141
vn -0.139454 0.363390 0.921141
vn -0.139454 0.363390 0.921141
vn -0.139454 0.363390 0.921141
vn -0.201159 0.845966 0.493838
vn -0.201159 0.845966 0.493838
vn -0.201159 0.845966 0.493838
vn -0.201159 0.845966 0.493838
vn -0.643071 0.388157 0.660147
vn -0.697982 0.068254 0.712855
vn -0.698879 0.027619 0.714707
vn -0.632832 0.261919 0.728644
vn -0.000093 0.895055 -0.445957
vn -0.000093 0.895055 -0.445956
vn -0.000093 0.895055 -0.445956
vn -0.000093 0.895055 -0.445957
vn -0.000115 0.448920 -0.893572
vn -0.000115 0.448920 -0.893572
vn -0.000115 0.448920 -0.893572
vn -0.000115 0.448920 -0.893572
vn -0.196526 0.001371 0.980498
vn -0.196525 0.001371 0.980498
vn -0.196526 0.001371 0.980498
vn -0.196526 0.001371 0.980498
vn -0.837606 -0.360039 0.410838
vn -0.805924 -0.096798 0.584051
vn -0.744565 0.000442 0.667550
vn -0.733270 -0.003223 0.679930
vn -0.325282 0.885330 0.332238
vn -0.325282 0.885330 0.332238
vn -0.325282 0.885330 0.332238
vn -0.325282 0.885330 0.332238
vn -0.643182 0.390354 0.658741
vn -0.703062 0.053882 0.709084
vn -0.000123 -0.910116 -0.414354
vn -0.000123 -0.910116 -0.414354
vn -0.000123 -0.910116 -0.414354
vn -0.000123 -0.910116 -0.414354
vn 0.000014 -0.412830 -0.910808
vn 0.000014 -0.412830 -0.910808
vn 0.000014 -0.412830 -0.910808
vn 0.000014 -0.412830 -0.910808
vn -0.251368 -0.373572 0.892893
vn -0.251368 -0.373572 0.892893
vn -0.251368 -0.373572 0.892893
vn -0.251368 -0.373572 0.892893
vn -0.239904 -0.897488 0.370082
vn -0.239905 -0.897488 0.370082
vn -0.239905 -0.897488 0.370082
vn -0.239905 -0.897488 0.370082
vn 0.000000 0.916693 0.399593
vn 0.000000 0.916693 0.399593
vn 0.000000 0.916693 0.399593
vn 0.000000 0.916693 0.399593
vn 0.000000 0.395825 0.918326
vn 0.000000 0.395825 0.918326
vn 0.000000 0.395825 0.918326
vn 0.000000 0.395825 0.918326
vn -0.159450 -0.987206 -0.000080
vn -0.159450 -0.987206 -0.000080
vn -0.159450 -0.987206 -0.000080
vn -0.159450 -0.987206 -0.000080
vn -0.100619 -0.918258 -0.382984
vn -0.100619 -0.918259 -0.382984
vn -0.100619 -0.918259 -0.382984
vn -0.100619 -0.918259 -0.382984
vn -0.162434 -0.506534 -0.846781
vn -0.162434 -0.506534 -0.846781
vn -0.162434 -0.506534 -0.846781
vn -0.162434 -0.506534 -0.846781
vn -0.801198 0.327184 0.501031
vn -0.801198 0.327184 0.501031
vn -0.811911 -0.448219 0.374033
vn -0.712529 0.699523 0.054505
vn -0.712529 0.699523 0.054505
vn -0.712529 0.699523 0.054505
vn -0.712529 0.699523 0.054505
vn -0.310638 -0.275610 -0.909694
vn -0.310638 -0.275610 -0.909694
vn -0.310638 -0.275610 -0.909694
vn -0.310638 -0.275610 -0.909694
vn -0.939058 -0.338839 -0.057944
vn -0.939058 -0.338839 -0.057944
vn -0.754706 -0.653444 -0.058564
vn -0.598241 0.106459 -0.794213
vn -0.598241 0.106459 -0.794213
vn -0.598241 0.106459 -0.794213
vn -0.598241 0.106459 -0.794213
vn -0.000000 0.000000 1.000000
vn -0.000000 0.000000 1.000000
vn -0.000000 0.000000 1.000000
vn -0.000000 0.000000 1.000000
vn 0.000000 1.000000 0.000000
vn 0.000000 1.000000 0.000000
vn 0.000000 1.000000 0.000000
vn 0.000000 1.000000 0.000000
vn 0.000000 -1.000000 0.000000
vn 0.000000 -1.000000 0.000000
vn 0.000000 -1.000000 0.000000
vn 0.000000 -1.000000 0.000000
vn -0.000000 0.000000 -1.000000
vn -0.000000 0.000000 -1.000000
vn -0.000000 0.000000 -1.000000
vn -0.000000 0.000000 -1.000000
vn 0.000000 0.000000 1.000000
vn 0.000000 0.000000 1.000000
vn 0.000000 0.000000 1.000000
vn 0.000000 0.000000 1.000000
vn 0.000000 1.000000 0.000000
vn 0.000000 1.000000 0.000000
vn 0.000000 1.000000 0.000000
vn 0.000000 1.000000 0.000000
vn 0.000000 -1.000000 0.000000
vn 0.000000 -1.000000 0.000000
vn 0.000000 -1.000000 0.000000
vn 0.000000 -1.000000 0.000000
vn -0.000000 0.000000 -1.000000
vn -0.000000 0.000000 -1.000000
vn -0.000000 0.000000 -1.000000
vn -0.000000 0.000000 -1.000000
vn -0.711843 -0.702294 0.007919
vn -0.685796 -0.727772 0.005638
vn -0.777132 -0.616063 0.128579
vn -0.688565 -0.723795 -0.044713
vn -0.750105 -0.657244 -0.073299
vn -0.683757 -0.614614 -0.393353
vn -0.624010 -0.721368 -0.300399
vn -0.731757 -0.002086 0.681563
vn -0.731522 -0.001222 0.681817
vn -0.709988 -0.026558 0.703713
vn -0.698649 -0.063094 0.712678
vn -0.999969 -0.007444 0.002395
vn -0.999969 -0.007527 0.002182
vn -0.916489 -0.009269 0.399954
vn -0.909735 -0.009130 0.415089
vn -0.732579 -0.002719 0.680677
vn -0.054533 -0.998184 0.025592
vn -0.015960 -0.999787 0.013118
vn -0.375522 -0.926803 0.004310
vn -0.395123 -0.918452 0.017988
vn -0.937933 -0.346815 -0.001241
vn -0.937490 -0.348013 -0.000087
vn -0.999956 -0.008576 0.003707
vn -0.699199 -0.064964 0.711969
vn -0.600207 -0.519582 0.608100
vn -0.650516 -0.380979 0.657026
vn -0.251301 -0.939377 0.233280
vn -0.029816 -0.998334 0.049390
vn -0.009124 -0.008235 0.999924
vn -0.055562 -0.022457 0.998203
vn -0.382714 -0.015627 0.923735
vn -0.365387 -0.003349 0.930850
vn -0.937303 -0.004407 0.348488
vn -0.937677 -0.003491 0.347490
vn -0.999968 -0.007724 0.002258
vn -0.014694 -0.708988 0.705067
vn -0.008867 -0.908587 0.417601
vn -0.005516 -0.412800 0.910805
vn -0.021175 -0.035116 0.999159
vn -0.718343 -0.695656 0.006784
vn -0.836941 -0.370566 0.402754
vn -0.898098 -0.439720 0.008207
vn -0.905148 -0.425015 0.008338
vn -0.717592 -0.696438 0.006052
vn -0.755197 -0.652607 0.061496
vn -0.754585 -0.653515 0.059328
vn -0.720475 -0.600839 0.346278
vn -0.661141 -0.553967 0.505978
vn -0.273641 -0.213828 0.937762
vn -0.782781 -0.452614 0.427078
vn -0.706299 -0.707594 0.021283
vn -0.709796 -0.704388 0.005222
vn -0.855553 -0.143256 0.497501
vn -0.655996 -0.703597 0.273169
vn -0.889393 -0.323916 0.322583
vn -0.328158 -0.323446 0.887522
vn -0.331172 -0.885190 0.326746
vn -0.906267 -0.306519 0.291077
vn -0.548808 -0.599440 0.582651
vn -0.847122 -0.517393 0.121199
vn -0.656784 -0.282059 0.699340
vn -0.740854 0.006024 0.671639
vn -0.573616 -0.790951 -0.212982
vn -0.681216 -0.732081 -0.001712
vn -0.685868 -0.609913 -0.396977
vn 0.000002 -0.382030 0.924150
vn 0.000002 -0.382030 0.924150
vn 0.000002 -0.382030 0.924150
vn 0.000002 -0.382030 0.924150
vn 0.000000 0.908981 -0.416837
vn 0.000000 0.908981 -0.416837
vn 0.000000 0.908981 -0.416837
vn 0.000000 0.908981 -0.416837
vn -0.000004 -0.923660 0.383214
vn -0.000004 -0.923660 0.383214
vn -0.000004 -0.923660 0.383214
vn -0.000004 -0.923660 0.383214
vn 0.000005 0.420531 -0.907278
vn 0.000005 0.420531 -0.907278
vn 0.000005 0.420531 -0.907278
vn 0.000005 0.420531 -0.907278
vn -0.000016 0.912636 0.408773
vn -0.000016 0.912636 0.408773
vn -0.000016 0.912636 0.408773
vn -0.000016 0.912636 0.408773
vn 0.000091 0.402111 0.915591
vn 0.000091 0.402111 0.915591
vn 0.000091 0.402111 0.915591
vn 0.000091 0.402111 0.915591
vn 0.000005 -0.401342 -0.915928
vn 0.000005 -0.401342 -0.915928
vn 0.000005 -0.401342 -0.915928
vn 0.000005 -0.401342 -0.915928
vn 0.000008 -0.914353 -0.404917
vn 0.000008 -0.914353 -0.404917
vn 0.000008 -0.914353 -0.404917
vn 0.000008 -0.914353 -0.404917
vn -0.000030 -0.380064 0.924960
vn -0.000030 -0.380064 0.924960
vn -0.000030 -0.380064 0.924960
vn -0.000030 -0.380064 0.924960
vn -0.000035 -0.922850 0.385161
vn -0.000035 -0.922850 0.385161
vn -0.000035 -0.922850 0.385161
vn -0.000035 -0.922850 0.385161
vn 0.139450 0.363388 0.921142
vn 0.139450 0.363388 0.921142
vn 0.139450 0.363388 0.921142
vn 0.139450 0.363388 0.921142
vn 0.201147 0.845968 0.493840
vn 0.201147 0.845968 0.493840
vn 0.201147 0.845968 0.493840
vn 0.201147 0.845968 0.493840
vn 0.643071 0.388155 0.660148
vn 0.632856 0.261926 0.728621
vn 0.698875 0.027628 0.714710
vn 0.697981 0.068254 0.712856
vn 0.000093 0.895056 -0.445953
vn 0.000093 0.895056 -0.445953
vn 0.000093 0.895056 -0.445953
vn 0.000093 0.895056 -0.445953
vn 0.000115 0.448932 -0.893566
vn 0.000115 0.448932 -0.893566
vn 0.000115 0.448932 -0.893566
vn 0.000115 0.448932 -0.893566
vn 0.196514 0.001371 0.980500
vn 0.196514 0.001371 0.980500
vn 0.196514 0.001371 0.980500
vn 0.196514 0.001371 0.980500
vn 0.837607 -0.360038 0.410837
vn 0.733269 -0.003223 0.679932
vn 0.744560 0.000441 0.667555
vn 0.805924 -0.096809 0.584050
vn 0.325279 0.885333 0.332234
vn 0.325279 0.885333 0.332234
vn 0.325279 0.885333 0.332234
vn 0.325279 0.885333 0.332234
vn 0.703062 0.053881 0.709084
vn 0.643181 0.390352 0.658743
vn 0.000123 -0.910114 -0.414359
vn 0.000123 -0.910114 -0.414359
vn 0.000123 -0.910114 -0.414359
vn 0.000123 -0.910114 -0.414359
vn -0.000014 -0.412835 -0.910806
vn -0.000014 -0.412835 -0.910806
vn -0.000014 -0.412835 -0.910806
vn -0.000014 -0.412835 -0.910806
vn 0.251361 -0.373575 0.892894
vn 0.251361 -0.373575 0.892894
vn 0.251361 -0.373575 0.892894
vn 0.251361 -0.373575 0.892894
vn 0.239893 -0.897489 0.370087
vn 0.239893 -0.897489 0.370087
vn 0.239893 -0.897489 0.370087
vn 0.239893 -0.897489 0.370087
vn -0.000000 0.916693 0.399593
vn -0.000000 0.916693 0.399593
vn -0.000000 0.916693 0.399593
vn -0.000000 0.916693 0.399593
vn -0.000000 0.395825 0.918326
vn -0.000000 0.395825 0.918326
vn -0.000000 0.395825 0.918326
vn -0.000000 0.395825 0.918326
vn 0.159448 -0.987206 -0.000080
vn 0.159448 -0.987206 -0.000080
vn 0.159448 -0.987206 -0.000080
vn 0.159448 -0.987206 -0.000080
vn 0.100614 -0.918260 -0.382982
vn 0.100614 -0.918260 -0.382982
vn 0.100614 -0.918260 -0.382982
vn 0.100614 -0.918260 -0.382982
vn 0.162425 -0.506530 -0.846785
vn 0.162425 -0.506530 -0.846785
vn 0.162425 -0.506530 -0.846785
vn 0.162425 -0.506530 -0.846785
vn 0.801190 0.327183 0.501045
vn 0.811905 -0.448222 0.374041
vn 0.801189 0.327183 0.501045
vn 0.712511 0.699540 0.054518
vn 0.712511 0.699540 0.054518
vn 0.712511 0.699540 0.054518
vn 0.712511 0.699540 0.054518
vn 0.310624 -0.275606 -0.909700
vn 0.310624 -0.275606 -0.909700
vn 0.310624 -0.275606 -0.909700
vn 0.310624 -0.275606 -0.909700
vn 0.939065 -0.338820 -0.057944
vn 0.754707 -0.653443 -0.058562
vn 0.939065 -0.338820 -0.057944
vn 0.598241 0.106459 -0.794213
vn 0.598241 0.106459 -0.794213
vn 0.598241 0.106459 -0.794213
vn 0.598241 0.106459 -0.794213
vn 0.000000 0.000000 1.000000
vn 0.000000 0.000000 1.000000
vn 0.000000 0.000000 1.000000
vn 0.000000 0.000000 1.000000
vn -0.000000 1.000000 0.000000
vn -0.000000 1.000000 0.000000
vn -0.000000 1.000000 0.000000
vn -0.000000 1.000000 0.000000
vn 0.000000 -1.000000 0.000000
vn 0.000000 -1.000000 0.000000
vn 0.000000 -1.000000 0.000000
vn 0.000000 -1.000000 0.000000
vn 0.000000 0.000000 -1.000000
vn 0.000000 0.000000 -1.000000
vn 0.000000 0.000000 -1.000000
vn 0.000000 0.000000 -1.000000
vn -0.000000 0.000000 1.000000
vn -0.000000 0.000000 1.000000
vn -0.000000 0.000000 1.000000
vn -0.000000 0.000000 1.000000
vn 0.000000 1.000000 0.000000
vn 0.000000 1.000000 0.000000
vn 0.000000 1.000000 0.000000
vn 0.000000 1.000000 0.000000
vn 0.000000 -1.000000 -0.000000
vn 0.000000 -1.000000 -0.000000
vn 0.000000 -1.000000 -0.000000
vn 0.000000 -1.000000 -0.000000
vn 0.000000 0.000000 -1.000000
vn 0.000000 0.000000 -1.000000
vn 0.000000 0.000000 -1.000000
vn 0.000000 0.000000 -1.000000
vn 0.777127 -0.616072 0.128565
vn 0.685790 -0.727777 0.005638
vn 0.711842 -0.702295 0.007919
vn 0.688564 -0.723796 -0.044717
vn 0.624019 -0.721360 -0.300400
vn 0.683760 -0.614608 -0.393356
vn 0.750106 -0.657243 -0.073298
vn 0.731756 -0.002085 0.681563
vn 0.709979 -0.026549 0.703722
vn 0.731521 -0.001221 0.681818
vn 0.698649 -0.063095 0.712678
vn 0.999969 -0.007444 0.002395
vn 0.909732 -0.009131 0.415095
vn 0.916486 -0.009270 0.399959
vn 0.999969 -0.007527 0.002182
vn 0.732579 -0.002719 0.680677
vn 0.054533 -0.998184 0.025593
vn 0.395123 -0.918452 0.017986
vn 0.375522 -0.926803 0.004310
vn 0.015960 -0.999787 0.013118
vn 0.937937 -0.346802 -0.001241
vn 0.999956 -0.008576 0.003707
vn 0.937495 -0.348000 -0.000088
vn 0.650525 -0.380984 0.657015
vn 0.600213 -0.519584 0.608092
vn 0.699199 -0.064966 0.711969
vn 0.251302 -0.939374 0.233291
vn 0.029816 -0.998334 0.049392
vn 0.009124 -0.008235 0.999925
vn 0.365394 -0.003349 0.930847
vn 0.382721 -0.015628 0.923732
vn 0.055562 -0.022458 0.998203
vn 0.937305 -0.004407 0.348482
vn 0.999968 -0.007724 0.002258
vn 0.937679 -0.003492 0.347485
vn 0.008867 -0.908585 0.417605
vn 0.014695 -0.708990 0.705065
vn 0.005516 -0.412804 0.910803
vn 0.021175 -0.035117 0.999159
vn 0.718343 -0.695656 0.006784
vn 0.836942 -0.370564 0.402754
vn 0.905149 -0.425014 0.008338
vn 0.898098 -0.439719 0.008207
vn 0.717592 -0.696437 0.006052
vn 0.755197 -0.652606 0.061499
vn 0.661144 -0.553972 0.505968
vn 0.720480 -0.600843 0.346262
vn 0.754585 -0.653515 0.059331
vn 0.273632 -0.213832 0.937764
vn 0.782776 -0.452618 0.427083
vn 0.706295 -0.707598 0.021275
vn 0.709795 -0.704389 0.005222
vn 0.855564 -0.143252 0.497483
vn 0.656009 -0.703602 0.273123
vn 0.889396 -0.323911 0.322579
vn 0.328159 -0.323431 0.887527
vn 0.331167 -0.885193 0.326744
vn 0.906256 -0.306547 0.291081
vn 0.548820 -0.599433 0.582646
vn 0.847120 -0.517394 0.121205
vn 0.656783 -0.282067 0.699339
vn 0.740850 0.006024 0.671644
vn 0.681210 -0.732086 -0.001711
vn 0.573628 -0.790950 -0.212952
vn 0.685871 -0.609908 -0.396980
s off
g all hengliang_001 Sunmao_003
usemtl layeredShader1SG
f 1803/2509/5857 1806/2510/5858 1805/2456/5859 1804/2455/5860
f 1807/2429/5861 1810/2430/5862 1809/2431/5863 1808/2432/5864
f 1804/2455/5865 1805/2456/5866 1812/2457/5867 1811/2458/5868
f 1813/2525/5869 1814/2526/5870 1810/2527/5871 1807/2528/5872
f 1815/2435/5873 1818/2439/5874 1817/2447/5875 1816/2440/5876
f 1817/2447/5877 1820/2516/5878 1819/2512/5879 1816/2440/5880
f 1821/2468/5881 1824/2467/5882 1823/2529/5883 1822/2530/5884
f 1825/2462/5885 1826/2461/5886 1824/2467/5887 1821/2468/5888
f 1827/2513/5889 1828/2459/5890 1805/2456/5891 1806/2510/5892
f 1828/2459/5893 1829/2460/5894 1812/2457/5895 1805/2456/5896
f 1830/2523/5897 1831/2521/5898 1820/2516/5899 1817/2447/5900
f 1818/2439/5901 1832/2446/5902 1830/2450/5903 1817/2447/5904
s 1
f 1832/2324/5905 1834/2325/5906 1833/2332/5907 1830/2333/5908
s off
f 1835/2433/5909 1836/2434/5910 1809/2431/5911 1810/2430/5912
f 1837/2531/5913 1835/2532/5914 1810/2527/5915 1814/2526/5916
f 1838/2518/5917 1827/2513/5918 1820/2516/5919 1831/2521/5920
s 1
f 1839/2346/5921 1841/2347/5922 1838/2350/5923 1840/2351/5924
s off
f 1818/2439/5925 1836/2434/5926 1842/2445/5927 1832/2446/5928
s 1
f 1832/2324/5905 1842/2315/5929 1843/2316/5930 1834/2325/5906
s off
f 1844/2466/5931 1845/2472/5932 1824/2467/5933 1826/2461/5934
f 1845/2472/5935 1846/2535/5936 1823/2529/5937 1824/2467/5938
f 1841/2517/5939 1828/2459/5940 1827/2513/5941 1838/2518/5942
f 1841/2465/5943 1847/2337/5944 1829/2460/5945 1828/2459/5946
f 1815/2435/5947 1816/2440/5948 1849/2441/5949 1848/2436/5950
f 1816/2440/5951 1819/2512/5952 1850/2511/5953 1849/2441/5954
f 1847/2337/5955 1851/2327/5956 1844/2466/5957 1829/2460/5958
f 1844/2466/5959 1851/2327/5960 1852/2477/5961 1845/2472/5962
f 1852/2477/5963 1853/2480/5964 1846/2481/5965 1845/2472/5966
s 1
f 1842/2315/5967 1855/2305/5968 1854/2308/5969 1843/2316/5930
s off
f 1836/2317/5970 1835/2309/5971 1855/2305/5972 1842/2315/5973
f 1853/2539/5974 1856/2540/5975 1837/2531/5976 1846/2535/5977
s 1
f 1855/2305/5978 1856/2306/5979 1857/2307/5980 1854/2308/5969
s off
f 1835/2309/5981 1837/2310/5982 1856/2306/5983 1855/2305/5984
f 1803/2509/5985 1850/2511/5986 1819/2512/5987 1806/2510/5988
f 1809/2431/5989 1815/2435/5990 1848/2436/5991 1808/2432/5992
f 1812/2457/5993 1826/2461/5994 1825/2462/5995 1811/2458/5996
f 1823/2529/5997 1814/2526/5998 1813/2525/5999 1822/2530/6000
f 1827/2513/6001 1806/2510/6002 1819/2512/6003 1820/2516/6004
f 1809/2431/6005 1836/2434/6006 1818/2439/6007 1815/2435/6008
f 1829/2460/6009 1844/2466/6010 1826/2461/6011 1812/2457/6012
f 1814/2526/6013 1823/2529/6014 1846/2535/6015 1837/2531/6016
s 1
f 1839/2346/5921 1858/2336/6017 1847/2337/6018 1841/2347/6019
f 1859/2318/6020 1860/2312/6021 1853/2311/6022 1852/2319/6023
f 1861/2349/6024 1863/2340/6025 1833/2332/5907 1862/2339/6026
f 1833/2332/5907 1834/2325/5906 1864/2330/6027 1862/2339/6026
f 1865/2363/6028 1868/2359/6029 1867/2364/6030 1866/2357/6031
f 1866/2357/6031 1867/2364/6030 1869/2358/6032 1861/2349/6024
f 1870/2485/6033 1873/2486/6034 1872/2487/6035 1871/2488/6036
f 1871/2355/6037 1872/2365/6038 1874/2362/6039 1865/2363/6028
f 1864/2330/6027 1877/2321/6040 1876/2331/6041 1875/2338/6042
f 1875/2492/6043 1876/2493/6041 1878/2489/6044 1870/2485/6033
f 1879/2544/6045 1882/2545/6046 1881/2546/6047 1880/2547/6048
f 1880/2361/6049 1881/2344/6050 1883/2354/6051 1874/2362/6039
f 1873/2486/6034 1878/2489/6044 1885/2494/6052 1884/2490/6053
f 1884/2490/6054 1885/2494/6052 1886/2497/6055 1879/2544/6045
f 1887/2342/6056 1858/2336/6017 1839/2346/5921 1888/2353/6057
f 1839/2346/5921 1840/2351/5924 1869/2358/6032 1888/2353/6057
f 1868/2359/6029 1883/2354/6051 1890/2343/6058 1889/2352/6059
f 1889/2352/6059 1890/2343/6058 1891/2334/6060 1887/2342/6056
f 1892/2314/6061 1895/2320/6062 1894/2329/6063 1893/2322/6064
f 1893/2496/6064 1894/2548/6065 1882/2545/6046 1886/2497/6055
f 1877/2321/6040 1843/2316/5930 1854/2308/5969 1896/2313/6066
f 1896/2313/6066 1854/2308/5969 1857/2307/5980 1892/2314/6061
f 1895/2320/6062 1860/2312/6021 1859/2318/6020 1897/2326/6067
f 1859/2318/6020 1898/2328/6068 1891/2334/6060 1897/2326/6067
f 1870/2485/6033 1878/2489/6044 1873/2486/6034
f 1877/2321/6040 1864/2330/6027 1834/2325/5906 1843/2316/5930
f 1874/2362/6039 1883/2354/6051 1868/2359/6029 1865/2363/6028
f 1886/2497/6055 1882/2545/6046 1879/2544/6045
f 1875/2338/6042 1899/2348/6069 1862/2339/6026 1864/2330/6027
f 1862/2339/6026 1899/2348/6069 1866/2357/6031 1861/2349/6024
f 1866/2357/6031 1899/2348/6069 1871/2355/6037 1865/2363/6028
f 1871/2355/6036 1899/2348/6070 1875/2338/6043 1870/2356/6033
f 1872/2365/6038 1900/2366/6071 1880/2361/6049 1874/2362/6039
f 1880/2547/6048 1900/2491/6072 1884/2490/6054 1879/2544/6045
f 1884/2490/6053 1900/2491/6073 1872/2487/6035 1873/2486/6034
f 1867/2364/6030 1901/2360/6074 1888/2353/6057 1869/2358/6032
f 1888/2353/6057 1901/2360/6074 1889/2352/6059 1887/2342/6056
f 1889/2352/6059 1901/2360/6074 1867/2364/6030 1868/2359/6029
f 1896/2313/6066 1902/2323/6075 1876/2331/6041 1877/2321/6040
f 1876/2493/6041 1902/2495/6075 1885/2494/6052 1878/2489/6044
f 1885/2494/6052 1902/2495/6075 1893/2496/6064 1886/2497/6055
f 1893/2322/6064 1902/2323/6075 1896/2313/6066 1892/2314/6061
f 1890/2343/6058 1903/2335/6076 1897/2326/6067 1891/2334/6060
f 1897/2326/6067 1903/2335/6076 1894/2329/6063 1895/2320/6062
f 1894/2329/6065 1903/2335/6077 1881/2344/6047 1882/2345/6046
f 1881/2344/6050 1903/2335/6076 1890/2343/6058 1883/2354/6051
f 1840/2351/5924 1863/2340/6025 1861/2349/6024 1869/2358/6032
f 1838/2350/5923 1831/2341/6078 1863/2340/6025 1840/2351/5924
f 1859/2318/6020 1852/2319/6079 1851/2327/6080 1898/2328/6068
f 1857/2307/5980 1856/2306/6081 1853/2311/6022 1860/2312/6021
f 1895/2320/6062 1892/2314/6061 1857/2307/5980 1860/2312/6021
f 1887/2342/6056 1891/2334/6060 1898/2328/6068 1858/2336/6017
f 1858/2336/6017 1898/2328/6068 1851/2327/6080 1847/2337/6018
f 1833/2332/5907 1863/2340/6025 1831/2341/6078 1830/2333/5908
s off
f 1803/2509/6082 1804/2455/6083 1904/2464/6084 1905/2514/6085
f 1807/2429/6086 1808/2432/6087 1906/2437/6088 1907/2438/6089
f 1804/2455/6090 1811/2458/6091 1908/2463/6092 1904/2464/6093
f 1813/2525/6094 1807/2528/6095 1907/2533/6096 1909/2534/6097
f 1910/2442/6098 1911/2448/6099 1912/2451/6100 1913/2449/6101
f 1912/2451/6102 1911/2448/6103 1914/2515/6104 1915/2520/6105
f 1821/2468/6106 1822/2530/6107 1916/2536/6108 1917/2473/6109
f 1825/2462/6110 1821/2468/6111 1917/2473/6112 1918/2469/6113
f 1919/2519/6114 1905/2514/6115 1904/2464/6116 1920/2470/6117
f 1920/2470/6118 1904/2464/6119 1908/2463/6120 1921/2471/6121
f 1922/2524/6122 1912/2451/6123 1915/2520/6124 1923/2396/6125
f 1913/2449/6126 1912/2451/6127 1922/2454/6128 1924/2452/6129
s 16
f 1924/2379/6130 1922/2388/6131 1925/2389/6132 1926/2380/6133
s off
f 1927/2443/6134 1907/2438/6135 1906/2437/6136 1928/2444/6137
f 1929/2537/6138 1909/2534/6139 1907/2533/6140 1927/2538/6141
f 1930/2404/6142 1923/2396/6143 1915/2520/6144 1919/2519/6145
s 16
f 1931/2412/6146 1932/2405/6147 1930/2404/6148 1933/2413/6149
s off
f 1913/2449/6150 1924/2452/6151 1934/2453/6152 1928/2444/6153
s 16
f 1924/2379/6130 1926/2380/6133 1935/2372/6154 1934/2371/6155
s off
f 1936/2474/6156 1918/2469/6157 1917/2473/6158 1937/2478/6159
f 1937/2478/6160 1917/2473/6161 1916/2536/6162 1938/2541/6163
f 1933/2522/6164 1930/2404/6165 1919/2519/6166 1920/2470/6167
f 1933/2475/6168 1920/2470/6169 1921/2471/6170 1939/2476/6171
f 1910/2442/6172 1848/2436/6173 1849/2441/6174 1911/2448/6175
f 1911/2448/6176 1849/2441/6177 1850/2511/6178 1914/2515/6179
f 1939/2476/6180 1921/2471/6181 1936/2474/6182 1940/2479/6183
f 1936/2474/6184 1937/2478/6185 1941/2482/6186 1940/2479/6187
f 1941/2482/6188 1937/2478/6189 1938/2483/6190 1942/2484/6191
s 16
f 1934/2371/6192 1935/2372/6154 1943/2368/6193 1944/2367/6194
s off
f 1928/2382/6195 1934/2371/6196 1944/2367/6197 1927/2377/6198
f 1942/2542/6199 1938/2541/6200 1929/2537/6201 1945/2543/6202
s 16
f 1944/2367/6203 1943/2368/6193 1946/2369/6204 1945/2370/6205
s off
f 1927/2377/6206 1944/2367/6207 1945/2370/6208 1929/2378/6209
f 1803/2509/6210 1905/2514/6211 1914/2515/6212 1850/2511/6213
f 1906/2437/6214 1808/2432/6215 1848/2436/6216 1910/2442/6217
f 1908/2463/6218 1811/2458/6219 1825/2462/6220 1918/2469/6221
f 1916/2536/6222 1822/2530/6223 1813/2525/6224 1909/2534/6225
f 1919/2519/6226 1915/2520/6227 1914/2515/6228 1905/2514/6229
f 1906/2437/6230 1910/2442/6231 1913/2449/6232 1928/2444/6233
f 1921/2471/6234 1908/2463/6235 1918/2469/6236 1936/2474/6237
f 1909/2534/6238 1929/2537/6239 1938/2541/6240 1916/2536/6241
s 16
f 1931/2412/6146 1933/2413/6242 1939/2403/6243 1947/2402/6244
f 1948/2386/6245 1941/2387/6246 1942/2376/6247 1949/2375/6248
f 1950/2406/6249 1951/2398/6250 1925/2389/6132 1952/2397/6251
f 1925/2389/6132 1951/2398/6250 1953/2390/6252 1926/2380/6133
f 1954/2422/6253 1955/2415/6254 1956/2421/6255 1957/2425/6256
f 1955/2415/6254 1950/2406/6249 1958/2414/6257 1956/2421/6255
f 1959/2417/6258 1960/2416/6259 1961/2498/6260 1962/2499/6261
f 1960/2552/6262 1954/2422/6253 1963/2424/6263 1961/2427/6264
f 1953/2390/6252 1964/2399/6265 1965/2391/6266 1966/2381/6267
f 1964/2504/6268 1959/2417/6258 1967/2502/6269 1965/2505/6266
f 1968/2549/6270 1969/2550/6271 1970/2551/6272 1971/2408/6273
f 1969/2423/6274 1963/2424/6263 1972/2418/6275 1970/2409/6276
f 1962/2499/6261 1973/2500/6277 1974/2503/6278 1967/2502/6269
f 1973/2500/6279 1968/2549/6270 1975/2507/6280 1974/2503/6278
f 1976/2411/6281 1977/2420/6282 1931/2412/6146 1947/2402/6244
f 1931/2412/6146 1977/2420/6282 1958/2414/6257 1932/2405/6147
f 1957/2425/6256 1978/2419/6283 1979/2410/6284 1972/2418/6275
f 1978/2419/6283 1976/2411/6281 1980/2401/6285 1979/2410/6284
f 1981/2374/6286 1982/2383/6287 1983/2555/6288 1984/2385/6289
f 1982/2508/6287 1975/2507/6280 1971/2408/6273 1983/2392/6290
f 1966/2381/6267 1985/2373/6291 1943/2368/6193 1935/2372/6154
f 1985/2373/6291 1981/2374/6286 1946/2369/6204 1943/2368/6193
f 1984/2385/6289 1986/2393/6292 1948/2386/6245 1949/2375/6248
f 1948/2386/6245 1986/2393/6292 1980/2401/6285 1987/2394/6293
f 1959/2417/6258 1962/2499/6261 1967/2502/6269
f 1966/2381/6267 1935/2372/6154 1926/2380/6133 1953/2390/6252
f 1963/2424/6263 1954/2422/6253 1957/2425/6256 1972/2418/6275
f 1975/2507/6280 1968/2549/6270 1971/2408/6273
f 1964/2399/6265 1953/2390/6252 1951/2398/6250 1988/2407/6294
f 1951/2398/6250 1950/2406/6249 1955/2415/6254 1988/2407/6294
f 1955/2415/6254 1954/2422/6253 1960/2552/6262 1988/2407/6294
f 1960/2416/6259 1959/2417/6258 1964/2504/6268 1988/2553/6295
f 1961/2427/6264 1963/2424/6263 1969/2423/6274 1989/2428/6296
f 1969/2550/6271 1968/2549/6270 1973/2500/6279 1989/2501/6297
f 1973/2500/6277 1962/2499/6261 1961/2498/6260 1989/2501/6298
f 1956/2421/6255 1958/2414/6257 1977/2420/6282 1990/2426/6299
f 1977/2420/6282 1976/2411/6281 1978/2419/6283 1990/2426/6299
f 1978/2419/6283 1957/2425/6256 1956/2421/6255 1990/2426/6299
f 1985/2373/6291 1966/2381/6267 1965/2391/6266 1991/2384/6300
f 1965/2505/6266 1967/2502/6269 1974/2503/6278 1991/2506/6300
f 1974/2503/6278 1975/2507/6280 1982/2508/6287 1991/2506/6300
f 1982/2383/6287 1981/2374/6286 1985/2373/6291 1991/2384/6300
f 1979/2410/6284 1980/2401/6285 1986/2393/6292 1992/2554/6301
f 1986/2393/6292 1984/2385/6289 1983/2555/6288 1992/2554/6301
f 1983/2392/6290 1971/2408/6273 1970/2551/6272 1992/2400/6302
f 1970/2409/6276 1972/2418/6275 1979/2410/6284 1992/2554/6301
f 1932/2405/6147 1958/2414/6257 1950/2406/6249 1952/2397/6251
f 1930/2404/6148 1932/2405/6147 1952/2397/6251 1923/2396/6303
f 1948/2386/6245 1987/2394/6293 1940/2395/6304 1941/2387/6305
f 1946/2369/6204 1949/2375/6248 1942/2376/6247 1945/2370/6306
f 1984/2385/6289 1949/2375/6248 1946/2369/6204 1981/2374/6286
f 1976/2411/6281 1947/2402/6244 1987/2394/6293 1980/2401/6285
f 1947/2402/6244 1939/2403/6243 1940/2395/6304 1987/2394/6293
f 1925/2389/6132 1922/2388/6131 1923/2396/6303 1952/2397/6251
g default
v -7.757063 14.429678 7.755490
v -7.775046 14.445754 7.761977
v -7.781294 14.430883 7.777439
v -7.799336 14.440165 7.777702
v -7.798293 14.455470 7.761903
v -6.235976 14.448207 6.186285
v -6.241037 14.455470 6.168903
v -7.814331 14.447098 7.764293
v -7.797513 14.414948 7.768705
v -6.230764 14.429476 6.192936
v -7.813952 14.425570 7.768868
v -6.225439 14.444854 6.175256
v -6.220495 14.429475 6.177271
v -6.225269 14.448206 6.160002
v -6.216895 14.429476 6.158890
v -7.823305 14.430724 7.748438
v -6.239230 12.663415 6.205318
v -6.230709 12.680105 6.204650
v -6.259823 12.656511 6.206047
v -6.220516 12.672342 6.189281
v -6.216895 12.669573 6.171729
v -6.241607 14.455470 3.079139
v -6.224784 14.448136 3.079139
v -7.816324 12.662807 6.199630
v -6.228199 12.655108 6.189555
v -7.815278 14.447681 3.079139
v -6.224217 12.652182 6.171815
v -6.246850 12.647995 6.190442
v -7.797641 12.656368 6.205853
v -6.241895 12.644978 6.171889
v -6.216895 14.429833 3.079139
v -7.797641 12.647900 6.189539
v -7.823305 12.669029 6.182555
v -7.797641 12.644978 6.171392
v -6.216895 12.669915 3.079139
v -6.224258 12.652282 3.079139
v -7.798131 14.455470 3.079139
v -7.813026 12.653337 6.187737
v -7.823305 14.430403 3.079139
v -7.816323 12.653855 6.172549
v -6.242035 12.644978 3.079139
v -7.823305 12.669645 3.079139
v -7.797833 12.644978 3.079139
v -7.816112 12.653118 3.079139
v -6.224231 12.652304 0.000004
v -7.798184 14.455470 0.000004
v -6.241944 12.644978 0.000004
v -7.815277 14.447656 0.000004
v -6.216895 12.669990 0.000004
v -7.823305 14.430349 0.000004
v -7.823305 12.669645 0.000004
v -7.816078 12.653115 0.000004
v -7.797738 12.644978 0.000004
v -6.241607 14.455470 0.000004
v -6.224784 14.448136 0.000004
v -6.216895 14.429833 0.000004
v -6.224204 12.652325 -3.079131
v -7.798237 14.455470 -3.079131
v -6.241853 12.644978 -3.079131
v -7.815277 14.447630 -3.079131
v -6.216895 12.670065 -3.079131
v -7.823305 14.430297 -3.079131
v -6.224784 14.448136 -3.079131
v -6.225270 14.448206 -6.159994
v -6.241607 14.455470 -3.079131
v -6.216895 14.429833 -3.079131
v -7.823305 12.669645 -3.079131
v -7.816044 12.653112 -3.079131
v -6.216895 14.429476 -6.158881
v -6.241037 14.455470 -6.168895
v -7.797642 12.644978 -3.079131
v -6.216895 12.669872 -6.171569
v -6.224109 12.652267 -6.171907
v -6.225439 14.444854 -6.175248
v -6.220495 14.429475 -6.177262
v -6.235976 14.448207 -6.186276
v -7.814328 14.446967 -7.764108
v -7.823305 14.430457 -7.747622
v -6.220549 12.672522 -6.189360
v -6.241530 12.644978 -6.172229
v -6.241681 12.665726 -6.203859
v -7.775312 14.445842 -7.762228
v -7.757063 14.429678 -7.755481
v -7.797257 12.644978 -6.171175
v -7.816188 12.653842 -6.172449
v -6.228143 12.655154 -6.189651
v -6.246606 12.647992 -6.190615
v -7.798560 14.455470 -7.762551
v -7.823305 12.669029 -6.182623
v -7.797450 12.647899 -6.189535
v -7.812933 12.653331 -6.187739
v -7.816324 12.662807 -6.199698
v -7.799373 14.440136 -7.777669
v -7.797513 14.414948 -7.768696
v -7.813915 14.425416 -7.768491
v -7.791983 12.659639 -6.207753
v -6.464581 14.197933 -6.417287
v -6.462407 14.181323 -6.414653
v -6.473318 14.173691 -6.421622
v -6.485653 14.170857 -6.424008
v -6.494035 14.183395 -6.428128
v -6.511951 14.188290 -6.440740
v -6.489347 14.192471 -6.435910
v -6.470053 14.204803 -6.423098
v -7.548813 14.167658 -6.423910
v -7.553926 14.167726 -6.436208
v -7.548842 14.180075 -6.436225
v -7.536558 14.185216 -6.436256
v -7.536520 14.180036 -6.423959
v -7.536488 14.167663 -6.418858
v -6.466849 12.876017 -6.402968
v -6.479080 12.870844 -6.402826
v -6.484238 12.880628 -6.409631
v -6.485367 12.894037 -6.412913
v -6.471923 12.893104 -6.409853
v -6.461799 12.888348 -6.403215
v -7.541117 14.196748 -7.501179
v -7.536993 14.192156 -7.478849
v -7.548249 14.186493 -7.484323
v -7.553926 14.175110 -7.478360
v -7.558447 14.179627 -7.500972
v -7.570860 14.192291 -7.521252
v -7.564790 14.203615 -7.526952
v -7.552814 14.209214 -7.520874
v -7.563949 12.864942 -6.409417
v -7.570889 12.870633 -6.415311
v -7.558120 12.889304 -6.428470
v -7.553926 12.912262 -6.433726
v -7.549216 12.893904 -6.420963
v -7.536968 12.885370 -6.416859
v -7.539625 12.873071 -6.414131
v -7.547210 12.862701 -6.406908
v -7.778876 14.428205 -7.771660
v -6.233160 14.428580 -6.193146
v -6.478358 14.187263 -6.425652
v -7.546566 14.177754 -6.426189
v -6.473470 12.882322 -6.408383
v -7.552632 14.191042 -7.506876
v -7.553020 12.878174 -6.418122
v -6.241529 12.692844 -6.203879
v -6.264143 12.665638 -6.203915
v -7.792062 12.681480 -6.230328
v -7.782657 12.659676 -6.207729
v -6.250173 14.428592 -6.210588
v -6.233237 14.414815 -6.193136
vt 0.746934 0.355015
vt 0.746647 0.355053
vt 0.746645 0.354709
vt 0.747022 0.354728
vt 0.747026 0.355372
vt 0.746649 0.355396
vt 0.714354 0.355204
vt 0.714302 0.354875
vt 0.746758 0.298116
vt 0.746392 0.298118
vt 0.747173 0.395855
vt 0.746839 0.395541
vt 0.714498 0.355542
vt 0.714002 0.355267
vt 0.713955 0.354879
vt 0.714053 0.298256
vt 0.746529 0.241545
vt 0.746163 0.241547
vt 0.714179 0.355672
vt 0.713702 0.298257
vt 0.713829 0.241668
vt 0.746328 0.184988
vt 0.745963 0.184989
vt 0.746862 0.396142
vt 0.713477 0.241669
vt 0.713638 0.185091
vt 0.746172 0.128423
vt 0.745796 0.128445
vt 0.713286 0.185092
vt 0.713476 0.128287
vt 0.746126 0.128113
vt 0.745795 0.128101
vt 0.713127 0.128281
vt 0.713524 0.127953
vt 0.745781 0.127733
vt 0.745527 0.127728
vt 0.713178 0.127889
vt 0.713897 0.127485
vt 0.746269 0.127858
vt 0.745783 0.127289
vt 0.741243 0.121852
vt 0.741551 0.121785
vt 0.713395 0.127485
vt 0.717485 0.122022
vt 0.741678 0.121636
vt 0.746041 0.087451
vt 0.746379 0.087129
vt 0.741102 0.121614
vt 0.741379 0.121476
vt 0.717250 0.121951
vt 0.717572 0.121799
vt 0.741437 0.121215
vt 0.741923 0.093160
vt 0.746006 0.086951
vt 0.746292 0.086541
vt 0.741669 0.093569
vt 0.741806 0.092918
vt 0.741574 0.093368
vt 0.741416 0.093914
vt 0.741322 0.093678
vt 0.741078 0.093590
vt 0.741433 0.093339
vt 0.727599 0.107337
vt 0.727424 0.107164
vt 0.710916 0.090857
vt 0.710548 0.090612
vt 0.727250 0.107338
vt 0.727452 0.107485
vt 0.710498 0.090798
vt 0.710299 0.090635
vt 0.809126 0.354970
vt 0.776883 0.384173
vt 0.776760 0.383768
vt 0.808993 0.354638
vt 0.776531 0.384509
vt 0.776419 0.384061
vt 0.776386 0.297989
vt 0.808727 0.297850
vt 0.809332 0.354751
vt 0.809299 0.354452
vt 0.776036 0.297991
vt 0.808488 0.241301
vt 0.776154 0.241430
vt 0.809058 0.297848
vt 0.775803 0.241432
vt 0.808820 0.241299
vt 0.808266 0.184767
vt 0.775943 0.184886
vt 0.775592 0.184887
vt 0.808597 0.184766
vt 0.775653 0.099198
vt 0.808068 0.127815
vt 0.775308 0.098897
vt 0.808376 0.128000
vt 0.808289 0.127418
vt 0.775771 0.098785
vt 0.775208 0.098497
vt 0.808425 0.127687
vt 0.747341 0.354889
vt 0.776087 0.384019
vt 0.775625 0.384057
vt 0.747229 0.355230
vt 0.775690 0.297992
vt 0.747096 0.298115
vt 0.776114 0.384410
vt 0.747004 0.355029
vt 0.775458 0.241433
vt 0.746866 0.241544
vt 0.775710 0.384506
vt 0.775129 0.384175
vt 0.775248 0.184888
vt 0.746666 0.184986
vt 0.746490 0.128259
vt 0.774979 0.098927
vt 0.774519 0.098900
vt 0.838252 0.354310
vt 0.838603 0.354307
vt 0.838544 0.354685
vt 0.838163 0.354655
vt 0.838352 0.297721
vt 0.837999 0.297723
vt 0.838315 0.355072
vt 0.837926 0.354982
vt 0.809680 0.354429
vt 0.809681 0.354766
vt 0.809426 0.297847
vt 0.837756 0.241179
vt 0.838107 0.241177
vt 0.810183 0.398782
vt 0.809878 0.398454
vt 0.809683 0.355103
vt 0.809363 0.354775
vt 0.809188 0.241298
vt 0.837525 0.184650
vt 0.837875 0.184648
vt 0.809303 0.355116
vt 0.808966 0.184764
vt 0.837646 0.127886
vt 0.837300 0.127882
vt 0.809551 0.398603
vt 0.808760 0.128023
vt 0.837573 0.127506
vt 0.837205 0.127541
vt 0.808755 0.127683
vt 0.837297 0.127135
vt 0.836882 0.127137
vt 0.809024 0.127285
vt 0.832912 0.121905
vt 0.833156 0.121810
vt 0.808855 0.127287
vt 0.813302 0.122045
vt 0.832817 0.121687
vt 0.833021 0.121665
vt 0.812990 0.121985
vt 0.808854 0.126717
vt 0.813440 0.121812
vt 0.812859 0.121835
vt 0.813192 0.121703
vt 0.808098 0.084318
vt 0.807769 0.084182
vt 0.813089 0.121416
vt 0.812396 0.090304
vt 0.812666 0.090716
vt 0.812514 0.090076
vt 0.808455 0.084092
vt 0.812780 0.090484
vt 0.741192 0.120857
vt 0.741248 0.121268
vt 0.813511 0.097796
vt 0.727774 0.107510
vt 0.813305 0.097833
vt 0.777112 0.384530
vt 0.776734 0.384899
vt 0.807997 0.083841
vt 0.808400 0.084028
vt 0.832803 0.097993
vt 0.833033 0.097941
vt 0.833049 0.121451
vt 0.832796 0.121433
vt 0.832936 0.097690
vt 0.813512 0.098042
vt 0.813489 0.121581
vt 0.833268 0.121560
vt 0.813267 0.098041
vt 0.813252 0.121424
vt 0.832649 0.097750
vt 0.727600 0.107685
vn 0.495084 0.517621 0.697825
vn 0.495084 0.517621 0.697825
vn 0.495084 0.517621 0.697825
vn 0.495084 0.517621 0.697825
vn 0.065494 0.714479 0.696585
vn 0.065494 0.714479 0.696585
vn 0.065494 0.714479 0.696585
vn 0.065494 0.714479 0.696585
vn 0.644787 0.432638 0.630138
vn 0.644787 0.432638 0.630138
vn 0.644787 0.432638 0.630138
vn 0.644787 0.432638 0.630138
vn 0.331343 0.885950 0.324507
vn 0.331343 0.885950 0.324507
vn 0.331343 0.885950 0.324507
vn 0.331343 0.885950 0.324507
vn -0.186109 -0.342072 0.921059
vn -0.186110 -0.342072 0.921059
vn -0.186110 -0.342072 0.921059
vn -0.186110 -0.342072 0.921059
vn -0.786373 0.115160 0.606923
vn -0.786373 0.115160 0.606923
vn -0.786373 0.115160 0.606923
vn -0.786373 0.115160 0.606923
vn 0.756402 0.363342 0.543910
vn 0.756402 0.363342 0.543910
vn 0.756402 0.363342 0.543910
vn 0.756403 0.363342 0.543910
vn 0.493860 0.845974 0.201073
vn 0.493860 0.845974 0.201073
vn 0.493860 0.845974 0.201073
vn 0.493860 0.845974 0.201073
vn 0.921156 0.363355 0.139444
vn 0.921156 0.363355 0.139444
vn 0.921156 0.363355 0.139444
vn 0.921156 0.363355 0.139444
vn 0.610385 -0.156920 0.776406
vn 0.610385 -0.156920 0.776406
vn 0.610385 -0.156920 0.776406
vn 0.610385 -0.156920 0.776406
vn 0.715349 0.004701 0.698751
vn 0.715349 0.004701 0.698751
vn 0.715349 0.004701 0.698751
vn 0.835287 0.003728 0.549802
vn 0.835287 0.003728 0.549802
vn 0.835287 0.003728 0.549802
vn 0.835287 0.003728 0.549802
vn 0.174810 -0.564531 0.806688
vn 0.174810 -0.564531 0.806688
vn 0.174810 -0.564531 0.806688
vn 0.174810 -0.564531 0.806688
vn 0.980417 0.001386 0.196929
vn 0.980417 0.001386 0.196929
vn 0.980417 0.001386 0.196929
vn 0.980417 0.001386 0.196929
vn 0.408796 0.912626 -0.000016
vn 0.408796 0.912626 -0.000016
vn 0.408796 0.912626 -0.000016
vn 0.408796 0.912626 -0.000016
vn 0.915604 0.402082 0.000091
vn 0.915604 0.402082 0.000091
vn 0.915604 0.402082 0.000091
vn 0.915604 0.402082 0.000091
vn -0.411638 -0.605518 0.681104
vn -0.411638 -0.605518 0.681104
vn -0.411638 -0.605518 0.681104
vn -0.411638 -0.605518 0.681104
vn -0.908917 -0.276795 0.311855
vn -0.908917 -0.276795 0.311855
vn -0.908917 -0.276795 0.311855
vn -0.908917 -0.276795 0.311855
vn 0.699794 -0.316471 0.640417
vn 0.699794 -0.316471 0.640417
vn 0.699794 -0.316471 0.640417
vn 0.699794 -0.316471 0.640417
vn 0.888608 -0.382490 0.253134
vn 0.888608 -0.382490 0.253134
vn 0.888608 -0.382490 0.253134
vn 0.888608 -0.382490 0.253134
vn -0.437824 0.899061 0.000093
vn -0.437824 0.899061 0.000093
vn -0.437824 0.899061 0.000093
vn -0.437824 0.899061 0.000093
vn 0.287724 -0.734765 0.614276
vn 0.287724 -0.734765 0.614276
vn 0.287724 -0.734765 0.614276
vn 0.287724 -0.734765 0.614276
vn -0.000033 -0.664285 0.747480
vn -0.000033 -0.664285 0.747480
vn -0.000033 -0.664285 0.747480
vn -0.892576 0.450897 0.000103
vn -0.892576 0.450897 0.000103
vn -0.892576 0.450897 0.000103
vn -0.892576 0.450897 0.000103
vn 0.361640 -0.901750 0.236778
vn 0.361640 -0.901750 0.236778
vn 0.361640 -0.901750 0.236778
vn 0.361640 -0.901750 0.236778
vn -0.000099 -0.882824 0.469704
vn -0.000099 -0.882824 0.469705
vn -0.000099 -0.882824 0.469705
vn -0.000099 -0.882824 0.469705
vn -0.000042 -0.987162 0.159723
vn -0.000042 -0.987162 0.159723
vn -0.000042 -0.987162 0.159723
vn -0.000042 -0.987162 0.159723
vn 0.922213 -0.386683 -0.000034
vn 0.922213 -0.386683 -0.000034
vn 0.922213 -0.386683 -0.000034
vn 0.922213 -0.386683 -0.000034
vn 0.378728 -0.925508 -0.000026
vn 0.378728 -0.925508 -0.000026
vn 0.378728 -0.925508 -0.000026
vn 0.378728 -0.925508 -0.000026
vn -0.387043 -0.797857 0.462193
vn -0.387044 -0.797857 0.462193
vn -0.387043 -0.797856 0.462193
vn -0.387043 -0.797856 0.462193
vn -0.849136 -0.501488 0.165767
vn -0.849136 -0.501488 0.165767
vn -0.849136 -0.501488 0.165767
vn -0.849136 -0.501487 0.165767
vn -0.386974 -0.916162 0.104398
vn -0.386974 -0.916162 0.104398
vn -0.386974 -0.916162 0.104398
vn -0.386974 -0.916162 0.104398
vn 0.000000 1.000000 0.000000
vn 0.000000 1.000000 0.000000
vn 0.000000 1.000000 0.000000
vn 0.000000 1.000000 0.000000
vn -0.912885 -0.408217 -0.000023
vn -0.912885 -0.408217 -0.000023
vn -0.912885 -0.408217 -0.000023
vn -0.912885 -0.408217 -0.000023
vn -0.418241 -0.908336 0.000107
vn -0.418241 -0.908336 0.000107
vn -0.418241 -0.908336 0.000107
vn -0.418241 -0.908336 0.000107
vn 1.000000 0.000000 -0.000000
vn 1.000000 0.000000 -0.000000
vn 1.000000 0.000000 -0.000000
vn 1.000000 0.000000 -0.000000
vn 0.923223 -0.384264 -0.000002
vn 0.923223 -0.384264 -0.000002
vn 0.923223 -0.384264 -0.000002
vn 0.923223 -0.384264 -0.000002
vn -0.414680 0.909967 -0.000000
vn -0.414680 0.909967 -0.000000
vn -0.414680 0.909967 -0.000000
vn -0.414680 0.909967 -0.000000
vn 0.381143 -0.924516 0.000004
vn 0.381143 -0.924516 0.000004
vn 0.381143 -0.924516 0.000004
vn 0.381143 -0.924516 0.000004
vn -0.907035 0.421055 -0.000005
vn -0.907035 0.421055 -0.000005
vn -0.907035 0.421055 -0.000005
vn -0.907035 0.421055 -0.000005
vn -1.000000 0.000000 0.000000
vn -1.000000 0.000000 0.000000
vn -1.000000 0.000000 0.000000
vn -1.000000 0.000000 0.000000
vn -0.916596 -0.399815 -0.000005
vn -0.916596 -0.399815 -0.000005
vn -0.916596 -0.399815 -0.000005
vn -0.916596 -0.399815 -0.000005
vn -0.406204 -0.913782 -0.000008
vn -0.406204 -0.913782 -0.000008
vn -0.406204 -0.913782 -0.000008
vn -0.406204 -0.913782 -0.000008
vn 0.000000 -1.000000 0.000000
vn 0.000000 -1.000000 0.000000
vn 0.000000 -1.000000 0.000000
vn 0.000000 -1.000000 0.000000
vn 0.399619 0.916682 0.000000
vn 0.399619 0.916682 0.000000
vn 0.399619 0.916682 0.000000
vn 0.399619 0.916682 0.000000
vn 0.918323 0.395831 0.000000
vn 0.918323 0.395831 0.000000
vn 0.918323 0.395831 0.000000
vn 0.918323 0.395831 0.000000
vn 0.924159 -0.382007 -0.000002
vn 0.924159 -0.382007 -0.000002
vn 0.924159 -0.382007 -0.000002
vn 0.924159 -0.382008 -0.000002
vn -0.416885 0.908959 -0.000000
vn -0.416885 0.908959 -0.000000
vn -0.416885 0.908959 -0.000000
vn -0.416885 0.908959 -0.000000
vn 0.383252 -0.923644 0.000004
vn 0.383252 -0.923644 0.000004
vn 0.383252 -0.923644 0.000004
vn 0.383252 -0.923644 0.000004
vn -0.907287 0.420511 -0.000006
vn -0.907287 0.420511 -0.000006
vn -0.907287 0.420511 -0.000006
vn -0.907287 0.420511 -0.000006
vn 1.000000 0.000000 0.000000
vn 1.000000 0.000000 0.000000
vn 1.000000 0.000000 0.000000
vn 1.000000 0.000000 0.000000
vn 0.000000 1.000000 0.000000
vn 0.000000 1.000000 0.000000
vn 0.000000 1.000000 0.000000
vn 0.000000 1.000000 0.000000
vn 0.408796 0.912626 0.000016
vn 0.408796 0.912626 0.000016
vn 0.408796 0.912626 0.000016
vn 0.408796 0.912626 0.000016
vn 0.915593 0.402107 -0.000091
vn 0.915593 0.402107 -0.000091
vn 0.915593 0.402107 -0.000091
vn 0.915593 0.402107 -0.000091
vn -0.915916 -0.401371 -0.000005
vn -0.915916 -0.401371 -0.000005
vn -0.915916 -0.401371 -0.000005
vn -0.915916 -0.401371 -0.000005
vn -0.404941 -0.914343 -0.000008
vn -0.404941 -0.914343 -0.000008
vn -0.404941 -0.914343 -0.000008
vn -0.404941 -0.914343 -0.000008
vn 0.924968 -0.380046 0.000030
vn 0.924968 -0.380046 0.000030
vn 0.924968 -0.380046 0.000030
vn 0.924968 -0.380046 0.000030
vn 0.385164 -0.922848 0.000035
vn 0.385164 -0.922848 0.000035
vn 0.385164 -0.922848 0.000035
vn 0.385164 -0.922848 0.000035
vn 0.921152 0.363355 -0.139470
vn 0.921152 0.363355 -0.139470
vn 0.921152 0.363355 -0.139470
vn 0.921152 0.363355 -0.139470
vn 0.493851 0.845965 -0.201133
vn 0.493851 0.845965 -0.201133
vn 0.493851 0.845965 -0.201133
vn 0.493851 0.845965 -0.201133
vn 0.660159 0.388123 -0.643080
vn 0.728632 0.261933 -0.632840
vn 0.714709 0.027639 -0.698876
vn 0.712858 0.068244 -0.697980
vn -0.445900 0.895083 -0.000093
vn -0.445900 0.895083 -0.000093
vn -0.445900 0.895083 -0.000093
vn -0.445900 0.895083 -0.000093
vn -0.893564 0.448936 -0.000115
vn -0.893564 0.448936 -0.000115
vn -0.893564 0.448936 -0.000115
vn -0.893564 0.448936 -0.000115
vn 0.980498 0.001370 -0.196527
vn 0.980497 0.001370 -0.196527
vn 0.980497 0.001370 -0.196527
vn 0.980498 0.001370 -0.196527
vn 0.410839 -0.360021 -0.837613
vn 0.679928 -0.003223 -0.733271
vn 0.667538 0.000442 -0.744576
vn 0.584051 -0.096796 -0.805925
vn 0.000000 -1.000000 0.000000
vn 0.000000 -1.000000 0.000000
vn 0.000000 -1.000000 0.000000
vn 0.000000 -1.000000 0.000000
vn -1.000000 0.000000 -0.000000
vn -1.000000 0.000000 -0.000000
vn -1.000000 0.000000 -0.000000
vn -1.000000 0.000000 -0.000000
vn 0.332246 0.885314 -0.325318
vn 0.332246 0.885314 -0.325318
vn 0.332246 0.885314 -0.325318
vn 0.332246 0.885314 -0.325318
vn 0.709086 0.053872 -0.703061
vn 0.658753 0.390318 -0.643192
vn -0.414398 -0.910096 -0.000124
vn -0.414397 -0.910096 -0.000124
vn -0.414397 -0.910096 -0.000124
vn -0.414397 -0.910096 -0.000124
vn -0.910796 -0.412857 0.000014
vn -0.910796 -0.412857 0.000014
vn -0.910796 -0.412857 0.000014
vn -0.910796 -0.412857 0.000014
vn 0.892896 -0.373572 -0.251358
vn 0.892896 -0.373572 -0.251358
vn 0.892896 -0.373572 -0.251358
vn 0.892896 -0.373572 -0.251358
vn 0.370046 -0.897500 -0.239917
vn 0.370045 -0.897500 -0.239917
vn 0.370045 -0.897500 -0.239917
vn 0.370046 -0.897500 -0.239917
vn 0.399631 0.916676 0.000000
vn 0.399631 0.916676 0.000000
vn 0.399631 0.916676 0.000000
vn 0.399631 0.916676 0.000000
vn 0.918323 0.395831 0.000000
vn 0.918323 0.395831 0.000000
vn 0.918323 0.395831 0.000000
vn 0.918323 0.395831 0.000000
vn -0.000080 -0.987205 -0.159458
vn -0.000080 -0.987205 -0.159458
vn -0.000080 -0.987205 -0.159458
vn -0.000080 -0.987205 -0.159458
vn -0.383002 -0.918259 -0.100547
vn -0.383002 -0.918259 -0.100547
vn -0.383002 -0.918259 -0.100547
vn -0.383002 -0.918259 -0.100547
vn -0.846786 -0.506529 -0.162423
vn -0.846786 -0.506529 -0.162423
vn -0.846786 -0.506529 -0.162423
vn -0.846786 -0.506529 -0.162423
vn 0.501037 0.327183 -0.801195
vn 0.374008 -0.448222 -0.811921
vn 0.501037 0.327183 -0.801195
vn 0.054469 0.699566 -0.712489
vn 0.054469 0.699566 -0.712489
vn 0.054469 0.699566 -0.712489
vn 0.054469 0.699566 -0.712489
vn -0.909675 -0.275650 -0.310659
vn -0.909675 -0.275650 -0.310659
vn -0.909675 -0.275650 -0.310659
vn -0.909675 -0.275650 -0.310659
vn -0.057961 -0.338811 -0.939067
vn -0.058572 -0.653444 -0.754705
vn -0.057961 -0.338811 -0.939068
vn -0.794183 0.106476 -0.598278
vn -0.794183 0.106476 -0.598278
vn -0.794183 0.106476 -0.598278
vn -0.794183 0.106476 -0.598278
vn 1.000000 0.000000 0.000000
vn 1.000000 0.000000 0.000000
vn 1.000000 0.000000 0.000000
vn 1.000000 0.000000 0.000000
vn 0.000000 1.000000 0.000000
vn 0.000000 1.000000 0.000000
vn 0.000000 1.000000 0.000000
vn 0.000000 1.000000 0.000000
vn 0.000000 -1.000000 0.000000
vn 0.000000 -1.000000 0.000000
vn 0.000000 -1.000000 0.000000
vn 0.000000 -1.000000 0.000000
vn -1.000000 0.000000 -0.000000
vn -1.000000 0.000000 -0.000000
vn -1.000000 0.000000 -0.000000
vn -1.000000 0.000000 -0.000000
vn 1.000000 0.000000 0.000000
vn 1.000000 0.000000 0.000000
vn 1.000000 0.000000 0.000000
vn 1.000000 0.000000 0.000000
vn 0.000000 1.000000 -0.000000
vn 0.000000 1.000000 -0.000000
vn 0.000000 1.000000 -0.000000
vn 0.000000 1.000000 -0.000000
vn 0.000000 -1.000000 0.000000
vn 0.000000 -1.000000 0.000000
vn 0.000000 -1.000000 0.000000
vn 0.000000 -1.000000 0.000000
vn -1.000000 0.000001 -0.000000
vn -1.000000 0.000001 -0.000000
vn -1.000000 0.000001 -0.000000
vn -1.000000 0.000001 -0.000000
vn 0.128490 -0.616056 -0.777152
vn 0.005636 -0.727786 -0.685781
vn 0.007920 -0.702297 -0.711840
vn -0.044747 -0.723805 -0.688552
vn -0.300392 -0.721377 -0.624003
vn -0.393370 -0.614612 -0.683749
vn -0.073307 -0.657245 -0.750103
vn 0.681562 -0.002086 -0.731757
vn 0.703724 -0.026534 -0.709978
vn 0.681814 -0.001222 -0.731525
vn 0.712680 -0.063097 -0.698646
vn 0.002395 -0.007444 -0.999969
vn 0.415094 -0.009131 -0.909733
vn 0.399960 -0.009270 -0.916486
vn 0.002182 -0.007527 -0.999969
vn 0.680676 -0.002719 -0.732580
vn 0.025594 -0.998184 -0.054530
vn 0.017988 -0.918460 -0.395104
vn 0.004311 -0.926810 -0.375505
vn 0.013119 -0.999787 -0.015961
vn -0.001242 -0.346818 -0.937932
vn 0.003707 -0.008576 -0.999956
vn -0.000089 -0.348015 -0.937489
vn 0.657040 -0.380991 -0.650495
vn 0.608112 -0.519597 -0.600183
vn 0.711971 -0.064968 -0.699197
vn 0.233283 -0.939385 -0.251267
vn 0.049391 -0.998334 -0.029815
vn 0.999924 -0.008234 -0.009124
vn 0.930851 -0.003349 -0.365385
vn 0.923736 -0.015627 -0.382710
vn 0.998203 -0.022458 -0.055561
vn 0.348517 -0.004408 -0.937292
vn 0.002259 -0.007724 -0.999968
vn 0.347519 -0.003491 -0.937667
vn 0.417562 -0.908605 -0.008867
vn 0.705042 -0.709014 -0.014696
vn 0.910805 -0.412800 -0.005516
vn 0.999159 -0.035116 -0.021176
vn 0.006785 -0.695657 -0.718342
vn 0.402764 -0.370544 -0.836946
vn 0.008339 -0.425014 -0.905148
vn 0.008207 -0.439720 -0.898098
vn 0.006052 -0.696439 -0.717591
vn 0.061493 -0.652607 -0.755198
vn 0.505985 -0.553959 -0.661142
vn 0.346299 -0.600827 -0.720475
vn 0.059325 -0.653515 -0.754585
vn 0.937757 -0.213841 -0.273650
vn 0.427060 -0.452617 -0.782788
vn 0.021246 -0.707605 -0.706289
vn 0.005221 -0.704392 -0.709792
vn 0.497487 -0.143274 -0.855558
vn 0.273155 -0.703638 -0.655957
vn 0.322538 -0.323903 -0.889414
vn 0.887504 -0.323472 -0.328180
vn 0.326850 -0.885157 -0.331159
vn 0.291100 -0.306513 -0.906262
vn 0.582625 -0.599446 -0.548829
vn 0.121170 -0.517363 -0.847144
vn 0.699428 -0.282004 -0.656715
vn 0.671626 0.006024 -0.740866
vn -0.001711 -0.732096 -0.681199
vn -0.213012 -0.790972 -0.573576
vn -0.396994 -0.609910 -0.685861
s off
g all Sunmao_003 hengliang_002
usemtl layeredShader1SG
f 1995/2664/6307 1993/2665/6308 1994/2656/6309 1996/2660/6310
f 1996/2660/6311 1994/2656/6312 1997/2655/6313 2000/2631/6314
f 1998/2560/6315 1994/2566/6316 1993/2567/6317 2002/2561/6318
f 1999/2654/6319 1997/2655/6320 1994/2656/6321 1998/2657/6322
f 2001/2727/6323 1995/2728/6324 1996/2630/6325 2003/2627/6326
f 2003/2627/6327 1996/2630/6328 2000/2631/6329 2008/2628/6330
f 2004/2556/6331 1998/2560/6332 2002/2561/6333 2005/2557/6334
f 1999/2654/6335 1998/2657/6336 2004/2661/6337 2006/2559/6338
f 2004/2556/6339 2005/2557/6340 2007/2558/6341 2006/2559/6342
f 1993/2567/6343 1995/2579/6344 2009/2574/6345 2010/2568/6346
f 2002/2561/6347 1993/2567/6348 2010/2568/6349
f 2005/2557/6350 2002/2561/6351 2010/2568/6352 2012/2562/6353
f 1995/2684/6354 2001/2685/6355 2011/2678/6356 2009/2677/6357
f 2007/2558/6358 2005/2557/6359 2012/2562/6360 2013/2563/6361
f 2014/2659/6362 1999/2654/6363 2006/2559/6364 2015/2564/6365
f 2015/2564/6366 2006/2559/6367 2007/2558/6368 2023/2565/6369
f 2001/2685/6370 2003/2695/6371 2016/2691/6372 2021/2686/6373
f 2016/2626/6374 2003/2627/6375 2008/2628/6376 2025/2629/6377
f 2012/2562/6378 2010/2568/6379 2009/2574/6380 2017/2569/6381
f 2013/2563/6382 2012/2562/6383 2017/2569/6384 2019/2570/6385
f 2018/2636/6386 2000/2631/6387 1997/2655/6388 2029/2658/6389
f 2020/2674/6390 2017/2673/6391 2009/2677/6392 2011/2678/6393
f 2011/2678/6394 2001/2685/6395 2021/2686/6396
f 2008/2628/6397 2000/2631/6398 2018/2636/6399 2031/2632/6400
f 2022/2671/6401 2019/2672/6402 2017/2673/6403 2020/2674/6404
f 2024/2680/6405 2020/2674/6406 2011/2678/6407 2021/2686/6408
f 2026/2679/6409 2022/2671/6410 2020/2674/6411 2024/2680/6412
f 2027/2571/6413 2013/2563/6414 2019/2570/6415 2028/2575/6416
f 2028/2675/6417 2019/2672/6418 2022/2671/6419 2033/2676/6420
f 2021/2686/6421 2016/2691/6422 2030/2687/6423 2024/2680/6424
f 2030/2634/6425 2016/2626/6426 2025/2629/6427 2032/2635/6428
f 2026/2679/6429 2024/2680/6430 2030/2687/6431 2032/2635/6432
f 2029/2658/6433 1997/2655/6434 1999/2654/6435 2014/2659/6436
f 2032/2635/6437 2025/2629/6438 2034/2633/6439 2036/2639/6440
f 2035/2681/6441 2026/2679/6442 2032/2635/6443 2036/2639/6444
f 2013/2563/6445 2027/2571/6446 2023/2565/6447 2007/2558/6448
f 2027/2571/6449 2028/2575/6450 2037/2580/6451 2041/2576/6452
f 2018/2636/6453 2029/2658/6454 2038/2662/6455 2040/2640/6456
f 2028/2675/6457 2033/2676/6458 2039/2682/6459 2037/2683/6460
f 2031/2632/6461 2018/2636/6462 2040/2640/6463 2042/2638/6464
f 2031/2632/6465 2034/2633/6466 2025/2629/6467 2008/2628/6468
f 2036/2639/6469 2034/2633/6470 2043/2637/6471 2044/2641/6472
f 2035/2681/6473 2036/2639/6474 2044/2641/6475 2045/2688/6476
f 2022/2671/6477 2026/2679/6478 2035/2681/6479 2033/2676/6480
f 2046/2663/6481 2014/2659/6482 2015/2564/6483 2047/2572/6484
f 2047/2572/6485 2015/2564/6486 2023/2565/6487 2048/2573/6488
f 2041/2576/6489 2037/2580/6490 2049/2584/6491 2053/2581/6492
f 2040/2640/6493 2038/2662/6494 2050/2666/6495 2052/2644/6496
f 2037/2683/6497 2039/2682/6498 2051/2689/6499 2049/2690/6500
f 2042/2638/6501 2040/2640/6502 2052/2644/6503 2054/2643/6504
f 2027/2571/6505 2041/2576/6506 2048/2573/6507 2023/2565/6508
f 2038/2662/6509 2029/2658/6510 2014/2659/6511 2046/2663/6512
f 2057/2667/6513 2055/2577/6514 2056/2582/6515 2062/2668/6516
f 2056/2582/6517 2055/2577/6518 2058/2578/6519 2061/2583/6520
f 2044/2641/6521 2043/2637/6522 2059/2642/6523 2060/2645/6524
f 2045/2688/6525 2044/2641/6526 2060/2645/6527 2063/2692/6528
f 2064/2585/6529 2053/2581/6530 2049/2584/6531 2065/2588/6532
f 2065/2693/6533 2049/2690/6534 2051/2689/6535 2072/2694/6536
f 2066/2586/6537 2056/2582/6538 2061/2583/6539 2067/2587/6540
f 2062/2668/6541 2056/2582/6542 2066/2586/6543 2068/2594/6544
s 1
f 2068/2594/6545 2066/2586/6546 2126/2590/6547 2136/2595/6548
s off
f 2069/2648/6549 2052/2644/6550 2050/2666/6551 2080/2669/6552
f 2070/2646/6553 2054/2643/6554 2052/2644/6555 2069/2648/6556
f 2071/2589/6557 2067/2587/6558 2061/2583/6559 2064/2585/6560
s 1
f 2073/2598/6561 2132/2593/6562 2071/2589/6563 2078/2592/6564
s off
f 2039/2682/6565 2033/2676/6566 2035/2681/6567 2045/2688/6568
f 2043/2637/6569 2034/2633/6570 2031/2632/6571 2042/2638/6572
f 2062/2668/6573 2068/2594/6574 2074/2670/6575 2080/2669/6576
s 1
f 2068/2594/6545 2136/2595/6548 2075/2601/6577 2074/2602/6578
s off
f 2076/2696/6579 2063/2692/6580 2060/2645/6581 2077/2649/6582
f 2077/2649/6583 2060/2645/6584 2059/2642/6585 2081/2647/6586
f 2078/2592/6587 2071/2589/6588 2064/2585/6589 2065/2588/6590
f 2078/2697/6591 2065/2693/6592 2072/2694/6593 2079/2698/6594
f 2057/2667/6595 2046/2663/6596 2047/2572/6597 2055/2577/6598
f 2055/2577/6599 2047/2572/6600 2048/2573/6601 2058/2578/6602
f 2079/2698/6603 2072/2694/6604 2076/2696/6605 2082/2699/6606
f 2076/2696/6607 2077/2649/6608 2083/2653/6609 2082/2699/6610
f 2083/2653/6611 2077/2649/6612 2081/2647/6613 2084/2650/6614
s 1
f 2074/2602/6615 2075/2601/6577 2125/2609/6616 2085/2610/6617
s off
f 2080/2669/6618 2074/2670/6619 2085/2652/6620 2069/2648/6621
f 2084/2650/6622 2081/2647/6623 2070/2646/6624 2087/2651/6625
s 1
f 2085/2729/6626 2125/2730/6616 2086/2714/6627 2087/2715/6628
s off
f 2069/2648/6629 2085/2652/6630 2087/2651/6631 2070/2646/6632
f 2041/2576/6633 2053/2581/6634 2058/2578/6635 2048/2573/6636
f 2050/2666/6637 2038/2662/6638 2046/2663/6639 2057/2667/6640
f 2051/2689/6641 2039/2682/6642 2045/2688/6643 2063/2692/6644
f 2059/2642/6645 2043/2637/6646 2042/2638/6647 2054/2643/6648
f 2064/2585/6649 2061/2583/6650 2058/2578/6651 2053/2581/6652
f 2050/2666/6653 2057/2667/6654 2062/2668/6655 2080/2669/6656
f 2072/2694/6657 2051/2689/6658 2063/2692/6659 2076/2696/6660
f 2054/2643/6661 2070/2646/6662 2081/2647/6663 2059/2642/6664
s 1
f 2073/2700/6561 2078/2697/6665 2079/2698/6666 2133/2701/6667
f 2088/2705/6668 2083/2653/6669 2084/2650/6670 2134/2710/6671
f 2090/2596/6672 2089/2597/6673 2126/2590/6547 2137/2591/6674
f 2126/2590/6547 2089/2597/6673 2096/2600/6675 2136/2595/6548
f 2092/2731/6676 2091/2732/6677 2107/2733/6678 2106/2734/6679
f 2091/2603/6677 2090/2596/6672 2108/2599/6680 2107/2606/6678
f 2094/2722/6681 2093/2723/6682 2101/2742/6683 2100/2725/6684
f 2093/2741/6685 2092/2731/6676 2102/2736/6686 2101/2724/6687
f 2096/2600/6675 2095/2607/6688 2109/2611/6689 2116/2608/6690
f 2095/2607/6691 2094/2722/6681 2110/2614/6692 2109/2611/6689
f 2098/2619/6693 2097/2622/6694 2121/2624/6695 2120/2620/6696
f 2097/2739/6697 2102/2736/6686 2122/2737/6698 2121/2740/6699
f 2100/2725/6684 2099/2618/6700 2111/2615/6701 2110/2614/6692
f 2099/2618/6702 2098/2619/6693 2112/2616/6703 2111/2615/6701
f 2104/2703/6704 2103/2704/6705 2073/2700/6561 2133/2701/6667
f 2073/2598/6561 2103/2605/6705 2108/2599/6680 2132/2593/6562
f 2106/2734/6679 2105/2707/6706 2123/2711/6707 2122/2737/6698
f 2105/2707/6706 2104/2703/6704 2124/2706/6708 2123/2711/6707
f 2114/2717/6709 2113/2718/6710 2119/2716/6711 2118/2712/6712
f 2113/2617/6710 2112/2616/6703 2120/2620/6696 2119/2621/6713
f 2116/2608/6690 2115/2612/6714 2125/2609/6616 2075/2601/6577
f 2115/2719/6714 2114/2717/6709 2086/2714/6627 2125/2720/6616
f 2118/2712/6712 2117/2709/6715 2088/2705/6668 2134/2710/6671
f 2088/2705/6668 2117/2709/6715 2124/2706/6708 2135/2702/6716
f 2094/2722/6681 2100/2725/6684 2110/2614/6692
f 2116/2608/6690 2075/2601/6577 2136/2595/6548 2096/2600/6675
f 2102/2736/6686 2092/2731/6676 2106/2734/6679 2122/2737/6698
f 2112/2616/6703 2098/2619/6693 2120/2620/6696
f 2095/2607/6688 2096/2600/6675 2089/2597/6673 2127/2604/6717
f 2089/2597/6673 2090/2596/6672 2091/2603/6677 2127/2604/6717
f 2091/2732/6677 2092/2731/6676 2093/2741/6685 2127/2735/6717
f 2093/2723/6682 2094/2722/6681 2095/2607/6691 2127/2604/6718
f 2101/2724/6687 2102/2736/6686 2097/2739/6697 2128/2726/6719
f 2097/2622/6694 2098/2619/6693 2099/2618/6702 2128/2623/6720
f 2099/2618/6700 2100/2725/6684 2101/2742/6683 2128/2623/6721
f 2107/2733/6678 2108/2738/6680 2103/2704/6705 2129/2708/6722
f 2103/2704/6705 2104/2703/6704 2105/2707/6706 2129/2708/6722
f 2105/2707/6706 2106/2734/6679 2107/2733/6678 2129/2708/6722
f 2115/2612/6714 2116/2608/6690 2109/2611/6689 2130/2613/6723
f 2109/2611/6689 2110/2614/6692 2111/2615/6701 2130/2613/6723
f 2111/2615/6701 2112/2616/6703 2113/2617/6710 2130/2613/6723
f 2113/2718/6710 2114/2717/6709 2115/2719/6714 2130/2721/6723
f 2123/2711/6707 2124/2706/6708 2117/2709/6715 2131/2713/6724
f 2117/2709/6715 2118/2712/6712 2119/2716/6711 2131/2713/6724
f 2119/2621/6713 2120/2620/6696 2121/2624/6695 2131/2625/6725
f 2121/2740/6699 2122/2737/6698 2123/2711/6707 2131/2713/6724
f 2132/2593/6562 2108/2599/6680 2090/2596/6672 2137/2591/6674
f 2071/2589/6563 2132/2593/6562 2137/2591/6674 2067/2587/6726
f 2088/2705/6668 2135/2702/6716 2082/2699/6727 2083/2653/6728
f 2086/2714/6627 2134/2710/6671 2084/2650/6670 2087/2715/6729
f 2118/2712/6712 2134/2710/6671 2086/2714/6627 2114/2717/6709
f 2104/2703/6704 2133/2701/6667 2135/2702/6716 2124/2706/6708
f 2133/2701/6667 2079/2698/6666 2082/2699/6727 2135/2702/6716
f 2126/2590/6547 2066/2586/6546 2067/2587/6726 2137/2591/6674
g default
v -7.755475 14.429678 7.757079
v -7.761962 14.445754 7.775062
v -7.777424 14.430883 7.781310
v -7.777687 14.440165 7.799351
v -7.761888 14.455470 7.798308
v -6.186269 14.448207 6.235991
v -6.168888 14.455470 6.241052
v -7.764277 14.447098 7.814346
v -7.768690 14.414948 7.797529
v -6.192921 14.429476 6.230779
v -7.768853 14.425570 7.813968
v -6.175241 14.444854 6.225454
v -6.177256 14.429475 6.220510
v -6.159986 14.448206 6.225285
v -6.158875 14.429476 6.216910
v -7.748423 14.430724 7.823320
v -6.255089 12.663415 6.239245
v -6.254420 12.680105 6.230724
v -6.255817 12.656511 6.259838
v -6.239052 12.672342 6.220531
v -6.221499 12.669573 6.216910
v -3.079124 14.455470 6.241622
v -3.079124 14.448136 6.224800
v -6.249400 12.662807 7.816339
v -6.239326 12.655108 6.228215
v -3.079124 14.447681 7.815293
v -6.221585 12.652182 6.224232
v -6.240212 12.647995 6.246865
v -6.255623 12.656368 7.797657
v -6.221659 12.644978 6.241910
v -3.079124 14.429833 6.216910
v -6.239309 12.647900 7.797657
v -6.232325 12.669029 7.823320
v -6.221162 12.644978 7.797657
v -3.079124 12.669915 6.216910
v -3.079124 12.652282 6.224274
v -3.079124 14.455470 7.798147
v -6.237508 12.653337 7.813041
v -3.079124 14.430403 7.823320
v -6.222320 12.653855 7.816339
v -3.079124 12.644978 6.242050
v -3.079124 12.669645 7.823320
v -3.079124 12.644978 7.797849
v -3.079124 12.653118 7.816127
v -0.000001 12.652304 6.224247
v -0.000001 14.455470 7.798200
v -0.000001 12.644978 6.241959
v -0.000001 14.447656 7.815292
v -0.000001 12.669990 6.216910
v -0.000001 14.430349 7.823320
v -0.000001 12.669645 7.823320
v -0.000001 12.653115 7.816093
v -0.000001 12.644978 7.797753
v -0.000001 14.455470 6.241622
v -0.000001 14.448136 6.224800
v -0.000001 14.429833 6.216910
v 7.755472 14.429678 7.757079
v 7.761960 14.445754 7.775062
v 7.777421 14.430883 7.781310
v 7.777684 14.440165 7.799351
v 7.761886 14.455470 7.798308
v 6.186267 14.448207 6.235991
v 6.168886 14.455470 6.241052
v 7.764275 14.447098 7.814346
v 7.768687 14.414948 7.797529
v 6.192918 14.429476 6.230779
v 7.768850 14.425570 7.813968
v 6.175239 14.444854 6.225454
v 6.177253 14.429475 6.220510
v 6.159984 14.448206 6.225285
v 6.158872 14.429476 6.216910
v 7.748420 14.430724 7.823320
v 6.254068 12.663415 6.239245
v 6.253400 12.680105 6.230724
v 6.254797 12.656511 6.259838
v 6.238031 12.672342 6.220531
v 6.220479 12.669573 6.216910
v 3.079121 14.455470 6.241622
v 3.079121 14.448136 6.224800
v 6.248380 12.662807 7.816339
v 6.238305 12.655108 6.228215
v 3.079121 14.447681 7.815293
v 6.220565 12.652182 6.224232
v 6.239192 12.647995 6.246865
v 6.254602 12.656368 7.797657
v 6.220639 12.644978 6.241910
v 3.079121 14.429833 6.216910
v 6.238289 12.647900 7.797657
v 6.231305 12.669029 7.823320
v 6.220142 12.644978 7.797657
v 3.079121 12.669915 6.216910
v 3.079121 12.652282 6.224274
v 3.079121 14.455470 7.798147
v 6.236487 12.653337 7.813041
v 3.079121 14.430403 7.823320
v 6.221299 12.653855 7.816339
v 3.079121 12.644978 6.242050
v 3.079121 12.669645 7.823320
v 3.079121 12.644978 7.797849
v 3.079121 12.653118 7.816127
vt 0.666975 0.361124
vt 0.667071 0.361059
vt 0.667061 0.360716
vt 0.666679 0.360737
vt 0.666702 0.361378
vt 0.667075 0.361400
vt 0.699247 0.361035
vt 0.699298 0.360708
vt 0.666649 0.304276
vt 0.667014 0.304276
vt 0.666784 0.401690
vt 0.667115 0.401375
vt 0.699106 0.361372
vt 0.699599 0.361095
vt 0.699644 0.360709
vt 0.699280 0.304265
vt 0.666593 0.247795
vt 0.666958 0.247795
vt 0.699425 0.361500
vt 0.699630 0.304265
vt 0.699288 0.247783
vt 0.667095 0.401973
vt 0.699640 0.247783
vt 0.604738 0.361320
vt 0.604568 0.404838
vt 0.637179 0.389865
vt 0.604869 0.360988
vt 0.604297 0.405178
vt 0.637521 0.390155
vt 0.637086 0.304300
vt 0.604815 0.304336
vt 0.604532 0.361102
vt 0.604563 0.360805
vt 0.637436 0.304300
vt 0.604616 0.247859
vt 0.636961 0.247827
vt 0.604484 0.304336
vt 0.637311 0.247826
vt 0.604284 0.247860
vt 0.666361 0.360901
vt 0.637851 0.390111
vt 0.638311 0.390148
vt 0.666475 0.361239
vt 0.637781 0.304300
vt 0.666312 0.304276
vt 0.666700 0.361037
vt 0.637657 0.247826
vt 0.666255 0.247795
vt 0.575683 0.360831
vt 0.575333 0.360830
vt 0.575395 0.361207
vt 0.575774 0.361175
vt 0.575253 0.304376
vt 0.575605 0.304376
vt 0.575625 0.361591
vt 0.576013 0.361499
vt 0.604183 0.360784
vt 0.604183 0.361120
vt 0.604118 0.304337
vt 0.575335 0.247887
vt 0.575170 0.247935
vt 0.604241 0.404691
vt 0.604184 0.361456
vt 0.604502 0.361127
vt 0.603916 0.247860
vt 0.604563 0.361466
vt 0.603474 0.089911
vt 0.666951 0.093547
vt 0.666618 0.093230
vt 0.637414 0.104500
vt 0.637586 0.104928
vt 0.637254 0.104884
vt 0.666575 0.133778
vt 0.666953 0.133757
vt 0.666255 0.134261
vt 0.666369 0.133921
vt 0.603779 0.090241
vt 0.636792 0.104767
vt 0.636912 0.105175
vt 0.666641 0.134101
vt 0.666953 0.134102
vt 0.666594 0.134123
vt 0.666575 0.134425
vt 0.666952 0.134446
vt 0.666930 0.092945
vt 0.699477 0.133636
vt 0.699156 0.133764
vt 0.699299 0.134104
vt 0.575449 0.133733
vt 0.575059 0.133642
vt 0.699349 0.134433
vt 0.666237 0.191139
vt 0.666574 0.191139
vt 0.666941 0.191139
vt 0.604107 0.090093
vt 0.604159 0.133728
vt 0.603778 0.133739
vt 0.604335 0.133877
vt 0.604467 0.134210
vt 0.699652 0.134043
vt 0.699697 0.134431
vt 0.637241 0.191139
vt 0.637587 0.191140
vt 0.575211 0.134060
vt 0.574828 0.134029
vt 0.636890 0.191139
vt 0.575120 0.134406
vt 0.574768 0.134407
vt 0.603778 0.134078
vt 0.603778 0.134416
vt 0.699324 0.191147
vt 0.699676 0.191147
vt 0.574776 0.191149
vt 0.575130 0.191148
vt 0.604098 0.134069
vt 0.604128 0.134094
vt 0.604159 0.134394
vt 0.604476 0.191143
vt 0.604145 0.191143
vt 0.603776 0.191143
vt 0.699641 0.247784
vt 0.574796 0.247839
vt 0.666592 0.247795
vt 0.666657 0.092674
vt 0.638049 0.104891
vt 0.637061 0.390272
vt 0.637680 0.390537
vt 0.603834 0.089749
vt 0.666828 0.402240
vt 0.603939 0.405020
vn -0.697846 0.517589 -0.495088
vn -0.697846 0.517589 -0.495088
vn -0.697846 0.517589 -0.495088
vn -0.697846 0.517589 -0.495088
vn -0.696537 0.714526 -0.065480
vn -0.696537 0.714526 -0.065480
vn -0.696537 0.714526 -0.065480
vn -0.696537 0.714526 -0.065480
vn -0.630121 0.432628 -0.644810
vn -0.630121 0.432628 -0.644810
vn -0.630121 0.432628 -0.644810
vn -0.630121 0.432628 -0.644810
vn -0.324469 0.885967 -0.331335
vn -0.324469 0.885967 -0.331335
vn -0.324469 0.885967 -0.331335
vn -0.324469 0.885967 -0.331335
vn -0.921062 -0.342102 0.186041
vn -0.921062 -0.342102 0.186041
vn -0.921062 -0.342102 0.186041
vn -0.921062 -0.342102 0.186041
vn -0.606901 0.115173 0.786388
vn -0.606901 0.115173 0.786388
vn -0.606901 0.115173 0.786388
vn -0.606901 0.115173 0.786388
vn -0.543907 0.363368 -0.756392
vn -0.543907 0.363368 -0.756392
vn -0.543907 0.363368 -0.756392
vn -0.543907 0.363368 -0.756392
vn -0.201140 0.845980 -0.493823
vn -0.201140 0.845980 -0.493823
vn -0.201140 0.845980 -0.493823
vn -0.201140 0.845980 -0.493823
vn -0.139475 0.363377 -0.921143
vn -0.139475 0.363377 -0.921143
vn -0.139475 0.363377 -0.921143
vn -0.139475 0.363377 -0.921143
vn -0.781744 -0.142335 -0.607139
vn -0.781744 -0.142335 -0.607139
vn -0.781744 -0.142335 -0.607139
vn -0.781744 -0.142335 -0.607139
vn -0.698546 0.024581 -0.715143
vn -0.698546 0.024581 -0.715143
vn -0.698546 0.024581 -0.715143
vn -0.547004 0.019241 -0.836909
vn -0.547004 0.019241 -0.836909
vn -0.547004 0.019241 -0.836909
vn -0.547004 0.019241 -0.836909
vn -0.814720 -0.555204 -0.167271
vn -0.814720 -0.555204 -0.167271
vn -0.814720 -0.555204 -0.167271
vn -0.814720 -0.555204 -0.167271
vn -0.196484 0.006946 -0.980482
vn -0.196484 0.006946 -0.980482
vn -0.196484 0.006946 -0.980482
vn -0.196484 0.006946 -0.980482
vn 0.000016 0.912612 -0.408826
vn 0.000016 0.912612 -0.408826
vn 0.000016 0.912612 -0.408826
vn 0.000016 0.912612 -0.408826
vn -0.000091 0.402111 -0.915591
vn -0.000091 0.402111 -0.915591
vn -0.000091 0.402111 -0.915591
vn -0.000091 0.402111 -0.915591
vn -0.691753 -0.595431 0.408583
vn -0.691753 -0.595431 0.408583
vn -0.691753 -0.595431 0.408583
vn -0.691753 -0.595431 0.408583
vn -0.314372 -0.270141 0.910052
vn -0.314372 -0.270141 0.910052
vn -0.314372 -0.270141 0.910052
vn -0.314372 -0.270141 0.910052
vn -0.640407 -0.316490 -0.699794
vn -0.640408 -0.316490 -0.699794
vn -0.640408 -0.316490 -0.699794
vn -0.640408 -0.316490 -0.699794
vn -0.253166 -0.382459 -0.888613
vn -0.253166 -0.382459 -0.888613
vn -0.253166 -0.382459 -0.888613
vn -0.253166 -0.382459 -0.888613
vn -0.000093 0.899047 0.437851
vn -0.000093 0.899047 0.437851
vn -0.000093 0.899047 0.437851
vn -0.000093 0.899047 0.437851
vn -0.614247 -0.734775 -0.287762
vn -0.614247 -0.734775 -0.287762
vn -0.614247 -0.734775 -0.287762
vn -0.614247 -0.734775 -0.287762
vn -0.758038 -0.652210 0.000034
vn -0.758038 -0.652210 0.000034
vn -0.758038 -0.652210 0.000034
vn -0.000103 0.450861 0.892594
vn -0.000103 0.450861 0.892594
vn -0.000103 0.450861 0.892594
vn -0.000103 0.450861 0.892594
vn -0.236735 -0.901763 -0.361635
vn -0.236735 -0.901763 -0.361635
vn -0.236735 -0.901763 -0.361635
vn -0.236735 -0.901763 -0.361635
vn -0.469717 -0.882817 0.000099
vn -0.469717 -0.882817 0.000099
vn -0.469717 -0.882817 0.000099
vn -0.469717 -0.882817 0.000099
vn -0.159754 -0.987157 0.000041
vn -0.159754 -0.987157 0.000041
vn -0.159754 -0.987157 0.000041
vn -0.159754 -0.987157 0.000041
vn 0.000033 -0.386681 -0.922214
vn 0.000033 -0.386681 -0.922214
vn 0.000033 -0.386681 -0.922214
vn 0.000033 -0.386681 -0.922214
vn 0.000026 -0.925505 -0.378735
vn 0.000026 -0.925505 -0.378735
vn 0.000026 -0.925505 -0.378735
vn 0.000026 -0.925505 -0.378735
vn -0.462181 -0.797881 0.387007
vn -0.462181 -0.797881 0.387007
vn -0.462181 -0.797881 0.387007
vn -0.462181 -0.797881 0.387007
vn -0.165745 -0.501510 0.849127
vn -0.165745 -0.501510 0.849127
vn -0.165745 -0.501510 0.849127
vn -0.165745 -0.501510 0.849127
vn -0.104346 -0.916162 0.386987
vn -0.104346 -0.916162 0.386987
vn -0.104346 -0.916162 0.386987
vn -0.104346 -0.916162 0.386987
vn 0.000000 1.000000 0.000000
vn 0.000000 1.000000 0.000000
vn 0.000000 1.000000 0.000000
vn 0.000000 1.000000 0.000000
vn 0.000023 -0.408175 0.912904
vn 0.000023 -0.408175 0.912904
vn 0.000023 -0.408175 0.912904
vn 0.000023 -0.408175 0.912904
vn -0.000105 -0.908360 0.418190
vn -0.000105 -0.908360 0.418190
vn -0.000105 -0.908360 0.418190
vn -0.000105 -0.908360 0.418190
vn -0.000000 0.000000 -1.000000
vn -0.000000 0.000000 -1.000000
vn -0.000000 0.000000 -1.000000
vn -0.000000 0.000000 -1.000000
vn 0.000002 -0.384225 -0.923240
vn 0.000002 -0.384225 -0.923240
vn 0.000002 -0.384225 -0.923240
vn 0.000002 -0.384225 -0.923240
vn 0.000000 0.909971 0.414673
vn 0.000000 0.909971 0.414673
vn 0.000000 0.909971 0.414673
vn 0.000000 0.909971 0.414673
vn -0.000004 -0.924534 -0.381099
vn -0.000004 -0.924534 -0.381099
vn -0.000004 -0.924534 -0.381099
vn -0.000004 -0.924534 -0.381099
vn 0.000005 0.421054 0.907035
vn 0.000005 0.421054 0.907035
vn 0.000005 0.421054 0.907035
vn 0.000005 0.421054 0.907035
vn 0.000000 0.000000 1.000000
vn 0.000000 0.000000 1.000000
vn 0.000000 0.000000 1.000000
vn 0.000000 0.000000 1.000000
vn 0.000005 -0.399816 0.916596
vn 0.000005 -0.399816 0.916596
vn 0.000005 -0.399816 0.916596
vn 0.000005 -0.399816 0.916596
vn 0.000008 -0.913799 0.406167
vn 0.000008 -0.913799 0.406167
vn 0.000008 -0.913799 0.406167
vn 0.000008 -0.913799 0.406167
vn 0.000000 -1.000000 0.000000
vn 0.000000 -1.000000 0.000000
vn 0.000000 -1.000000 0.000000
vn 0.000000 -1.000000 0.000000
vn 0.000000 0.916692 -0.399594
vn 0.000000 0.916692 -0.399594
vn 0.000000 0.916692 -0.399594
vn 0.000000 0.916692 -0.399594
vn 0.000000 0.395824 -0.918326
vn 0.000000 0.395824 -0.918326
vn 0.000000 0.395824 -0.918326
vn 0.000000 0.395824 -0.918326
vn -0.000000 0.000000 -1.000000
vn -0.000000 0.000000 -1.000000
vn -0.000000 0.000000 -1.000000
vn -0.000000 0.000000 -1.000000
vn 0.000000 1.000000 0.000000
vn 0.000000 1.000000 0.000000
vn 0.000000 1.000000 0.000000
vn 0.000000 1.000000 0.000000
vn 0.000000 -1.000000 0.000000
vn 0.000000 -1.000000 0.000000
vn 0.000000 -1.000000 0.000000
vn 0.000000 -1.000000 0.000000
vn 0.000000 0.000000 1.000000
vn 0.000000 0.000000 1.000000
vn 0.000000 0.000000 1.000000
vn 0.000000 0.000000 1.000000
vn 0.697837 0.517598 -0.495092
vn 0.697837 0.517598 -0.495092
vn 0.697837 0.517598 -0.495092
vn 0.697837 0.517598 -0.495092
vn 0.696542 0.714522 -0.065479
vn 0.696542 0.714522 -0.065479
vn 0.696542 0.714522 -0.065479
vn 0.696542 0.714522 -0.065479
vn 0.630119 0.432624 -0.644815
vn 0.630119 0.432624 -0.644815
vn 0.630119 0.432624 -0.644815
vn 0.630119 0.432624 -0.644815
vn 0.324458 0.885975 -0.331325
vn 0.324458 0.885975 -0.331325
vn 0.324458 0.885975 -0.331325
vn 0.324458 0.885975 -0.331325
vn 0.921068 -0.342077 0.186056
vn 0.921068 -0.342077 0.186056
vn 0.921068 -0.342077 0.186056
vn 0.921068 -0.342077 0.186056
vn 0.606906 0.115173 0.786384
vn 0.606906 0.115173 0.786384
vn 0.606906 0.115173 0.786384
vn 0.606906 0.115173 0.786384
vn 0.543901 0.363373 -0.756394
vn 0.543901 0.363373 -0.756394
vn 0.543902 0.363373 -0.756394
vn 0.543902 0.363373 -0.756394
vn 0.201150 0.845952 -0.493867
vn 0.201150 0.845952 -0.493867
vn 0.201150 0.845952 -0.493867
vn 0.201150 0.845951 -0.493867
vn 0.139478 0.363373 -0.921144
vn 0.139478 0.363373 -0.921144
vn 0.139478 0.363373 -0.921144
vn 0.139478 0.363373 -0.921144
vn 0.781642 -0.142628 -0.607201
vn 0.781642 -0.142628 -0.607201
vn 0.781642 -0.142628 -0.607201
vn 0.781642 -0.142628 -0.607201
vn 0.698553 0.024174 -0.715150
vn 0.698553 0.024174 -0.715150
vn 0.698553 0.024174 -0.715150
vn 0.547067 0.018925 -0.836875
vn 0.547067 0.018925 -0.836875
vn 0.547067 0.018925 -0.836875
vn 0.547067 0.018925 -0.836875
vn 0.814550 -0.555397 -0.167459
vn 0.814550 -0.555397 -0.167459
vn 0.814550 -0.555397 -0.167459
vn 0.814550 -0.555397 -0.167459
vn 0.196487 0.006833 -0.980483
vn 0.196487 0.006833 -0.980483
vn 0.196487 0.006833 -0.980483
vn 0.196487 0.006833 -0.980483
vn -0.000016 0.912612 -0.408826
vn -0.000016 0.912612 -0.408826
vn -0.000016 0.912612 -0.408826
vn -0.000016 0.912612 -0.408826
vn 0.000091 0.402089 -0.915601
vn 0.000091 0.402089 -0.915601
vn 0.000091 0.402089 -0.915601
vn 0.000091 0.402089 -0.915601
vn 0.691536 -0.595652 0.408627
vn 0.691536 -0.595652 0.408627
vn 0.691536 -0.595652 0.408627
vn 0.691536 -0.595652 0.408627
vn 0.314319 -0.270285 0.910028
vn 0.314319 -0.270284 0.910028
vn 0.314319 -0.270284 0.910028
vn 0.314319 -0.270285 0.910028
vn 0.640420 -0.316482 -0.699786
vn 0.640420 -0.316482 -0.699786
vn 0.640420 -0.316482 -0.699786
vn 0.640420 -0.316482 -0.699786
vn 0.253165 -0.382451 -0.888616
vn 0.253165 -0.382451 -0.888616
vn 0.253165 -0.382451 -0.888616
vn 0.253165 -0.382451 -0.888616
vn 0.000093 0.899082 0.437780
vn 0.000093 0.899082 0.437780
vn 0.000093 0.899082 0.437780
vn 0.000093 0.899082 0.437780
vn 0.614236 -0.734791 -0.287745
vn 0.614236 -0.734791 -0.287745
vn 0.614236 -0.734791 -0.287745
vn 0.614236 -0.734791 -0.287745
vn 0.757821 -0.652462 0.000035
vn 0.757821 -0.652462 0.000035
vn 0.757822 -0.652462 0.000035
vn 0.000103 0.450866 0.892592
vn 0.000103 0.450866 0.892592
vn 0.000103 0.450866 0.892592
vn 0.000103 0.450866 0.892592
vn 0.236751 -0.901763 -0.361624
vn 0.236751 -0.901763 -0.361624
vn 0.236751 -0.901763 -0.361624
vn 0.236751 -0.901763 -0.361624
vn 0.469731 -0.882809 0.000099
vn 0.469731 -0.882809 0.000099
vn 0.469731 -0.882810 0.000099
vn 0.469731 -0.882810 0.000099
vn 0.159754 -0.987157 0.000041
vn 0.159754 -0.987157 0.000041
vn 0.159754 -0.987157 0.000041
vn 0.159754 -0.987157 0.000041
vn -0.000033 -0.386665 -0.922220
vn -0.000033 -0.386665 -0.922220
vn -0.000033 -0.386665 -0.922220
vn -0.000033 -0.386665 -0.922220
vn -0.000026 -0.925507 -0.378732
vn -0.000026 -0.925507 -0.378732
vn -0.000026 -0.925506 -0.378732
vn -0.000026 -0.925507 -0.378732
vn 0.462200 -0.797868 0.387013
vn 0.462200 -0.797868 0.387013
vn 0.462200 -0.797868 0.387013
vn 0.462200 -0.797868 0.387013
vn 0.165750 -0.501504 0.849129
vn 0.165750 -0.501504 0.849129
vn 0.165750 -0.501504 0.849129
vn 0.165750 -0.501504 0.849129
vn 0.104346 -0.916158 0.386997
vn 0.104346 -0.916158 0.386998
vn 0.104346 -0.916158 0.386997
vn 0.104346 -0.916158 0.386998
vn 0.000000 1.000000 0.000001
vn 0.000000 1.000000 0.000001
vn 0.000000 1.000000 0.000001
vn 0.000000 1.000000 0.000001
vn -0.000023 -0.408159 0.912911
vn -0.000023 -0.408159 0.912911
vn -0.000023 -0.408159 0.912911
vn -0.000023 -0.408159 0.912911
vn 0.000105 -0.908354 0.418203
vn 0.000105 -0.908354 0.418203
vn 0.000105 -0.908354 0.418203
vn 0.000105 -0.908354 0.418203
vn 0.000000 0.000000 -1.000000
vn 0.000000 0.000000 -1.000000
vn 0.000000 0.000000 -1.000000
vn 0.000000 0.000000 -1.000000
vn -0.000002 -0.384225 -0.923240
vn -0.000002 -0.384225 -0.923240
vn -0.000002 -0.384225 -0.923240
vn -0.000002 -0.384225 -0.923240
vn -0.000000 0.909971 0.414673
vn -0.000000 0.909971 0.414673
vn -0.000000 0.909971 0.414673
vn -0.000000 0.909971 0.414673
vn 0.000004 -0.924534 -0.381099
vn 0.000004 -0.924534 -0.381099
vn 0.000004 -0.924534 -0.381099
vn 0.000004 -0.924534 -0.381099
vn -0.000005 0.421054 0.907035
vn -0.000005 0.421054 0.907035
vn -0.000005 0.421054 0.907035
vn -0.000005 0.421054 0.907035
vn 0.000000 0.000000 1.000000
vn 0.000000 0.000000 1.000000
vn 0.000000 0.000000 1.000000
vn 0.000000 0.000000 1.000000
vn -0.000005 -0.399816 0.916596
vn -0.000005 -0.399816 0.916596
vn -0.000005 -0.399816 0.916596
vn -0.000005 -0.399816 0.916596
vn -0.000008 -0.913799 0.406167
vn -0.000008 -0.913799 0.406167
vn -0.000008 -0.913799 0.406167
vn -0.000008 -0.913799 0.406167
vn 0.000000 -1.000000 0.000000
vn 0.000000 -1.000000 0.000000
vn 0.000000 -1.000000 0.000000
vn 0.000000 -1.000000 0.000000
vn 0.000000 0.916692 -0.399594
vn 0.000000 0.916692 -0.399594
vn 0.000000 0.916692 -0.399594
vn 0.000000 0.916692 -0.399594
vn 0.000000 0.395824 -0.918326
vn 0.000000 0.395824 -0.918326
vn 0.000000 0.395824 -0.918326
vn 0.000000 0.395824 -0.918326
vn 0.000000 0.000000 -1.000000
vn 0.000000 0.000000 -1.000000
vn 0.000000 0.000000 -1.000000
vn 0.000000 0.000000 -1.000000
vn 0.000000 1.000000 0.000000
vn 0.000000 1.000000 0.000000
vn 0.000000 1.000000 0.000000
vn 0.000000 1.000000 0.000000
vn 0.000000 -1.000000 0.000000
vn 0.000000 -1.000000 0.000000
vn 0.000000 -1.000000 0.000000
vn 0.000000 -1.000000 0.000000
vn -0.000000 0.000000 1.000000
vn -0.000000 0.000000 1.000000
vn -0.000000 0.000000 1.000000
vn -0.000000 0.000000 1.000000
s off
g all Sunmao_003 hengliang_003
usemtl layeredShader1SG
f 2140/2764/6730 2141/2871/6731 2139/2753/6732 2138/2754/6733
f 2141/2869/6734 2145/2771/6735 2142/2783/6736 2139/2784/6737
f 2143/2747/6738 2147/2748/6739 2138/2754/6740 2139/2753/6741
f 2144/2782/6742 2143/2785/6743 2139/2784/6744 2142/2783/6745
f 2146/2804/6746 2148/2767/6747 2141/2770/6748 2140/2872/6749
f 2148/2868/6750 2153/2768/6751 2145/2771/6752 2141/2869/6753
f 2149/2743/6754 2150/2744/6755 2147/2748/6756 2143/2747/6757
f 2144/2782/6758 2151/2746/6759 2149/2788/6760 2143/2785/6761
f 2149/2743/6762 2151/2746/6763 2152/2745/6764 2150/2744/6765
f 2138/2754/6766 2155/2755/6767 2154/2761/6768 2140/2764/6769
f 2147/2748/6770 2155/2755/6771 2138/2754/6772
f 2150/2744/6773 2157/2749/6774 2155/2755/6775 2147/2748/6776
f 2140/2872/6777 2154/2797/6778 2156/2798/6779 2146/2804/6780
f 2152/2745/6781 2158/2750/6782 2157/2749/6783 2150/2744/6784
f 2159/2787/6785 2160/2751/6786 2151/2746/6787 2144/2782/6788
f 2160/2751/6789 2168/2752/6790 2152/2745/6791 2151/2746/6792
f 2146/2804/6793 2166/2805/6794 2161/2808/6795 2148/2767/6796
f 2161/2766/6797 2170/2769/6798 2153/2768/6799 2148/2868/6800
f 2157/2749/6801 2162/2756/6802 2154/2761/6803 2155/2755/6804
f 2158/2750/6805 2164/2757/6806 2162/2756/6807 2157/2749/6808
f 2163/2776/6809 2174/2786/6810 2142/2783/6811 2145/2771/6812
f 2165/2794/6813 2156/2798/6814 2154/2797/6815 2162/2793/6816
f 2156/2798/6817 2166/2805/6818 2146/2804/6819
f 2153/2768/6820 2176/2772/6821 2163/2776/6822 2145/2771/6823
f 2167/2791/6824 2165/2794/6825 2162/2793/6826 2164/2792/6827
f 2169/2800/6828 2166/2805/6829 2156/2798/6830 2165/2794/6831
f 2171/2799/6832 2169/2800/6833 2165/2794/6834 2167/2791/6835
f 2172/2758/6836 2173/2762/6837 2164/2757/6838 2158/2750/6839
f 2173/2795/6840 2178/2796/6841 2167/2791/6842 2164/2792/6843
f 2166/2805/6844 2169/2800/6845 2175/2806/6846 2161/2808/6847
f 2175/2774/6848 2177/2775/6849 2170/2769/6850 2161/2766/6851
f 2171/2799/6852 2177/2775/6853 2175/2806/6854 2169/2800/6855
f 2174/2786/6856 2159/2787/6857 2144/2782/6858 2142/2783/6859
f 2177/2775/6860 2181/2779/6861 2179/2773/6862 2170/2769/6863
f 2180/2801/6864 2181/2779/6865 2177/2775/6866 2171/2799/6867
f 2158/2750/6868 2152/2745/6869 2168/2752/6870 2172/2758/6871
f 2172/2758/6872 2186/2763/6873 2182/2765/6874 2173/2762/6875
f 2163/2776/6876 2185/2780/6877 2183/2789/6878 2174/2786/6879
f 2173/2795/6880 2182/2803/6881 2184/2802/6882 2178/2796/6883
f 2176/2772/6884 2187/2778/6885 2185/2780/6886 2163/2776/6887
f 2176/2772/6888 2153/2768/6889 2170/2769/6890 2179/2773/6891
f 2181/2779/6892 2189/2781/6893 2188/2777/6894 2179/2773/6895
f 2180/2801/6896 2190/2807/6897 2189/2781/6898 2181/2779/6899
f 2167/2791/6900 2178/2796/6901 2180/2801/6902 2171/2799/6903
f 2191/2790/6904 2192/2759/6905 2160/2751/6906 2159/2787/6907
f 2192/2759/6908 2193/2760/6909 2168/2752/6910 2160/2751/6911
f 2172/2758/6912 2168/2752/6913 2193/2760/6914 2186/2763/6915
f 2183/2789/6916 2191/2790/6917 2159/2787/6918 2174/2786/6919
f 2184/2802/6920 2190/2807/6921 2180/2801/6922 2178/2796/6923
f 2188/2777/6924 2187/2778/6925 2176/2772/6926 2179/2773/6927
f 2196/2827/6928 2194/2810/6929 2195/2811/6930 2197/2866/6931
f 2197/2812/6932 2195/2867/6933 2198/2813/6934 2201/2814/6935
f 2199/2815/6936 2195/2811/6937 2194/2810/6938 2203/2816/6939
f 2200/2817/6940 2198/2813/6941 2195/2867/6942 2199/2818/6943
f 2202/2819/6944 2196/2809/6945 2197/2870/6946 2204/2837/6947
f 2204/2820/6948 2197/2812/6949 2201/2814/6950 2209/2821/6951
f 2205/2822/6952 2199/2815/6953 2203/2816/6954 2206/2823/6955
f 2200/2817/6956 2199/2818/6957 2205/2824/6958 2207/2825/6959
f 2205/2822/6960 2206/2823/6961 2208/2826/6962 2207/2825/6963
f 2194/2810/6964 2196/2827/6965 2210/2828/6966 2211/2829/6967
f 2203/2816/6968 2194/2810/6969 2211/2829/6970
f 2206/2823/6971 2203/2816/6972 2211/2829/6973 2213/2830/6974
f 2196/2809/6975 2202/2819/6976 2212/2831/6977 2210/2832/6978
f 2208/2826/6979 2206/2823/6980 2213/2830/6981 2214/2833/6982
f 2215/2834/6983 2200/2817/6984 2207/2825/6985 2216/2835/6986
f 2216/2835/6987 2207/2825/6988 2208/2826/6989 2224/2836/6990
f 2202/2819/6991 2204/2837/6992 2217/2838/6993 2222/2839/6994
f 2217/2840/6995 2204/2820/6996 2209/2821/6997 2226/2841/6998
f 2213/2830/6999 2211/2829/7000 2210/2828/7001 2218/2842/7002
f 2214/2833/7003 2213/2830/7004 2218/2842/7005 2220/2843/7006
f 2219/2844/7007 2201/2814/7008 2198/2813/7009 2230/2845/7010
f 2221/2846/7011 2218/2847/7012 2210/2832/7013 2212/2831/7014
f 2212/2831/7015 2202/2819/7016 2222/2839/7017
f 2209/2821/7018 2201/2814/7019 2219/2844/7020 2232/2848/7021
f 2223/2849/7022 2220/2850/7023 2218/2847/7024 2221/2846/7025
f 2225/2851/7026 2221/2846/7027 2212/2831/7028 2222/2839/7029
f 2227/2852/7030 2223/2849/7031 2221/2846/7032 2225/2851/7033
f 2228/2853/7034 2214/2833/7035 2220/2843/7036 2229/2854/7037
f 2229/2855/7038 2220/2850/7039 2223/2849/7040 2234/2856/7041
f 2222/2839/7042 2217/2838/7043 2231/2857/7044 2225/2851/7045
f 2231/2858/7046 2217/2840/7047 2226/2841/7048 2233/2859/7049
f 2227/2852/7050 2225/2851/7051 2231/2857/7052 2233/2859/7053
f 2230/2845/7054 2198/2813/7055 2200/2817/7056 2215/2834/7057
f 2233/2859/7058 2226/2841/7059 2235/2860/7060 2237/2861/7061
f 2236/2862/7062 2227/2852/7063 2233/2859/7064 2237/2861/7065
f 2214/2833/7066 2228/2853/7067 2224/2836/7068 2208/2826/7069
f 2228/2853/7070 2229/2854/7071 2182/2863/7072 2186/2763/7073
f 2219/2844/7074 2230/2845/7075 2183/2789/7076 2185/2780/7077
f 2229/2855/7078 2234/2856/7079 2184/2802/7080 2182/2864/7081
f 2232/2848/7082 2219/2844/7083 2185/2780/7084 2187/2778/7085
f 2232/2848/7086 2235/2860/7087 2226/2841/7088 2209/2821/7089
f 2237/2861/7090 2235/2860/7091 2188/2777/7092 2189/2781/7093
f 2236/2862/7094 2237/2861/7095 2189/2781/7096 2190/2807/7097
f 2223/2849/7098 2227/2852/7099 2236/2862/7100 2234/2856/7101
f 2191/2790/7102 2215/2834/7103 2216/2835/7104 2192/2865/7105
f 2192/2865/7106 2216/2835/7107 2224/2836/7108 2193/2760/7109
f 2228/2853/7110 2186/2763/7111 2193/2760/7112 2224/2836/7113
f 2183/2789/7114 2230/2845/7115 2215/2834/7116 2191/2790/7117
f 2184/2802/7118 2234/2856/7119 2236/2862/7120 2190/2807/7121
f 2188/2777/7122 2235/2860/7123 2232/2848/7124 2187/2778/7125
g default
v 7.757061 14.429678 7.755490
v 7.775043 14.445754 7.761977
v 7.781291 14.430883 7.777439
v 7.799333 14.440165 7.777702
v 7.798290 14.455470 7.761903
v 6.235973 14.448207 6.186285
v 6.241034 14.455470 6.168903
v 7.814328 14.447098 7.764293
v 7.797511 14.414948 7.768705
v 6.230761 14.429476 6.192936
v 7.813950 14.425570 7.768868
v 6.225436 14.444854 6.175256
v 6.220492 14.429475 6.177271
v 6.225266 14.448206 6.160002
v 6.216892 14.429476 6.158890
v 7.823302 14.430724 7.748438
v 6.239227 12.663415 6.193547
v 6.230706 12.680105 6.192878
v 6.259820 12.656511 6.194275
v 6.220513 12.672342 6.177510
v 6.216892 12.669573 6.159957
v 6.241604 14.455470 3.079139
v 6.224782 14.448136 3.079139
v 7.816321 12.662807 6.187858
v 6.228197 12.655108 6.177783
v 7.815275 14.447681 3.079139
v 6.224214 12.652182 6.160043
v 6.246847 12.647995 6.178670
v 7.797638 12.656368 6.194081
v 6.241892 12.644978 6.160117
v 6.216892 14.429833 3.079139
v 7.797638 12.647900 6.177767
v 7.823302 12.669029 6.170783
v 7.797638 12.644978 6.159620
v 6.216892 12.669915 3.079139
v 6.224256 12.652282 3.079139
v 7.798129 14.455470 3.079139
v 7.813023 12.653337 6.175966
v 7.823302 14.430403 3.079139
v 7.816320 12.653855 6.160778
v 6.242032 12.644978 3.079139
v 7.823302 12.669645 3.079139
v 7.797831 12.644978 3.079139
v 7.816109 12.653118 3.079139
v 6.224228 12.652304 0.000004
v 7.798182 14.455470 0.000004
v 6.241941 12.644978 0.000004
v 7.815274 14.447656 0.000004
v 6.216892 12.669990 0.000004
v 7.823302 14.430349 0.000004
v 7.823302 12.669645 0.000004
v 7.816075 12.653115 0.000004
v 7.797735 12.644978 0.000004
v 6.241604 14.455470 0.000004
v 6.224782 14.448136 0.000004
v 6.216892 14.429833 0.000004
v 6.224201 12.652325 -3.079131
v 7.798234 14.455470 -3.079131
v 6.241850 12.644978 -3.079131
v 7.815274 14.447630 -3.079131
v 6.216892 12.670065 -3.079131
v 7.823302 14.430297 -3.079131
v 6.224782 14.448136 -3.079131
v 6.225267 14.448206 -6.159994
v 6.241604 14.455470 -3.079131
v 6.216892 14.429833 -3.079131
v 7.823302 12.669645 -3.079131
v 7.816041 12.653112 -3.079131
v 6.216892 14.429476 -6.158881
v 6.241034 14.455470 -6.168895
v 7.797639 12.644978 -3.079131
v 6.216892 12.669872 -6.171569
v 6.224106 12.652267 -6.171907
v 6.225436 14.444854 -6.175248
v 6.220492 14.429475 -6.177262
v 6.235973 14.448207 -6.186276
v 7.814325 14.446967 -7.764108
v 7.823302 14.430457 -7.747622
v 6.220546 12.672522 -6.189360
v 6.241528 12.644978 -6.172229
v 6.241678 12.665726 -6.203859
v 7.775309 14.445842 -7.762228
v 7.757061 14.429678 -7.755481
v 7.797255 12.644978 -6.171175
v 7.816185 12.653842 -6.172449
v 6.228140 12.655154 -6.189651
v 6.246603 12.647992 -6.190615
v 7.798557 14.455470 -7.762551
v 7.823302 12.669029 -6.182623
v 7.797447 12.647899 -6.189535
v 7.812931 12.653331 -6.187739
v 7.816321 12.662807 -6.199698
v 7.799370 14.440136 -7.777669
v 7.797511 14.414948 -7.768696
v 7.813912 14.425416 -7.768491
v 7.791980 12.659639 -6.207753
v 6.464578 14.197933 -6.417287
v 6.462404 14.181323 -6.414653
v 6.473315 14.173691 -6.421622
v 6.485651 14.170857 -6.424008
v 6.494032 14.183395 -6.428128
v 6.511949 14.188290 -6.440740
v 6.489344 14.192471 -6.435910
v 6.470050 14.204803 -6.423098
v 7.548810 14.167658 -6.423910
v 7.553923 14.167726 -6.436208
v 7.548839 14.180075 -6.436225
v 7.536555 14.185216 -6.436256
v 7.536517 14.180036 -6.423959
v 7.536485 14.167663 -6.418858
v 6.466846 12.876017 -6.402968
v 6.479077 12.870844 -6.402826
v 6.484235 12.880628 -6.409631
v 6.485364 12.894037 -6.412913
v 6.471920 12.893104 -6.409853
v 6.461796 12.888348 -6.403215
v 7.541114 14.196748 -7.501179
v 7.536990 14.192156 -7.478849
v 7.548246 14.186493 -7.484323
v 7.553923 14.175110 -7.478360
v 7.558444 14.179627 -7.500972
v 7.570857 14.192291 -7.521252
v 7.564787 14.203615 -7.526952
v 7.552811 14.209214 -7.520874
v 7.563946 12.864942 -6.409417
v 7.570887 12.870633 -6.415311
v 7.558117 12.889304 -6.428470
v 7.553923 12.912262 -6.433726
v 7.549213 12.893904 -6.420963
v 7.536965 12.885370 -6.416859
v 7.539622 12.873071 -6.414131
v 7.547207 12.862701 -6.406908
v 7.778873 14.428205 -7.771660
v 6.233157 14.428580 -6.193146
v 6.478355 14.187263 -6.425652
v 7.546563 14.177754 -6.426189
v 6.473467 12.882322 -6.408383
v 7.552629 14.191042 -7.506876
v 7.553017 12.878174 -6.418122
v 6.241527 12.692844 -6.203879
v 6.264141 12.665638 -6.203915
v 7.792059 12.681480 -6.230328
v 7.782654 12.659676 -6.207729
v 6.250170 14.428592 -6.210588
v 6.233234 14.414815 -6.193136
vt 0.746934 0.355015
vt 0.746647 0.355053
vt 0.746645 0.354709
vt 0.747022 0.354728
vt 0.747026 0.355372
vt 0.746649 0.355396
vt 0.714354 0.355204
vt 0.714302 0.354875
vt 0.746758 0.298116
vt 0.746392 0.298118
vt 0.747173 0.395855
vt 0.746839 0.395541
vt 0.714498 0.355542
vt 0.714002 0.355267
vt 0.713955 0.354879
vt 0.714053 0.298256
vt 0.746529 0.241545
vt 0.746163 0.241547
vt 0.714179 0.355672
vt 0.713702 0.298257
vt 0.713829 0.241668
vt 0.746328 0.184988
vt 0.745963 0.184989
vt 0.746862 0.396141
vt 0.713477 0.241669
vt 0.713638 0.185091
vt 0.746172 0.128423
vt 0.745796 0.128445
vt 0.713286 0.185092
vt 0.713476 0.128287
vt 0.746126 0.128113
vt 0.745795 0.128101
vt 0.713127 0.128281
vt 0.713524 0.127953
vt 0.745781 0.127733
vt 0.745527 0.127728
vt 0.713178 0.127889
vt 0.713897 0.127485
vt 0.746269 0.127858
vt 0.745783 0.127289
vt 0.741243 0.121852
vt 0.741551 0.121785
vt 0.713395 0.127485
vt 0.717485 0.122022
vt 0.741678 0.121636
vt 0.746041 0.087451
vt 0.746379 0.087129
vt 0.741102 0.121614
vt 0.741379 0.121476
vt 0.717250 0.121951
vt 0.717572 0.121799
vt 0.741437 0.121215
vt 0.741923 0.093160
vt 0.746006 0.086951
vt 0.746292 0.086541
vt 0.741669 0.093569
vt 0.741806 0.092918
vt 0.741574 0.093368
vt 0.741416 0.093914
vt 0.741322 0.093678
vt 0.741078 0.093590
vt 0.741433 0.093339
vt 0.727599 0.107337
vt 0.727424 0.107164
vt 0.710916 0.090857
vt 0.710548 0.090612
vt 0.727250 0.107338
vt 0.727452 0.107485
vt 0.710498 0.090798
vt 0.710299 0.090635
vt 0.809126 0.354970
vt 0.776883 0.384173
vt 0.776760 0.383768
vt 0.808993 0.354638
vt 0.776531 0.384509
vt 0.776419 0.384061
vt 0.776386 0.297989
vt 0.808727 0.297850
vt 0.809332 0.354751
vt 0.809300 0.354452
vt 0.776036 0.297991
vt 0.808488 0.241301
vt 0.776154 0.241430
vt 0.809058 0.297848
vt 0.775803 0.241432
vt 0.808820 0.241299
vt 0.808266 0.184767
vt 0.775943 0.184886
vt 0.775592 0.184887
vt 0.808597 0.184766
vt 0.775653 0.099198
vt 0.808068 0.127815
vt 0.775308 0.098897
vt 0.808376 0.128000
vt 0.808289 0.127417
vt 0.775771 0.098785
vt 0.775208 0.098497
vt 0.808425 0.127687
vt 0.747341 0.354889
vt 0.776087 0.384019
vt 0.775625 0.384057
vt 0.747229 0.355230
vt 0.775690 0.297992
vt 0.747096 0.298115
vt 0.776114 0.384410
vt 0.747004 0.355029
vt 0.775458 0.241433
vt 0.746866 0.241544
vt 0.775710 0.384506
vt 0.775129 0.384175
vt 0.775248 0.184888
vt 0.746666 0.184986
vt 0.746490 0.128259
vt 0.774979 0.098927
vt 0.774519 0.098900
vt 0.838252 0.354310
vt 0.838603 0.354307
vt 0.838544 0.354685
vt 0.838163 0.354655
vt 0.838352 0.297721
vt 0.837999 0.297723
vt 0.838315 0.355072
vt 0.837926 0.354982
vt 0.809680 0.354429
vt 0.809681 0.354766
vt 0.809426 0.297847
vt 0.837756 0.241179
vt 0.838107 0.241177
vt 0.810183 0.398782
vt 0.809878 0.398454
vt 0.809683 0.355103
vt 0.809363 0.354775
vt 0.809188 0.241298
vt 0.837525 0.184650
vt 0.837875 0.184648
vt 0.809303 0.355116
vt 0.808966 0.184764
vt 0.837646 0.127886
vt 0.837300 0.127882
vt 0.809551 0.398603
vt 0.808760 0.128023
vt 0.837573 0.127506
vt 0.837205 0.127541
vt 0.808755 0.127683
vt 0.837297 0.127135
vt 0.836882 0.127137
vt 0.809024 0.127285
vt 0.832912 0.121905
vt 0.833156 0.121810
vt 0.808855 0.127287
vt 0.813302 0.122045
vt 0.832817 0.121687
vt 0.833021 0.121665
vt 0.812990 0.121985
vt 0.808854 0.126717
vt 0.813440 0.121812
vt 0.812859 0.121835
vt 0.813192 0.121703
vt 0.808098 0.084318
vt 0.807769 0.084182
vt 0.813089 0.121416
vt 0.812396 0.090304
vt 0.812666 0.090716
vt 0.812514 0.090076
vt 0.808455 0.084092
vt 0.812780 0.090484
vt 0.741192 0.120857
vt 0.741248 0.121268
vt 0.813511 0.097796
vt 0.727774 0.107510
vt 0.813305 0.097833
vt 0.777112 0.384530
vt 0.776734 0.384899
vt 0.807997 0.083841
vt 0.808400 0.084028
vt 0.832803 0.097993
vt 0.833033 0.097941
vt 0.833049 0.121451
vt 0.832796 0.121433
vt 0.832936 0.097690
vt 0.813512 0.098042
vt 0.813489 0.121581
vt 0.833268 0.121560
vt 0.813267 0.098041
vt 0.813252 0.121424
vt 0.832649 0.097750
vt 0.727600 0.107685
vn -0.495087 0.517607 0.697834
vn -0.495087 0.517607 0.697834
vn -0.495087 0.517607 0.697834
vn -0.495087 0.517607 0.697834
vn -0.065486 0.714479 0.696586
vn -0.065486 0.714479 0.696586
vn -0.065486 0.714479 0.696586
vn -0.065486 0.714479 0.696586
vn -0.644792 0.432633 0.630136
vn -0.644792 0.432633 0.630136
vn -0.644792 0.432633 0.630136
vn -0.644792 0.432633 0.630136
vn -0.331350 0.885944 0.324517
vn -0.331350 0.885944 0.324517
vn -0.331350 0.885944 0.324517
vn -0.331350 0.885944 0.324517
vn 0.186092 -0.342089 0.921056
vn 0.186092 -0.342089 0.921056
vn 0.186092 -0.342089 0.921056
vn 0.186092 -0.342089 0.921056
vn 0.786377 0.115159 0.606919
vn 0.786377 0.115159 0.606919
vn 0.786377 0.115159 0.606919
vn 0.786376 0.115159 0.606919
vn -0.756381 0.363367 0.543923
vn -0.756381 0.363367 0.543923
vn -0.756381 0.363367 0.543923
vn -0.756381 0.363367 0.543923
vn -0.493865 0.845970 0.201075
vn -0.493865 0.845971 0.201075
vn -0.493865 0.845970 0.201075
vn -0.493865 0.845971 0.201075
vn -0.921151 0.363362 0.139462
vn -0.921151 0.363362 0.139462
vn -0.921151 0.363362 0.139462
vn -0.921151 0.363362 0.139462
vn -0.611108 -0.160342 0.775137
vn -0.611108 -0.160342 0.775137
vn -0.611108 -0.160342 0.775137
vn -0.611108 -0.160342 0.775137
vn -0.715357 0.000000 0.698759
vn -0.715357 0.000000 0.698759
vn -0.715357 0.000000 0.698759
vn -0.834875 0.000037 0.550439
vn -0.834875 0.000037 0.550439
vn -0.834875 0.000037 0.550439
vn -0.834875 0.000037 0.550439
vn -0.176550 -0.566687 0.804796
vn -0.176550 -0.566687 0.804796
vn -0.176550 -0.566687 0.804796
vn -0.176550 -0.566687 0.804796
vn -0.980397 0.000068 0.197031
vn -0.980397 0.000068 0.197031
vn -0.980397 0.000068 0.197031
vn -0.980397 0.000068 0.197031
vn -0.408796 0.912626 -0.000016
vn -0.408796 0.912626 -0.000016
vn -0.408796 0.912626 -0.000016
vn -0.408796 0.912626 -0.000016
vn -0.915593 0.402107 0.000091
vn -0.915593 0.402107 0.000091
vn -0.915593 0.402107 0.000091
vn -0.915593 0.402107 0.000091
vn 0.412349 -0.607827 0.678612
vn 0.412349 -0.607827 0.678612
vn 0.412349 -0.607827 0.678612
vn 0.412349 -0.607827 0.678612
vn 0.908634 -0.278378 0.311272
vn 0.908634 -0.278378 0.311272
vn 0.908634 -0.278378 0.311272
vn 0.908634 -0.278378 0.311272
vn -0.699777 -0.316463 0.640440
vn -0.699777 -0.316463 0.640440
vn -0.699777 -0.316463 0.640440
vn -0.699777 -0.316463 0.640440
vn -0.888611 -0.382477 0.253146
vn -0.888611 -0.382477 0.253146
vn -0.888611 -0.382477 0.253145
vn -0.888611 -0.382477 0.253146
vn 0.437824 0.899061 0.000093
vn 0.437824 0.899061 0.000093
vn 0.437824 0.899061 0.000093
vn 0.437824 0.899061 0.000093
vn -0.287731 -0.734767 0.614271
vn -0.287731 -0.734767 0.614271
vn -0.287731 -0.734767 0.614271
vn -0.287731 -0.734767 0.614271
vn 0.000032 -0.667067 0.744998
vn 0.000032 -0.667067 0.744998
vn 0.000032 -0.667067 0.744998
vn 0.892594 0.450861 0.000103
vn 0.892594 0.450861 0.000103
vn 0.892594 0.450861 0.000103
vn 0.892594 0.450861 0.000103
vn -0.361654 -0.901738 0.236801
vn -0.361654 -0.901738 0.236801
vn -0.361654 -0.901738 0.236801
vn -0.361654 -0.901738 0.236801
vn 0.000099 -0.882824 0.469704
vn 0.000099 -0.882824 0.469704
vn 0.000099 -0.882824 0.469705
vn 0.000099 -0.882824 0.469704
vn 0.000042 -0.987162 0.159723
vn 0.000042 -0.987162 0.159723
vn 0.000042 -0.987162 0.159723
vn 0.000042 -0.987162 0.159723
vn -0.922209 -0.386692 -0.000034
vn -0.922209 -0.386692 -0.000034
vn -0.922209 -0.386692 -0.000034
vn -0.922209 -0.386692 -0.000034
vn -0.378735 -0.925505 -0.000026
vn -0.378735 -0.925505 -0.000026
vn -0.378735 -0.925505 -0.000026
vn -0.378735 -0.925505 -0.000026
vn 0.387008 -0.797881 0.462180
vn 0.387008 -0.797881 0.462180
vn 0.387008 -0.797881 0.462180
vn 0.387008 -0.797881 0.462180
vn 0.849130 -0.501489 0.165794
vn 0.849130 -0.501489 0.165794
vn 0.849130 -0.501489 0.165794
vn 0.849130 -0.501489 0.165794
vn 0.386958 -0.916168 0.104398
vn 0.386958 -0.916169 0.104398
vn 0.386958 -0.916169 0.104398
vn 0.386958 -0.916169 0.104398
vn 0.000000 1.000000 0.000000
vn 0.000000 1.000000 0.000000
vn 0.000000 1.000000 0.000000
vn 0.000000 1.000000 0.000000
vn 0.912885 -0.408217 -0.000023
vn 0.912885 -0.408217 -0.000023
vn 0.912885 -0.408217 -0.000023
vn 0.912885 -0.408217 -0.000023
vn 0.418241 -0.908336 0.000107
vn 0.418241 -0.908336 0.000107
vn 0.418241 -0.908336 0.000107
vn 0.418241 -0.908336 0.000107
vn -1.000000 0.000000 -0.000000
vn -1.000000 0.000000 -0.000000
vn -1.000000 0.000000 -0.000000
vn -1.000000 0.000000 -0.000000
vn -0.923235 -0.384237 -0.000002
vn -0.923235 -0.384237 -0.000002
vn -0.923235 -0.384237 -0.000002
vn -0.923235 -0.384237 -0.000002
vn 0.414693 0.909962 -0.000001
vn 0.414693 0.909962 -0.000001
vn 0.414693 0.909962 -0.000001
vn 0.414693 0.909962 -0.000001
vn -0.381143 -0.924516 0.000004
vn -0.381143 -0.924516 0.000004
vn -0.381143 -0.924516 0.000004
vn -0.381143 -0.924516 0.000004
vn 0.907023 0.421082 -0.000005
vn 0.907023 0.421082 -0.000005
vn 0.907023 0.421082 -0.000005
vn 0.907023 0.421082 -0.000005
vn 1.000000 0.000001 0.000000
vn 1.000000 0.000001 0.000000
vn 1.000000 0.000001 0.000000
vn 1.000000 0.000001 0.000000
vn 0.916596 -0.399815 -0.000005
vn 0.916596 -0.399815 -0.000005
vn 0.916596 -0.399815 -0.000005
vn 0.916596 -0.399815 -0.000005
vn 0.406204 -0.913782 -0.000008
vn 0.406204 -0.913782 -0.000008
vn 0.406204 -0.913782 -0.000008
vn 0.406204 -0.913782 -0.000008
vn 0.000000 -1.000000 0.000000
vn 0.000000 -1.000000 0.000000
vn 0.000000 -1.000000 0.000000
vn 0.000000 -1.000000 0.000000
vn -0.399631 0.916676 0.000000
vn -0.399631 0.916676 0.000000
vn -0.399631 0.916676 0.000000
vn -0.399631 0.916676 0.000000
vn -0.918323 0.395831 0.000000
vn -0.918323 0.395831 0.000000
vn -0.918323 0.395831 0.000000
vn -0.918323 0.395831 0.000000
vn -0.924148 -0.382035 -0.000002
vn -0.924148 -0.382035 -0.000002
vn -0.924148 -0.382035 -0.000002
vn -0.924148 -0.382035 -0.000002
vn 0.416898 0.908953 -0.000001
vn 0.416898 0.908953 -0.000001
vn 0.416898 0.908953 -0.000001
vn 0.416898 0.908953 -0.000001
vn -0.383263 -0.923639 0.000004
vn -0.383263 -0.923639 0.000004
vn -0.383263 -0.923639 0.000004
vn -0.383263 -0.923639 0.000004
vn 0.907275 0.420538 -0.000006
vn 0.907275 0.420538 -0.000006
vn 0.907275 0.420538 -0.000006
vn 0.907275 0.420538 -0.000006
vn -1.000000 0.000000 0.000000
vn -1.000000 0.000000 0.000000
vn -1.000000 0.000000 0.000000
vn -1.000000 0.000000 0.000000
vn 0.000000 1.000000 -0.000000
vn 0.000000 1.000000 -0.000000
vn 0.000000 1.000000 -0.000000
vn 0.000000 1.000000 -0.000000
vn -0.408796 0.912626 0.000016
vn -0.408796 0.912626 0.000016
vn -0.408796 0.912626 0.000016
vn -0.408796 0.912626 0.000016
vn -0.915593 0.402107 -0.000091
vn -0.915593 0.402107 -0.000091
vn -0.915593 0.402107 -0.000091
vn -0.915593 0.402107 -0.000091
vn 0.915928 -0.401342 -0.000005
vn 0.915928 -0.401342 -0.000005
vn 0.915928 -0.401342 -0.000005
vn 0.915928 -0.401342 -0.000005
vn 0.404941 -0.914343 -0.000008
vn 0.404941 -0.914343 -0.000008
vn 0.404941 -0.914343 -0.000008
vn 0.404941 -0.914343 -0.000008
vn -0.924973 -0.380034 0.000030
vn -0.924973 -0.380034 0.000030
vn -0.924972 -0.380034 0.000030
vn -0.924973 -0.380034 0.000030
vn -0.385160 -0.922850 0.000035
vn -0.385160 -0.922850 0.000035
vn -0.385160 -0.922850 0.000035
vn -0.385160 -0.922850 0.000035
vn -0.921150 0.363369 -0.139449
vn -0.921150 0.363369 -0.139449
vn -0.921150 0.363369 -0.139449
vn -0.921150 0.363369 -0.139449
vn -0.493851 0.845965 -0.201133
vn -0.493851 0.845965 -0.201133
vn -0.493851 0.845965 -0.201133
vn -0.493851 0.845965 -0.201133
vn -0.660161 0.388131 -0.643072
vn -0.712860 0.068248 -0.697978
vn -0.714708 0.027625 -0.698877
vn -0.728635 0.261907 -0.632847
vn 0.445900 0.895083 -0.000093
vn 0.445900 0.895083 -0.000093
vn 0.445900 0.895083 -0.000093
vn 0.445900 0.895083 -0.000093
vn 0.893564 0.448936 -0.000115
vn 0.893564 0.448936 -0.000115
vn 0.893564 0.448937 -0.000115
vn 0.893564 0.448936 -0.000115
vn -0.980497 0.001370 -0.196529
vn -0.980497 0.001370 -0.196529
vn -0.980497 0.001370 -0.196529
vn -0.980497 0.001370 -0.196529
vn -0.410839 -0.360024 -0.837612
vn -0.584046 -0.096787 -0.805929
vn -0.667537 0.000442 -0.744577
vn -0.679928 -0.003223 -0.733271
vn 0.000000 -1.000000 -0.000000
vn 0.000000 -1.000000 -0.000000
vn 0.000000 -1.000000 -0.000000
vn 0.000000 -1.000000 -0.000000
vn 1.000000 0.000000 -0.000000
vn 1.000000 0.000000 -0.000000
vn 1.000000 0.000000 -0.000000
vn 1.000000 0.000000 -0.000000
vn -0.332245 0.885315 -0.325315
vn -0.332245 0.885315 -0.325315
vn -0.332245 0.885315 -0.325315
vn -0.332245 0.885315 -0.325315
vn -0.658755 0.390328 -0.643184
vn -0.709087 0.053876 -0.703060
vn 0.414399 -0.910095 -0.000124
vn 0.414399 -0.910096 -0.000124
vn 0.414399 -0.910095 -0.000124
vn 0.414399 -0.910096 -0.000124
vn 0.910803 -0.412840 0.000013
vn 0.910803 -0.412840 0.000013
vn 0.910803 -0.412840 0.000013
vn 0.910803 -0.412840 0.000013
vn -0.892906 -0.373544 -0.251364
vn -0.892906 -0.373544 -0.251364
vn -0.892906 -0.373544 -0.251364
vn -0.892906 -0.373544 -0.251364
vn -0.370059 -0.897498 -0.239905
vn -0.370059 -0.897498 -0.239905
vn -0.370059 -0.897498 -0.239905
vn -0.370059 -0.897498 -0.239905
vn -0.399631 0.916676 0.000000
vn -0.399631 0.916676 0.000000
vn -0.399631 0.916676 0.000000
vn -0.399631 0.916676 0.000000
vn -0.918323 0.395831 0.000000
vn -0.918323 0.395831 0.000000
vn -0.918323 0.395831 0.000000
vn -0.918323 0.395831 0.000000
vn 0.000080 -0.987202 -0.159477
vn 0.000080 -0.987202 -0.159477
vn 0.000080 -0.987202 -0.159477
vn 0.000080 -0.987202 -0.159477
vn 0.382991 -0.918267 -0.100522
vn 0.382991 -0.918267 -0.100522
vn 0.382991 -0.918267 -0.100522
vn 0.382991 -0.918267 -0.100522
vn 0.846785 -0.506545 -0.162380
vn 0.846785 -0.506545 -0.162380
vn 0.846785 -0.506545 -0.162380
vn 0.846785 -0.506545 -0.162380
vn -0.501045 0.327168 -0.801196
vn -0.501045 0.327168 -0.801196
vn -0.374011 -0.448214 -0.811924
vn -0.054470 0.699589 -0.712467
vn -0.054470 0.699589 -0.712467
vn -0.054470 0.699589 -0.712467
vn -0.054470 0.699589 -0.712467
vn 0.909679 -0.275635 -0.310662
vn 0.909679 -0.275635 -0.310662
vn 0.909679 -0.275635 -0.310662
vn 0.909679 -0.275635 -0.310662
vn 0.057978 -0.338828 -0.939060
vn 0.057978 -0.338828 -0.939060
vn 0.058572 -0.653446 -0.754704
vn 0.794171 0.106462 -0.598296
vn 0.794171 0.106462 -0.598296
vn 0.794171 0.106462 -0.598296
vn 0.794171 0.106462 -0.598296
vn -1.000000 0.000000 0.000000
vn -1.000000 0.000000 0.000000
vn -1.000000 0.000000 0.000000
vn -1.000000 0.000000 0.000000
vn 0.000000 1.000000 -0.000000
vn 0.000000 1.000000 -0.000000
vn 0.000000 1.000000 -0.000000
vn 0.000000 1.000000 -0.000000
vn 0.000000 -1.000000 0.000000
vn 0.000000 -1.000000 0.000000
vn 0.000000 -1.000000 0.000000
vn 0.000000 -1.000000 0.000000
vn 1.000000 0.000000 -0.000000
vn 1.000000 0.000000 -0.000000
vn 1.000000 0.000000 -0.000000
vn 1.000000 0.000000 -0.000000
vn -1.000000 -0.000000 0.000000
vn -1.000000 -0.000000 0.000000
vn -1.000000 -0.000000 0.000000
vn -1.000000 -0.000000 0.000000
vn 0.000000 1.000000 -0.000000
vn 0.000000 1.000000 -0.000000
vn 0.000000 1.000000 -0.000000
vn 0.000000 1.000000 -0.000000
vn 0.000000 -1.000000 0.000000
vn 0.000000 -1.000000 0.000000
vn 0.000000 -1.000000 0.000000
vn 0.000000 -1.000000 0.000000
vn 1.000000 0.000000 -0.000000
vn 1.000000 0.000000 -0.000000
vn 1.000000 0.000000 -0.000000
vn 1.000000 0.000000 -0.000000
vn -0.007920 -0.702295 -0.711842
vn -0.005636 -0.727780 -0.685787
vn -0.128493 -0.616083 -0.777130
vn 0.044743 -0.723791 -0.688568
vn 0.073307 -0.657246 -0.750102
vn 0.393365 -0.614620 -0.683745
vn 0.300392 -0.721367 -0.624015
vn -0.681562 -0.002086 -0.731757
vn -0.681814 -0.001222 -0.731525
vn -0.703724 -0.026546 -0.709977
vn -0.712680 -0.063096 -0.698646
vn -0.002395 -0.007444 -0.999969
vn -0.002182 -0.007527 -0.999969
vn -0.399972 -0.009270 -0.916481
vn -0.415106 -0.009131 -0.909727
vn -0.680676 -0.002719 -0.732579
vn -0.025594 -0.998184 -0.054529
vn -0.013119 -0.999787 -0.015962
vn -0.004311 -0.926802 -0.375525
vn -0.017987 -0.918452 -0.395122
vn 0.001242 -0.346823 -0.937930
vn 0.000088 -0.348021 -0.937487
vn -0.003707 -0.008576 -0.999956
vn -0.711971 -0.064967 -0.699197
vn -0.608109 -0.519596 -0.600187
vn -0.657035 -0.380987 -0.650503
vn -0.233286 -0.939389 -0.251249
vn -0.049391 -0.998334 -0.029813
vn -0.999924 -0.008234 -0.009123
vn -0.998203 -0.022460 -0.055559
vn -0.923740 -0.015628 -0.382701
vn -0.930854 -0.003348 -0.365376
vn -0.348522 -0.004408 -0.937290
vn -0.347525 -0.003491 -0.937664
vn -0.002259 -0.007724 -0.999968
vn -0.705043 -0.709012 -0.014696
vn -0.417565 -0.908604 -0.008867
vn -0.910803 -0.412804 -0.005516
vn -0.999159 -0.035118 -0.021175
vn -0.006785 -0.695657 -0.718342
vn -0.402764 -0.370544 -0.836945
vn -0.008207 -0.439720 -0.898097
vn -0.008338 -0.425014 -0.905148
vn -0.006052 -0.696438 -0.717591
vn -0.061492 -0.652606 -0.755198
vn -0.059325 -0.653515 -0.754585
vn -0.346299 -0.600820 -0.720481
vn -0.505985 -0.553956 -0.661145
vn -0.937756 -0.213853 -0.273644
vn -0.427060 -0.452612 -0.782791
vn -0.021249 -0.707589 -0.706305
vn -0.005221 -0.704390 -0.709794
vn -0.497494 -0.143284 -0.855552
vn -0.273145 -0.703648 -0.655951
vn -0.322515 -0.323899 -0.889423
vn -0.887520 -0.323430 -0.328178
vn -0.326853 -0.885178 -0.331101
vn -0.291118 -0.306504 -0.906260
vn -0.582619 -0.599435 -0.548847
vn -0.121179 -0.517370 -0.847139
vn -0.699432 -0.282021 -0.656703
vn -0.671625 0.006024 -0.740867
vn 0.213008 -0.790965 -0.573587
vn 0.001711 -0.732089 -0.681207
vn 0.396990 -0.609919 -0.685855
s off
g all Sunmao_003 hengliang_004
usemtl layeredShader1SG
f 2240/2981/7126 2241/2977/7127 2239/2973/7128 2238/2982/7129
f 2241/2977/7130 2245/2948/7131 2242/2972/7132 2239/2973/7133
f 2243/2877/7134 2247/2878/7135 2238/2884/7136 2239/2883/7137
f 2244/2971/7138 2243/2974/7139 2239/2973/7140 2242/2972/7141
f 2246/3044/7142 2248/2944/7143 2241/2947/7144 2240/3045/7145
f 2248/2944/7146 2253/2945/7147 2245/2948/7148 2241/2947/7149
f 2249/2873/7150 2250/2874/7151 2247/2878/7152 2243/2877/7153
f 2244/2971/7154 2251/2876/7155 2249/2978/7156 2243/2974/7157
f 2249/2873/7158 2251/2876/7159 2252/2875/7160 2250/2874/7161
f 2238/2884/7162 2255/2885/7163 2254/2891/7164 2240/2896/7165
f 2247/2878/7166 2255/2885/7167 2238/2884/7168
f 2250/2874/7169 2257/2879/7170 2255/2885/7171 2247/2878/7172
f 2240/3001/7173 2254/2994/7174 2256/2995/7175 2246/3002/7176
f 2252/2875/7177 2258/2880/7178 2257/2879/7179 2250/2874/7180
f 2259/2976/7181 2260/2881/7182 2251/2876/7183 2244/2971/7184
f 2260/2881/7185 2268/2882/7186 2252/2875/7187 2251/2876/7188
f 2246/3002/7189 2266/3003/7190 2261/3008/7191 2248/3012/7192
f 2261/2943/7193 2270/2946/7194 2253/2945/7195 2248/2944/7196
f 2257/2879/7197 2262/2886/7198 2254/2891/7199 2255/2885/7200
f 2258/2880/7201 2264/2887/7202 2262/2886/7203 2257/2879/7204
f 2263/2953/7205 2274/2975/7206 2242/2972/7207 2245/2948/7208
f 2265/2991/7209 2256/2995/7210 2254/2994/7211 2262/2990/7212
f 2256/2995/7213 2266/3003/7214 2246/3002/7215
f 2253/2945/7216 2276/2949/7217 2263/2953/7218 2245/2948/7219
f 2267/2988/7220 2265/2991/7221 2262/2990/7222 2264/2989/7223
f 2269/2997/7224 2266/3003/7225 2256/2995/7226 2265/2991/7227
f 2271/2996/7228 2269/2997/7229 2265/2991/7230 2267/2988/7231
f 2272/2888/7232 2273/2892/7233 2264/2887/7234 2258/2880/7235
f 2273/2992/7236 2278/2993/7237 2267/2988/7238 2264/2989/7239
f 2266/3003/7240 2269/2997/7241 2275/3004/7242 2261/3008/7243
f 2275/2951/7244 2277/2952/7245 2270/2946/7246 2261/2943/7247
f 2271/2996/7248 2277/2952/7249 2275/3004/7250 2269/2997/7251
f 2274/2975/7252 2259/2976/7253 2244/2971/7254 2242/2972/7255
f 2277/2952/7256 2281/2956/7257 2279/2950/7258 2270/2946/7259
f 2280/2998/7260 2281/2956/7261 2277/2952/7262 2271/2996/7263
f 2258/2880/7264 2252/2875/7265 2268/2882/7266 2272/2888/7267
f 2272/2888/7268 2286/2893/7269 2282/2897/7270 2273/2892/7271
f 2263/2953/7272 2285/2957/7273 2283/2979/7274 2274/2975/7275
f 2273/2992/7276 2282/3000/7277 2284/2999/7278 2278/2993/7279
f 2276/2949/7280 2287/2955/7281 2285/2957/7282 2263/2953/7283
f 2276/2949/7284 2253/2945/7285 2270/2946/7286 2279/2950/7287
f 2281/2956/7288 2289/2958/7289 2288/2954/7290 2279/2950/7291
f 2280/2998/7292 2290/3005/7293 2289/2958/7294 2281/2956/7295
f 2267/2988/7296 2278/2993/7297 2280/2998/7298 2271/2996/7299
f 2291/2980/7300 2292/2889/7301 2260/2881/7302 2259/2976/7303
f 2292/2889/7304 2293/2890/7305 2268/2882/7306 2260/2881/7307
f 2286/2893/7308 2298/2898/7309 2294/2901/7310 2282/2897/7311
f 2285/2957/7312 2297/2961/7313 2295/2983/7314 2283/2979/7315
f 2282/3000/7316 2294/3007/7317 2296/3006/7318 2284/2999/7319
f 2287/2955/7320 2299/2960/7321 2297/2961/7322 2285/2957/7323
f 2272/2888/7324 2268/2882/7325 2293/2890/7326 2286/2893/7327
f 2283/2979/7328 2291/2980/7329 2259/2976/7330 2274/2975/7331
f 2302/2984/7332 2307/2985/7333 2301/2899/7334 2300/2894/7335
f 2301/2899/7336 2306/2900/7337 2303/2895/7338 2300/2894/7339
f 2289/2958/7340 2305/2962/7341 2304/2959/7342 2288/2954/7343
f 2290/3005/7344 2308/3009/7345 2305/2962/7346 2289/2958/7347
f 2309/2902/7348 2310/2905/7349 2294/2901/7350 2298/2898/7351
f 2310/3010/7352 2317/3011/7353 2296/3006/7354 2294/3007/7355
f 2311/2903/7356 2312/2904/7357 2306/2900/7358 2301/2899/7359
f 2307/2985/7360 2313/2911/7361 2311/2903/7362 2301/2899/7363
s 1
f 2313/2911/7364 2381/2912/7365 2371/2907/7366 2311/2903/7367
s off
f 2314/2965/7368 2325/2986/7369 2295/2983/7370 2297/2961/7371
f 2315/2963/7372 2314/2965/7373 2297/2961/7374 2299/2960/7375
f 2316/2906/7376 2309/2902/7377 2306/2900/7378 2312/2904/7379
s 1
f 2318/2915/7380 2323/2909/7381 2316/2906/7382 2377/2910/7383
s off
f 2284/2999/7384 2290/3005/7385 2280/2998/7386 2278/2993/7387
f 2288/2954/7388 2287/2955/7389 2276/2949/7390 2279/2950/7391
f 2307/2985/7392 2325/2986/7393 2319/2987/7394 2313/2911/7395
s 1
f 2313/2911/7364 2319/2919/7396 2320/2918/7397 2381/2912/7365
s off
f 2321/3013/7398 2322/2966/7399 2305/2962/7400 2308/3009/7401
f 2322/2966/7402 2326/2964/7403 2304/2959/7404 2305/2962/7405
f 2323/2909/7406 2310/2905/7407 2309/2902/7408 2316/2906/7409
f 2323/3014/7410 2324/3015/7411 2317/3011/7412 2310/3010/7413
f 2302/2984/7414 2300/2894/7415 2292/2889/7416 2291/2980/7417
f 2300/2894/7418 2303/2895/7419 2293/2890/7420 2292/2889/7421
f 2324/3015/7422 2327/3016/7423 2321/3013/7424 2317/3011/7425
f 2321/3013/7426 2327/3016/7427 2328/2970/7428 2322/2966/7429
f 2328/2970/7430 2329/2967/7431 2326/2964/7432 2322/2966/7433
s 1
f 2319/2919/7434 2330/2927/7435 2370/2926/7436 2320/2918/7397
s off
f 2325/2986/7437 2314/2965/7438 2330/2969/7439 2319/2987/7440
f 2329/2967/7441 2332/2968/7442 2315/2963/7443 2326/2964/7444
s 1
f 2330/3046/7445 2332/3032/7446 2331/3031/7447 2370/3047/7436
s off
f 2314/2965/7448 2315/2963/7449 2332/2968/7450 2330/2969/7451
f 2286/2893/7452 2293/2890/7453 2303/2895/7454 2298/2898/7455
f 2295/2983/7456 2302/2984/7457 2291/2980/7458 2283/2979/7459
f 2296/3006/7460 2308/3009/7461 2290/3005/7462 2284/2999/7463
f 2304/2959/7464 2299/2960/7465 2287/2955/7466 2288/2954/7467
f 2309/2902/7468 2298/2898/7469 2303/2895/7470 2306/2900/7471
f 2295/2983/7472 2325/2986/7473 2307/2985/7474 2302/2984/7475
f 2317/3011/7476 2321/3013/7477 2308/3009/7478 2296/3006/7479
f 2299/2960/7480 2304/2959/7481 2326/2964/7482 2315/2963/7483
s 1
f 2318/3017/7380 2378/3018/7484 2324/3015/7485 2323/3014/7486
f 2333/3022/7487 2379/3027/7488 2329/2967/7489 2328/2970/7490
f 2335/2913/7491 2382/2908/7492 2371/2907/7366 2334/2914/7493
f 2371/2907/7366 2381/2912/7365 2341/2917/7494 2334/2914/7493
f 2337/3048/7495 2351/3051/7496 2352/3050/7497 2336/3049/7498
f 2336/2920/7498 2352/2923/7497 2353/2916/7499 2335/2913/7491
f 2339/3039/7500 2345/3042/7501 2346/3059/7502 2338/3040/7503
f 2338/3058/7504 2346/3041/7505 2347/3053/7506 2337/3048/7495
f 2341/2917/7494 2361/2925/7507 2354/2928/7508 2340/2924/7509
f 2340/2924/7510 2354/2928/7508 2355/2931/7511 2339/3039/7500
f 2343/2936/7512 2365/2937/7513 2366/2941/7514 2342/2939/7515
f 2342/3056/7516 2366/3057/7517 2367/3054/7518 2347/3053/7506
f 2345/3042/7501 2355/2931/7511 2356/2932/7519 2344/2935/7520
f 2344/2935/7521 2356/2932/7519 2357/2933/7522 2343/2936/7512
f 2349/3020/7523 2378/3018/7484 2318/3017/7380 2348/3021/7524
f 2318/2915/7380 2377/2910/7383 2353/2916/7499 2348/2922/7524
f 2351/3051/7496 2367/3054/7518 2368/3028/7525 2350/3024/7526
f 2350/3024/7526 2368/3028/7525 2369/3023/7527 2349/3020/7523
f 2359/3034/7528 2363/3029/7529 2364/3033/7530 2358/3035/7531
f 2358/2934/7531 2364/2938/7532 2365/2937/7513 2357/2933/7522
f 2361/2925/7507 2320/2918/7397 2370/2926/7436 2360/2929/7533
f 2360/3036/7533 2370/3037/7436 2331/3031/7447 2359/3034/7528
f 2363/3029/7529 2379/3027/7488 2333/3022/7487 2362/3026/7534
f 2333/3022/7487 2380/3019/7535 2369/3023/7527 2362/3026/7534
f 2339/3039/7500 2355/2931/7511 2345/3042/7501
f 2361/2925/7507 2341/2917/7494 2381/2912/7365 2320/2918/7397
f 2347/3053/7506 2367/3054/7518 2351/3051/7496 2337/3048/7495
f 2357/2933/7522 2365/2937/7513 2343/2936/7512
f 2340/2924/7509 2372/2921/7536 2334/2914/7493 2341/2917/7494
f 2334/2914/7493 2372/2921/7536 2336/2920/7498 2335/2913/7491
f 2336/3049/7498 2372/3052/7536 2338/3058/7504 2337/3048/7495
f 2338/3040/7503 2372/2921/7537 2340/2924/7510 2339/3039/7500
f 2346/3041/7505 2373/3043/7538 2342/3056/7516 2347/3053/7506
f 2342/2939/7515 2373/2940/7539 2344/2935/7521 2343/2936/7512
f 2344/2935/7520 2373/2940/7540 2346/3059/7502 2345/3042/7501
f 2352/3050/7497 2374/3025/7541 2348/3021/7524 2353/3055/7499
f 2348/3021/7524 2374/3025/7541 2350/3024/7526 2349/3020/7523
f 2350/3024/7526 2374/3025/7541 2352/3050/7497 2351/3051/7496
f 2360/2929/7533 2375/2930/7542 2354/2928/7508 2361/2925/7507
f 2354/2928/7508 2375/2930/7542 2356/2932/7519 2355/2931/7511
f 2356/2932/7519 2375/2930/7542 2358/2934/7531 2357/2933/7522
f 2358/3035/7531 2375/3038/7542 2360/3036/7533 2359/3034/7528
f 2368/3028/7525 2376/3030/7543 2362/3026/7534 2369/3023/7527
f 2362/3026/7534 2376/3030/7543 2364/3033/7530 2363/3029/7529
f 2364/2938/7532 2376/2942/7544 2366/2941/7514 2365/2937/7513
f 2366/3057/7517 2376/3030/7543 2368/3028/7525 2367/3054/7518
f 2377/2910/7383 2382/2908/7492 2335/2913/7491 2353/2916/7499
f 2316/2906/7382 2312/2904/7545 2382/2908/7492 2377/2910/7383
f 2333/3022/7487 2328/2970/7546 2327/3016/7547 2380/3019/7535
f 2331/3031/7447 2332/3032/7548 2329/2967/7489 2379/3027/7488
f 2363/3029/7529 2359/3034/7528 2331/3031/7447 2379/3027/7488
f 2349/3020/7523 2369/3023/7527 2380/3019/7535 2378/3018/7484
f 2378/3018/7484 2380/3019/7535 2327/3016/7547 2324/3015/7485
f 2371/2907/7366 2382/2908/7492 2312/2904/7545 2311/2903/7367
g default
v 0.000001 10.787150 -6.501015
v 1.958610 10.787150 -6.501015
v 2.046520 10.774904 -6.501015
v 2.127737 10.739098 -6.501015
v 3.527163 9.874058 -6.501015
v 3.608380 9.838252 -6.501015
v 3.696290 9.826006 -6.501015
v 3.696290 9.826006 -7.501015
v 3.608380 9.838252 -7.501015
v 3.527163 9.874058 -7.501015
v 2.127737 10.739098 -7.501015
v 2.046520 10.774904 -7.501015
v 1.958610 10.787150 -7.501015
v 0.000001 10.787150 -7.501015
v 2.046520 10.394478 -7.466224
v 2.049332 10.404375 -7.490825
v 2.056121 10.428268 -7.501015
v 2.143979 10.389534 -7.501015
v 2.132494 10.367712 -7.490825
v 2.127737 10.358672 -7.466224
v 2.127737 10.358672 -6.535807
v 2.132494 10.367712 -6.511205
v 2.143979 10.389534 -6.501015
v 2.046520 10.394478 -6.535807
v 2.049332 10.404375 -6.511205
v 2.056121 10.428268 -6.501015
v 1.958610 10.406725 -7.466224
v 1.959316 10.416914 -7.490825
v 1.961022 10.441516 -7.501015
v 1.961022 10.441516 -6.501015
v 1.959316 10.416914 -6.511205
v 1.958610 10.406725 -6.535807
v 2.111495 11.088662 -6.501015
v 2.122980 11.110485 -6.511205
v 2.127737 11.119524 -6.535807
v 2.046520 11.155331 -6.535807
v 2.043708 11.145433 -6.511205
v 2.036920 11.121540 -6.501015
v 1.958610 11.167576 -6.535807
v 1.957904 11.157387 -6.511205
v 1.956198 11.132785 -6.501015
v 2.127737 11.119524 -7.466224
v 2.122980 11.110485 -7.490825
v 2.111495 11.088662 -7.501015
v 2.046520 11.155331 -7.466224
v 2.043708 11.145433 -7.490825
v 2.036920 11.121540 -7.501015
v 1.956198 11.132785 -7.501015
v 1.957904 11.157387 -7.490825
v 1.958610 11.167576 -7.466224
v 3.608380 9.457827 -7.466224
v 3.611192 9.467723 -7.490825
v 3.617980 9.491616 -7.501015
v 3.698702 9.480371 -7.501015
v 3.696997 9.455770 -7.490825
v 3.696290 9.445580 -7.466224
v 3.696290 9.445580 -6.535807
v 3.696997 9.455770 -6.511205
v 3.698702 9.480371 -6.501015
v 3.608380 9.457827 -6.535807
v 3.611192 9.467723 -6.511205
v 3.617980 9.491616 -6.501015
v 3.527163 9.493632 -7.466224
v 3.531920 9.502672 -7.490825
v 3.543405 9.524494 -7.501015
v 3.543405 9.524494 -6.501015
v 3.531920 9.502672 -6.511205
v 3.527163 9.493632 -6.535807
v 3.693879 10.171640 -6.501015
v 3.695584 10.196241 -6.511205
v 3.696290 10.206432 -6.535807
v 3.608380 10.218678 -6.535807
v 3.605568 10.208781 -6.511205
v 3.598780 10.184888 -6.501015
v 3.527163 10.254484 -6.535807
v 3.522406 10.245445 -6.511205
v 3.510921 10.223622 -6.501015
v 3.696290 10.206432 -7.466224
v 3.695584 10.196241 -7.490825
v 3.693879 10.171640 -7.501015
v 3.608380 10.218678 -7.466224
v 3.605568 10.208781 -7.490825
v 3.598780 10.184888 -7.501015
v 3.510921 10.223622 -7.501015
v 3.522406 10.245445 -7.490825
v 3.527163 10.254484 -7.466224
v 0.000001 10.441516 -6.501015
v 0.000001 10.416914 -6.511205
v 0.000001 10.406725 -6.535807
v 0.000001 10.406725 -7.466224
v 0.000001 10.416914 -7.490825
v 0.000001 10.441516 -7.501015
v 0.000001 11.167576 -6.535807
v 0.000001 11.157387 -6.511205
v 0.000001 11.132785 -6.501015
v 0.000001 11.132785 -7.501015
v 0.000001 11.157387 -7.490825
v 0.000001 11.167576 -7.466224
v 6.544469 9.669899 -7.501015
v 6.564266 9.652271 -7.490825
v 6.572466 9.644968 -7.466224
v 6.572466 10.007044 -7.466224
v 6.564266 9.999741 -7.490825
v 6.544469 9.982113 -7.501015
v 6.544469 9.982113 -6.501015
v 6.564266 9.999741 -6.511205
v 6.572466 10.007044 -6.535807
v 6.572466 9.644968 -6.535807
v 6.564266 9.652271 -6.511205
v 6.544469 9.669899 -6.501015
v 6.624411 9.904051 -7.466224
v 6.638044 9.826006 -7.466224
v 6.624411 9.747961 -7.466224
v 6.613579 9.904051 -7.490825
v 6.627213 9.826006 -7.490825
v 6.613579 9.747961 -7.490825
v 6.578358 9.826006 -7.501015
v 6.578358 9.826006 -6.501015
v 6.613579 9.904051 -6.511205
v 6.627213 9.826006 -6.511205
v 6.613579 9.747961 -6.511205
v 6.624411 9.747961 -6.535807
v 6.638044 9.826006 -6.535807
v 6.624411 9.904051 -6.535807
v 6.301087 9.498845 -7.501015
v 6.215379 9.480371 -7.501015
v 6.226171 9.826006 -7.501015
v 6.312594 9.826006 -7.501015
v 6.221680 9.455770 -7.490825
v 6.306176 9.473906 -7.490825
v 6.308574 9.463741 -7.466224
v 6.224114 9.445580 -7.466224
v 6.308575 9.463742 -6.535807
v 6.224113 9.445580 -6.535807
v 6.221694 9.455770 -6.511205
v 6.306163 9.473900 -6.511205
v 6.301087 9.498845 -6.501015
v 6.215379 9.480371 -6.501015
v 6.312594 9.826006 -6.501015
v 6.226171 9.826006 -6.501015
v 6.215379 10.171640 -6.501015
v 6.301087 10.153167 -6.501015
v 6.221680 10.196241 -6.511205
v 6.306176 10.178106 -6.511205
v 6.308574 10.188271 -6.535807
v 6.224114 10.206432 -6.535807
v 6.308575 10.188270 -7.466224
v 6.224113 10.206432 -7.466224
v 6.221694 10.196241 -7.490825
v 6.306163 10.178112 -7.490825
v 6.301087 10.153167 -7.501015
v 6.215379 10.171640 -7.501015
v -1.958607 10.787150 -6.501015
v -2.046518 10.774904 -6.501015
v -2.127735 10.739098 -6.501015
v -3.527161 9.874058 -6.501015
v -3.608378 9.838252 -6.501015
v -3.696288 9.826006 -6.501015
v -3.696288 9.826006 -7.501015
v -3.608378 9.838252 -7.501015
v -3.527161 9.874058 -7.501015
v -2.127735 10.739098 -7.501015
v -2.046518 10.774904 -7.501015
v -1.958607 10.787150 -7.501015
v -2.046518 10.394478 -7.466224
v -2.049330 10.404375 -7.490825
v -2.056118 10.428268 -7.501015
v -2.143976 10.389534 -7.501015
v -2.132492 10.367712 -7.490825
v -2.127735 10.358672 -7.466224
v -2.127735 10.358672 -6.535807
v -2.132492 10.367712 -6.511205
v -2.143976 10.389534 -6.501015
v -2.046518 10.394478 -6.535807
v -2.049330 10.404375 -6.511205
v -2.056118 10.428268 -6.501015
v -1.958607 10.406725 -7.466224
v -1.959314 10.416914 -7.490825
v -1.961019 10.441516 -7.501015
v -1.961019 10.441516 -6.501015
v -1.959314 10.416914 -6.511205
v -1.958607 10.406725 -6.535807
v -2.111493 11.088662 -6.501015
v -2.122977 11.110485 -6.511205
v -2.127735 11.119524 -6.535807
v -2.046518 11.155331 -6.535807
v -2.043706 11.145433 -6.511205
v -2.036917 11.121540 -6.501015
v -1.958607 11.167576 -6.535807
v -1.957901 11.157387 -6.511205
v -1.956196 11.132785 -6.501015
v -2.127735 11.119524 -7.466224
v -2.122977 11.110485 -7.490825
v -2.111493 11.088662 -7.501015
v -2.046518 11.155331 -7.466224
v -2.043706 11.145433 -7.490825
v -2.036917 11.121540 -7.501015
v -1.956196 11.132785 -7.501015
v -1.957901 11.157387 -7.490825
v -1.958607 11.167576 -7.466224
v -3.608378 9.457827 -7.466224
v -3.611190 9.467723 -7.490825
v -3.617978 9.491616 -7.501015
v -3.698700 9.480371 -7.501015
v -3.696995 9.455770 -7.490825
v -3.696288 9.445580 -7.466224
v -3.696288 9.445580 -6.535807
v -3.696995 9.455770 -6.511205
v -3.698700 9.480371 -6.501015
v -3.608378 9.457827 -6.535807
v -3.611190 9.467723 -6.511205
v -3.617978 9.491616 -6.501015
v -3.527161 9.493632 -7.466224
v -3.531918 9.502672 -7.490825
v -3.543403 9.524494 -7.501015
v -3.543403 9.524494 -6.501015
v -3.531918 9.502672 -6.511205
v -3.527161 9.493632 -6.535807
v -3.693877 10.171640 -6.501015
v -3.695582 10.196241 -6.511205
v -3.696288 10.206432 -6.535807
v -3.608378 10.218678 -6.535807
v -3.605566 10.208781 -6.511205
v -3.598777 10.184888 -6.501015
v -3.527161 10.254484 -6.535807
v -3.522404 10.245445 -6.511205
v -3.510919 10.223622 -6.501015
v -3.696288 10.206432 -7.466224
v -3.695582 10.196241 -7.490825
v -3.693877 10.171640 -7.501015
v -3.608378 10.218678 -7.466224
v -3.605566 10.208781 -7.490825
v -3.598777 10.184888 -7.501015
v -3.510919 10.223622 -7.501015
v -3.522404 10.245445 -7.490825
v -3.527161 10.254484 -7.466224
v -7.159892 9.669899 -7.501015
v -7.179688 9.652271 -7.490825
v -7.187889 9.644968 -7.466224
v -7.187889 10.007044 -7.466224
v -7.179688 9.999741 -7.490825
v -7.159892 9.982113 -7.501015
v -7.159892 9.982113 -6.501015
v -7.179688 9.999741 -6.511205
v -7.187889 10.007044 -6.535807
v -7.187889 9.644968 -6.535807
v -7.179688 9.652271 -6.511205
v -7.159892 9.669899 -6.501015
v -7.239833 9.904051 -7.466224
v -7.253467 9.826006 -7.466224
v -7.239833 9.747961 -7.466224
v -7.229002 9.904051 -7.490825
v -7.242635 9.826006 -7.490825
v -7.229002 9.747961 -7.490825
v -7.193780 9.826006 -7.501015
v -7.193780 9.826006 -6.501015
v -7.229002 9.904051 -6.511205
v -7.242635 9.826006 -6.511205
v -7.229002 9.747961 -6.511205
v -7.239833 9.747961 -6.535807
v -7.253467 9.826006 -6.535807
v -7.239833 9.904051 -6.535807
v -6.778496 9.498845 -7.501015
v -6.692789 9.480371 -7.501015
v -6.703580 9.826006 -7.501015
v -6.790003 9.826006 -7.501015
v -6.699089 9.455770 -7.490825
v -6.783585 9.473906 -7.490825
v -6.785984 9.463741 -7.466224
v -6.701523 9.445580 -7.466224
v -6.785985 9.463742 -6.535807
v -6.701522 9.445580 -6.535807
v -6.699103 9.455770 -6.511205
v -6.783572 9.473900 -6.511205
v -6.778496 9.498845 -6.501015
v -6.692789 9.480371 -6.501015
v -6.790003 9.826006 -6.501015
v -6.703580 9.826006 -6.501015
v -6.692789 10.171640 -6.501015
v -6.778496 10.153167 -6.501015
v -6.699089 10.196241 -6.511205
v -6.783585 10.178106 -6.511205
v -6.785984 10.188271 -6.535807
v -6.701523 10.206432 -6.535807
v -6.785985 10.188270 -7.466224
v -6.701522 10.206432 -7.466224
v -6.699103 10.196241 -7.490825
v -6.783572 10.178112 -7.490825
v -6.778496 10.153167 -7.501015
v -6.692789 10.171640 -7.501015
vt 0.401809 0.839019
vt 0.401350 0.839019
vt 0.401350 0.837563
vt 0.401809 0.837563
vt 0.401351 0.840940
vt 0.401809 0.840803
vt 0.383997 0.837563
vt 0.383997 0.839019
vt 0.401350 0.836107
vt 0.401809 0.836107
vt 0.383997 0.840940
vt 0.401809 0.844130
vt 0.401351 0.844320
vt 0.383997 0.836108
vt 0.383538 0.839019
vt 0.383538 0.837563
vt 0.401809 0.834323
vt 0.401350 0.834186
vt 0.383997 0.844320
vt 0.383538 0.840804
vt 0.383997 0.834187
vt 0.383538 0.836108
vt 0.401809 0.830996
vt 0.401350 0.830806
vt 0.383538 0.844130
vt 0.383997 0.830807
vt 0.383538 0.834323
vt 0.383538 0.830996
vt 0.401809 0.574247
vt 0.401809 0.575702
vt 0.401351 0.575702
vt 0.401351 0.574247
vt 0.401809 0.577158
vt 0.401351 0.577158
vt 0.383997 0.575702
vt 0.383997 0.574247
vt 0.401351 0.572326
vt 0.401809 0.572462
vt 0.401809 0.578943
vt 0.401350 0.579079
vt 0.383997 0.577158
vt 0.383538 0.575702
vt 0.383538 0.574247
vt 0.383997 0.572326
vt 0.383997 0.579079
vt 0.383538 0.577158
vt 0.383538 0.572462
vt 0.383538 0.578943
vt 0.807515 0.453448
vt 0.809078 0.453445
vt 0.808989 0.453907
vt 0.807463 0.453910
vt 0.835374 0.453395
vt 0.835286 0.453857
vt 0.809022 0.471391
vt 0.807496 0.471394
vt 0.805811 0.453913
vt 0.805823 0.453451
vt 0.836812 0.453855
vt 0.836864 0.453392
vt 0.835319 0.471341
vt 0.809112 0.471853
vt 0.807550 0.471856
vt 0.805844 0.471397
vt 0.769007 0.453983
vt 0.769006 0.453521
vt 0.836845 0.471338
vt 0.838476 0.453389
vt 0.838464 0.453851
vt 0.835409 0.471803
vt 0.805858 0.471859
vt 0.769040 0.471466
vt 0.732202 0.454052
vt 0.732188 0.453590
vt 0.838497 0.471335
vt 0.836899 0.471800
vt 0.885918 0.453299
vt 0.885964 0.453762
vt 0.769040 0.471929
vt 0.732235 0.471536
vt 0.730550 0.454056
vt 0.730497 0.453593
vt 0.885997 0.471245
vt 0.838511 0.471797
vt 0.887505 0.453296
vt 0.887551 0.453759
vt 0.732223 0.471998
vt 0.730583 0.471539
vt 0.729024 0.454059
vt 0.728934 0.453596
vt 0.887584 0.471242
vt 0.885953 0.471707
vt 0.730531 0.472001
vt 0.729057 0.471542
vt 0.702728 0.454108
vt 0.702637 0.453646
vt 0.887540 0.471704
vt 0.728969 0.472004
vt 0.702761 0.471592
vt 0.701201 0.454111
vt 0.701148 0.453649
vt 0.702672 0.472054
vt 0.701234 0.471595
vt 0.699549 0.454114
vt 0.699535 0.453652
vt 0.701182 0.472057
vt 0.699583 0.471598
vt 0.643078 0.454221
vt 0.643123 0.453759
vt 0.699570 0.472060
vt 0.643111 0.471705
vt 0.641535 0.453762
vt 0.641491 0.454224
vt 0.643157 0.472167
vt 0.641524 0.471708
vt 0.633939 0.454238
vt 0.634092 0.453776
vt 0.641570 0.472170
vt 0.633972 0.471722
vt 0.634127 0.472184
vt 0.401350 0.752828
vt 0.401350 0.751313
vt 0.401809 0.751261
vt 0.401809 0.752739
vt 0.383997 0.752828
vt 0.383997 0.751313
vt 0.401350 0.749674
vt 0.401809 0.749660
vt 0.401809 0.778841
vt 0.401350 0.778929
vt 0.383997 0.778929
vt 0.383538 0.752739
vt 0.383538 0.751261
vt 0.383997 0.749674
vt 0.401350 0.713143
vt 0.401809 0.713143
vt 0.401350 0.780444
vt 0.401809 0.780392
vt 0.383997 0.780444
vt 0.383538 0.778841
vt 0.383538 0.749660
vt 0.383997 0.713143
vt 0.401350 0.676612
vt 0.401809 0.676625
vt 0.401350 0.782084
vt 0.401809 0.782071
vt 0.383997 0.782084
vt 0.383538 0.780392
vt 0.383538 0.713143
vt 0.383997 0.676612
vt 0.401350 0.674973
vt 0.401809 0.675025
vt 0.401809 0.829186
vt 0.401350 0.829231
vt 0.383997 0.829231
vt 0.383538 0.782071
vt 0.383538 0.676625
vt 0.383997 0.674973
vt 0.401350 0.673458
vt 0.401809 0.673546
vt 0.401809 0.830762
vt 0.383538 0.829186
vt 0.383538 0.675025
vt 0.383997 0.673458
vt 0.401350 0.647357
vt 0.401809 0.647445
vt 0.383538 0.830761
vt 0.383538 0.673546
vt 0.383997 0.647357
vt 0.401350 0.645842
vt 0.401809 0.645894
vt 0.383538 0.647445
vt 0.383997 0.645842
vt 0.401350 0.644202
vt 0.401809 0.644215
vt 0.383538 0.645894
vt 0.383997 0.644202
vt 0.401350 0.588150
vt 0.401809 0.588196
vt 0.383538 0.644215
vt 0.383997 0.588150
vt 0.401809 0.586620
vt 0.401350 0.586575
vt 0.383538 0.588195
vt 0.383997 0.586575
vt 0.401809 0.579232
vt 0.383538 0.586620
vt 0.383538 0.579232
vt 0.369939 0.751492
vt 0.369217 0.753131
vt 0.368810 0.752917
vt 0.369493 0.751366
vt 0.376404 0.751313
vt 0.375736 0.752828
vt 0.353082 0.779232
vt 0.352675 0.779018
vt 0.369727 0.749687
vt 0.370186 0.749719
vt 0.376633 0.749674
vt 0.382869 0.751134
vt 0.382256 0.752525
vt 0.359602 0.778929
vt 0.352023 0.780497
vt 0.352469 0.780623
vt 0.369727 0.713143
vt 0.370186 0.713143
vt 0.376633 0.713143
vt 0.383079 0.749629
vt 0.383315 0.751261
vt 0.382663 0.752739
vt 0.366122 0.778626
vt 0.358934 0.780444
vt 0.352260 0.782129
vt 0.351801 0.782097
vt 0.369727 0.676599
vt 0.370186 0.676567
vt 0.376633 0.676612
vt 0.383079 0.713143
vt 0.366529 0.778841
vt 0.365400 0.780265
vt 0.358706 0.782084
vt 0.352260 0.829068
vt 0.351801 0.829186
vt 0.369493 0.674920
vt 0.369939 0.674793
vt 0.376404 0.674973
vt 0.383079 0.676657
vt 0.365845 0.780392
vt 0.365152 0.782039
vt 0.358706 0.829269
vt 0.352604 0.830667
vt 0.352139 0.830762
vt 0.368810 0.673369
vt 0.369217 0.673155
vt 0.375736 0.673458
vt 0.382869 0.675152
vt 0.383538 0.676625
vt 0.365611 0.782071
vt 0.365152 0.829068
vt 0.358706 0.830881
vt 0.355794 0.835206
vt 0.355466 0.835575
vt 0.352675 0.647268
vt 0.353082 0.647054
vt 0.359602 0.647357
vt 0.382256 0.673761
vt 0.383315 0.675025
vt 0.365611 0.829186
vt 0.364808 0.830667
vt 0.358706 0.835838
vt 0.357250 0.836495
vt 0.352023 0.645789
vt 0.352469 0.645663
vt 0.358934 0.645842
vt 0.366122 0.647659
vt 0.382663 0.673546
vt 0.365273 0.830761
vt 0.361617 0.835206
vt 0.360162 0.836495
vt 0.358706 0.836749
vt 0.351801 0.644189
vt 0.352260 0.644157
vt 0.358706 0.644202
vt 0.365400 0.646021
vt 0.366529 0.647445
vt 0.361946 0.835575
vt 0.351801 0.588196
vt 0.352260 0.588313
vt 0.358706 0.588112
vt 0.365152 0.644247
vt 0.365845 0.645894
vt 0.352604 0.586715
vt 0.352139 0.586620
vt 0.358706 0.586500
vt 0.365152 0.588313
vt 0.365611 0.644215
vt 0.355466 0.579232
vt 0.355794 0.579601
vt 0.358706 0.578969
vt 0.364808 0.586715
vt 0.365611 0.588195
vt 0.357250 0.578312
vt 0.361617 0.579601
vt 0.365273 0.586620
vt 0.358706 0.578058
vt 0.360162 0.578312
vt 0.361946 0.579232
vt 0.415408 0.751492
vt 0.415161 0.749719
vt 0.415620 0.749687
vt 0.415854 0.751366
vt 0.408943 0.751313
vt 0.408715 0.749674
vt 0.415161 0.713143
vt 0.415620 0.713143
vt 0.416131 0.753131
vt 0.416538 0.752917
vt 0.409611 0.752828
vt 0.402478 0.751134
vt 0.402268 0.749629
vt 0.408715 0.713143
vt 0.415161 0.676567
vt 0.415620 0.676599
vt 0.432672 0.779018
vt 0.432265 0.779232
vt 0.425745 0.778929
vt 0.403091 0.752525
vt 0.402032 0.751261
vt 0.402268 0.713143
vt 0.408715 0.676612
vt 0.415408 0.674793
vt 0.415854 0.674920
vt 0.432878 0.780623
vt 0.433324 0.780497
vt 0.426413 0.780444
vt 0.419225 0.778626
vt 0.402684 0.752739
vt 0.402268 0.676657
vt 0.408943 0.674973
vt 0.416131 0.673155
vt 0.416538 0.673369
vt 0.433088 0.782129
vt 0.433547 0.782097
vt 0.426641 0.782084
vt 0.419948 0.780265
vt 0.418818 0.778841
vt 0.401809 0.676625
vt 0.402478 0.675152
vt 0.409611 0.673458
vt 0.432265 0.647054
vt 0.432672 0.647268
vt 0.433547 0.829186
vt 0.433088 0.829068
vt 0.426642 0.829269
vt 0.420195 0.782039
vt 0.419502 0.780392
vt 0.402032 0.675025
vt 0.403091 0.673761
vt 0.425745 0.647357
vt 0.432878 0.645663
vt 0.433324 0.645789
vt 0.433209 0.830761
vt 0.432743 0.830667
vt 0.426642 0.830881
vt 0.420195 0.829068
vt 0.419736 0.782071
vt 0.402684 0.673546
vt 0.419225 0.647659
vt 0.426413 0.645842
vt 0.433088 0.644157
vt 0.433547 0.644189
vt 0.429882 0.835575
vt 0.429553 0.835206
vt 0.426642 0.835838
vt 0.420539 0.830667
vt 0.419736 0.829186
vt 0.418818 0.647445
vt 0.419948 0.646021
vt 0.426641 0.644202
vt 0.433088 0.588313
vt 0.433546 0.588195
vt 0.428097 0.836495
vt 0.423730 0.835206
vt 0.420074 0.830762
vt 0.419502 0.645894
vt 0.420195 0.644247
vt 0.426641 0.588112
vt 0.433208 0.586620
vt 0.432743 0.586715
vt 0.426642 0.836749
vt 0.425186 0.836495
vt 0.423401 0.835575
vt 0.419736 0.644215
vt 0.420195 0.588313
vt 0.426641 0.586500
vt 0.429553 0.579601
vt 0.429881 0.579232
vt 0.419736 0.588196
vt 0.420539 0.586715
vt 0.426641 0.578969
vt 0.428097 0.578312
vt 0.420074 0.586620
vt 0.423730 0.579601
vt 0.426641 0.578058
vt 0.425185 0.578312
vt 0.423401 0.579232
vn -0.006798 -0.023944 -0.999690
vn -0.012285 -0.020208 -0.999720
vn -0.198708 -0.326862 -0.923946
vn -0.103727 -0.365095 -0.925174
vn -0.252139 -0.887449 -0.385823
vn -0.480108 -0.789254 -0.382850
vn -0.519740 -0.854256 -0.010857
vn -0.273288 -0.961866 -0.011257
vn -0.006808 -0.023944 0.999690
vn -0.000166 -0.026485 0.999649
vn -0.002403 -0.382533 0.923939
vn -0.103731 -0.365098 0.925172
vn -0.252142 -0.887451 0.385819
vn -0.005591 -0.923817 0.382795
vn -0.005986 -0.999923 0.010856
vn -0.273288 -0.961866 0.011257
vn 0.519746 0.854257 0.010493
vn 0.273286 0.961878 0.010294
vn 0.252141 0.887455 0.385809
vn 0.480241 0.789182 0.382832
vn 0.198949 0.326726 0.923942
vn 0.103727 0.365097 0.925173
vn 0.008978 0.031609 0.999460
vn 0.025568 0.041990 0.998791
vn 0.008983 0.031609 -0.999460
vn 0.000162 0.028525 -0.999593
vn 0.002175 0.382533 -0.923939
vn 0.103731 0.365097 -0.925173
vn 0.252143 0.887455 -0.385808
vn 0.005466 0.923834 -0.382755
vn 0.005981 0.999927 -0.010489
vn 0.273286 0.961878 -0.010294
vn -0.008981 -0.031609 -0.999460
vn -0.000127 -0.028483 -0.999594
vn -0.001704 -0.382583 -0.923920
vn -0.103725 -0.365098 -0.925173
vn -0.252144 -0.887444 -0.385832
vn -0.004278 -0.923823 -0.382795
vn -0.004680 -0.999934 -0.010487
vn -0.273290 -0.961877 -0.010295
vn -0.008980 -0.031610 0.999460
vn -0.025568 -0.041990 0.998791
vn -0.198946 -0.326733 0.923940
vn -0.103731 -0.365099 0.925172
vn -0.252139 -0.887447 0.385829
vn -0.480232 -0.789180 0.382848
vn -0.519745 -0.854257 0.010493
vn -0.273290 -0.961877 0.010295
vn 0.004682 0.999930 0.010850
vn 0.273283 0.961868 0.011258
vn 0.252140 0.887446 0.385831
vn 0.004377 0.923819 0.382805
vn 0.001886 0.382565 0.923927
vn 0.103737 0.365100 0.925171
vn 0.006805 0.023943 0.999690
vn 0.000130 0.026483 0.999649
vn 0.006801 0.023943 -0.999690
vn 0.012286 0.020207 -0.999720
vn 0.198709 0.326854 -0.923949
vn 0.103731 0.365100 -0.925171
vn 0.252142 0.887445 -0.385831
vn 0.480111 0.789260 -0.382836
vn 0.519740 0.854255 -0.010856
vn 0.273283 0.961868 -0.011258
vn -0.519740 -0.854256 0.010857
vn -0.005986 -0.999923 -0.010856
vn -0.004680 -0.999934 0.010488
vn -0.519745 -0.854257 -0.010493
vn 0.000000 -0.999943 0.010671
vn 0.000000 -0.999943 -0.010671
vn 0.000000 0.000000 1.000000
vn 0.000000 -0.027518 0.999621
vn -0.000000 0.000000 1.000000
vn 0.000000 0.999943 -0.010666
vn 0.000000 0.999943 0.010666
vn 0.005981 0.999927 0.010489
vn 0.000000 -0.027518 -0.999621
vn 0.000000 0.000000 -1.000000
vn 0.000000 0.000000 -1.000000
vn -0.000166 -0.026485 -0.999649
vn -0.012285 -0.020208 0.999720
vn 0.000000 0.000000 1.000000
vn -0.000000 0.000000 1.000000
vn 0.519740 0.854256 0.010856
vn 0.519746 0.854257 -0.010493
vn 0.000001 0.000000 -1.000000
vn 0.000000 0.000000 -1.000000
vn -0.025568 -0.041990 -0.998791
vn -0.000004 0.000000 1.000000
vn 0.000004 0.000000 -1.000000
vn -0.000127 -0.028483 0.999594
vn -0.000000 0.000000 1.000000
vn 0.000001 0.000000 1.000000
vn 0.004682 0.999930 -0.010850
vn -0.000001 0.000000 -1.000000
vn 0.000000 0.000000 -1.000000
vn 0.000000 0.027508 0.999622
vn 0.000162 0.028525 0.999593
vn 0.012285 0.020207 0.999720
vn 0.000131 0.026483 -0.999649
vn 0.025570 0.041990 -0.998791
vn 0.000000 0.027508 -0.999622
vn -0.005591 -0.923817 -0.382795
vn -0.002402 -0.382533 -0.923939
vn -0.198707 -0.326862 0.923946
vn -0.480105 -0.789256 0.382851
vn 0.000000 -0.923888 -0.382664
vn 0.000000 -0.382677 -0.923882
vn 0.000000 -0.382677 0.923882
vn 0.000000 -0.923888 0.382664
vn 0.005466 0.923834 0.382755
vn 0.002174 0.382533 0.923939
vn 0.000000 0.923903 0.382626
vn 0.000000 0.382661 0.923889
vn 0.198948 0.326726 -0.923943
vn 0.480237 0.789184 -0.382833
vn 0.000000 0.382661 -0.923889
vn 0.000000 0.923903 -0.382626
vn -0.480236 -0.789178 -0.382847
vn -0.198946 -0.326733 -0.923940
vn -0.001704 -0.382584 0.923919
vn -0.004278 -0.923824 0.382794
vn 0.480114 0.789258 0.382835
vn 0.198710 0.326854 0.923948
vn 0.001885 0.382566 -0.923926
vn 0.004376 0.923819 -0.382804
vn 0.019504 -0.000000 -0.999810
vn 0.224611 0.063528 -0.972375
vn 0.204175 0.000000 -0.978935
vn 0.224603 -0.063529 -0.972377
vn 0.861812 -0.323245 0.390886
vn 0.940266 -0.340286 0.010250
vn 0.999941 0.000000 0.010853
vn 0.915213 0.000000 0.402970
vn 0.940266 0.340286 0.010250
vn 0.861816 0.323246 0.390878
vn 0.940266 -0.340286 -0.010250
vn 0.892782 -0.450387 0.009597
vn 0.892782 -0.450387 -0.009597
vn 0.892782 0.450387 -0.009596
vn 0.892782 0.450387 0.009596
vn 0.940266 0.340286 -0.010250
vn 0.861817 0.323244 -0.390878
vn 0.823780 0.419830 -0.380959
vn 0.224396 0.218772 -0.949624
vn 0.034647 0.032409 -0.998874
vn 0.034647 -0.032408 -0.998874
vn 0.224393 -0.218762 -0.949627
vn 0.823775 -0.419827 -0.380972
vn 0.861815 -0.323242 -0.390883
vn 0.034648 0.032409 0.998874
vn 0.019505 0.000000 0.999810
vn 0.224625 0.063529 0.972372
vn 0.224398 0.218767 0.949624
vn 0.823781 0.419828 0.380958
vn 0.823777 -0.419826 0.380971
vn 0.224401 -0.218769 0.949623
vn 0.224625 -0.063529 0.972372
vn 0.034649 -0.032409 0.998874
vn 0.915217 -0.000000 -0.402963
vn 0.999941 0.000000 -0.010853
vn 0.204175 0.000000 0.978935
vn 0.029936 -0.050398 -0.998281
vn 0.180134 -0.328816 -0.927056
vn 0.003201 -0.381962 -0.924172
vn 0.000185 -0.030711 -0.999528
vn 0.000000 0.000000 -1.000000
vn 0.000000 0.000000 -1.000000
vn 0.000184 0.030726 -0.999528
vn 0.029939 0.050404 -0.998280
vn 0.462272 -0.797018 -0.388674
vn 0.496618 -0.867911 -0.010036
vn 0.006963 -0.999925 -0.010098
vn 0.006045 -0.923653 -0.383181
vn 0.496619 -0.867910 0.010039
vn 0.006963 -0.999925 0.010103
vn 0.462244 -0.797040 0.388661
vn 0.006049 -0.923655 0.383178
vn 0.180111 -0.328828 0.927056
vn 0.029938 -0.050404 0.998280
vn 0.000184 -0.030719 0.999528
vn 0.003203 -0.381962 0.924173
vn -0.000000 0.000000 1.000000
vn -0.000000 0.000000 1.000000
vn 0.029934 0.050400 0.998280
vn 0.000184 0.030719 0.999528
vn 0.180129 0.328823 0.927054
vn 0.003197 0.381956 0.924175
vn 0.462274 0.797019 0.388668
vn 0.496618 0.867911 0.010037
vn 0.006963 0.999925 0.010101
vn 0.006044 0.923650 0.383188
vn 0.496619 0.867910 -0.010039
vn 0.006963 0.999925 -0.010105
vn 0.462249 0.797027 -0.388683
vn 0.006047 0.923652 -0.383185
vn 0.180111 0.328830 -0.927055
vn 0.003199 0.381955 -0.924176
vn 0.524059 -0.760721 -0.382969
vn 0.566108 -0.824271 -0.009933
vn 0.524062 0.760728 0.382951
vn 0.566108 0.824271 0.009933
vn 0.566108 -0.824271 0.009935
vn 0.524051 -0.760725 0.382972
vn 0.566108 0.824271 -0.009935
vn 0.524056 0.760711 -0.382993
vn 0.006802 -0.023943 -0.999690
vn 0.103722 -0.365092 -0.925176
vn 0.198708 -0.326859 -0.923947
vn 0.012285 -0.020207 -0.999720
vn 0.252140 -0.887450 -0.385822
vn 0.273287 -0.961867 -0.011257
vn 0.519740 -0.854256 -0.010857
vn 0.480108 -0.789256 -0.382847
vn 0.006807 -0.023943 0.999690
vn 0.103730 -0.365091 0.925175
vn 0.002403 -0.382516 0.923946
vn 0.000166 -0.026485 0.999649
vn 0.252142 -0.887449 0.385822
vn 0.273287 -0.961867 0.011257
vn 0.005986 -0.999923 0.010855
vn 0.005591 -0.923833 0.382754
vn -0.519746 0.854257 0.010492
vn -0.480240 0.789186 0.382825
vn -0.252140 0.887450 0.385821
vn -0.273285 0.961878 0.010295
vn -0.198944 0.326724 0.923944
vn -0.025568 0.041990 0.998791
vn -0.008981 0.031609 0.999460
vn -0.103730 0.365098 0.925172
vn -0.008981 0.031609 -0.999460
vn -0.103728 0.365098 -0.925172
vn -0.002175 0.382540 -0.923936
vn -0.000162 0.028525 -0.999593
vn -0.252137 0.887451 -0.385821
vn -0.273285 0.961878 -0.010295
vn -0.005981 0.999927 -0.010490
vn -0.005466 0.923826 -0.382775
vn 0.008980 -0.031609 -0.999460
vn 0.103720 -0.365093 -0.925175
vn 0.001440 -0.382607 -0.923910
vn 0.000107 -0.028476 -0.999595
vn 0.252144 -0.887445 -0.385831
vn 0.273290 -0.961877 -0.010295
vn 0.003958 -0.999937 -0.010489
vn 0.003617 -0.923832 -0.382780
vn 0.008981 -0.031610 0.999460
vn 0.103733 -0.365102 0.925170
vn 0.198948 -0.326731 0.923941
vn 0.025568 -0.041990 0.998791
vn 0.252139 -0.887446 0.385832
vn 0.273290 -0.961877 0.010295
vn 0.519745 -0.854257 0.010493
vn 0.480236 -0.789179 0.382844
vn -0.003960 0.999933 0.010849
vn -0.003701 0.923829 0.382788
vn -0.252140 0.887445 0.385833
vn -0.273283 0.961868 0.011258
vn -0.001595 0.382584 0.923919
vn -0.000110 0.026497 0.999649
vn -0.006807 0.023943 0.999690
vn -0.103737 0.365099 0.925171
vn -0.006798 0.023943 -0.999690
vn -0.103724 0.365099 -0.925172
vn -0.198704 0.326852 -0.923950
vn -0.012283 0.020207 -0.999720
vn -0.252139 0.887445 -0.385834
vn -0.273283 0.961868 -0.011258
vn -0.519740 0.854256 -0.010856
vn -0.480112 0.789262 -0.382828
vn 0.519740 -0.854256 0.010857
vn 0.005986 -0.999923 -0.010855
vn 0.003958 -0.999937 0.010488
vn 0.519745 -0.854257 -0.010493
vn 0.000000 -0.999943 0.010669
vn 0.000000 -0.999943 -0.010669
vn 0.000000 0.000000 1.000000
vn 0.000000 0.000000 1.000000
vn 0.000000 -0.027517 0.999621
vn 0.000000 0.999943 -0.010666
vn -0.005981 0.999927 0.010490
vn 0.000000 0.999943 0.010666
vn 0.000000 -0.027517 -0.999621
vn 0.000166 -0.026485 -0.999649
vn 0.000000 0.000000 -1.000000
vn 0.000000 0.000000 -1.000000
vn 0.012285 -0.020207 0.999720
vn 0.000000 0.000000 1.000000
vn -0.000000 0.000000 1.000000
vn -0.519746 0.854257 -0.010492
vn -0.519740 0.854256 0.010856
vn 0.000001 0.000000 -1.000000
vn 0.025568 -0.041990 -0.998791
vn 0.000001 0.000000 -1.000000
vn 0.000001 0.000000 1.000000
vn 0.000000 0.000000 -1.000000
vn 0.000107 -0.028476 0.999594
vn -0.000001 0.000000 1.000000
vn 0.000000 0.000000 1.000000
vn -0.003960 0.999933 -0.010849
vn 0.000001 0.000000 -1.000000
vn 0.000000 0.000000 -1.000000
vn 0.000000 0.027508 0.999622
vn -0.000162 0.028525 0.999593
vn -0.012285 0.020207 0.999720
vn -0.000110 0.026498 -0.999649
vn -0.025567 0.041990 -0.998791
vn 0.000000 0.027508 -0.999622
vn 0.005591 -0.923833 -0.382754
vn 0.002402 -0.382516 -0.923946
vn 0.198709 -0.326859 0.923947
vn 0.480108 -0.789255 0.382847
vn 0.000000 -0.923905 -0.382621
vn 0.000000 -0.382659 -0.923890
vn 0.000000 -0.382659 0.923890
vn 0.000000 -0.923905 0.382621
vn -0.005466 0.923826 0.382775
vn -0.002175 0.382540 0.923936
vn 0.000000 0.923895 0.382645
vn 0.000000 0.382669 0.923885
vn -0.198944 0.326724 -0.923944
vn -0.480239 0.789186 -0.382825
vn 0.000000 0.382669 -0.923885
vn 0.000000 0.923895 -0.382645
vn 0.480236 -0.789179 -0.382844
vn 0.198948 -0.326730 -0.923941
vn 0.001440 -0.382600 0.923913
vn 0.003617 -0.923833 0.382779
vn -0.480112 0.789262 0.382828
vn -0.198705 0.326852 0.923950
vn -0.001594 0.382585 -0.923919
vn -0.003701 0.923829 -0.382787
vn -0.012915 -0.000000 -0.999917
vn -0.224600 -0.063528 -0.972378
vn -0.204175 0.000000 -0.978935
vn -0.224607 0.063527 -0.972376
vn -0.861813 -0.323251 0.390879
vn -0.915213 0.000000 0.402970
vn -0.999941 0.000000 0.010853
vn -0.940266 -0.340286 0.010250
vn -0.861814 0.323250 0.390879
vn -0.940266 0.340286 0.010250
vn -0.940266 -0.340286 -0.010250
vn -0.892782 -0.450387 -0.009597
vn -0.892782 -0.450387 0.009597
vn -0.892782 0.450387 -0.009597
vn -0.940266 0.340286 -0.010250
vn -0.892782 0.450387 0.009597
vn -0.823777 0.419835 -0.380959
vn -0.861817 0.323247 -0.390875
vn -0.184662 0.253702 -0.949492
vn -0.025837 0.036485 -0.999000
vn -0.025836 -0.036484 -0.999000
vn -0.184663 -0.253698 -0.949493
vn -0.823771 -0.419831 -0.380976
vn -0.861813 -0.323245 -0.390885
vn -0.025838 0.036484 0.999000
vn -0.184680 0.253698 0.949490
vn -0.224633 0.063527 0.972371
vn -0.012916 0.000000 0.999917
vn -0.823777 0.419835 0.380959
vn -0.823777 -0.419835 0.380959
vn -0.184671 -0.253697 0.949492
vn -0.025837 -0.036484 0.999000
vn -0.224633 -0.063527 0.972371
vn -0.999941 0.000000 -0.010853
vn -0.915219 0.000000 -0.402957
vn -0.204175 0.000000 0.978934
vn -0.019368 -0.047054 -0.998705
vn -0.000156 -0.030711 -0.999528
vn -0.002709 -0.382082 -0.924124
vn -0.141918 -0.352985 -0.924803
vn 0.000000 0.000000 -1.000000
vn 0.000000 0.000000 -1.000000
vn -0.019371 0.047062 -0.998704
vn -0.000156 0.030725 -0.999528
vn -0.350901 -0.854195 -0.383691
vn -0.005109 -0.923690 -0.383107
vn -0.005887 -0.999932 -0.010094
vn -0.379259 -0.925234 -0.010222
vn -0.005887 -0.999932 0.010097
vn -0.379259 -0.925234 0.010225
vn -0.005112 -0.923691 0.383104
vn -0.350894 -0.854222 0.383637
vn -0.141901 -0.352979 0.924808
vn -0.002710 -0.382073 0.924128
vn -0.000156 -0.030718 0.999528
vn -0.019371 -0.047061 0.998704
vn 0.000000 0.000000 1.000000
vn 0.000000 0.000000 1.000000
vn -0.000156 0.030718 0.999528
vn -0.019368 0.047054 0.998705
vn -0.002706 0.382068 0.924130
vn -0.141919 0.352988 0.924802
vn -0.350904 0.854199 0.383680
vn -0.005108 0.923688 0.383112
vn -0.005887 0.999932 0.010096
vn -0.379259 0.925234 0.010222
vn -0.005887 0.999932 -0.010099
vn -0.379259 0.925234 -0.010225
vn -0.005111 0.923689 -0.383109
vn -0.350902 0.854218 -0.383639
vn -0.141903 0.352983 -0.924806
vn -0.002707 0.382067 -0.924130
vn -0.411037 -0.911570 -0.009447
vn -0.379828 -0.842913 -0.381087
vn -0.411037 0.911570 0.009446
vn -0.379831 0.842920 0.381070
vn -0.411037 -0.911570 0.009448
vn -0.379833 -0.842933 0.381040
vn -0.411037 0.911570 -0.009448
vn -0.379841 0.842929 -0.381039
s 1
g all tuijia_001 Sunmao_004
usemtl phong1SG
f 2399/3248/7549 2400/3249/7550 2401/3250/7551 2398/3251/7552
s 2
f 2398/3108/7553 2401/3109/7554 2402/3110/7555 2397/3111/7556
s 3
f 2408/3347/7557 2412/3348/7558 2413/3349/7559 2407/3350/7560
s 2
f 2407/3122/7561 2413/3130/7562 2414/3123/7563 2406/3115/7564
s 5
f 2417/3180/7565 2418/3181/7566 2419/3182/7567 2416/3183/7568
s 3
f 2416/3376/7569 2419/3367/7570 2420/3358/7571 2415/3366/7572
s 1
f 2429/3259/7573 2430/3267/7574 2431/3200/7575 2428/3268/7576
s 5
f 2428/3192/7577 2431/3200/7578 2432/3193/7579 2427/3185/7580
s 1
f 2435/3263/7581 2436/3272/7582 2437/3273/7583 2434/3262/7584
s 2
f 2434/3119/7585 2437/3127/7586 2438/3128/7587 2433/3118/7588
s 3
f 2444/3372/7589 2448/3364/7590 2449/3363/7591 2443/3373/7592
s 2
f 2443/3135/7593 2449/3129/7594 2450/3120/7595 2442/3126/7596
s 5
f 2453/3204/7597 2454/3196/7598 2455/3197/7599 2452/3205/7600
s 3
f 2452/3405/7601 2455/3395/7602 2456/3384/7603 2451/3394/7604
s 1
f 2465/3279/7605 2466/3270/7606 2467/3278/7607 2464/3287/7608
s 5
f 2464/3207/7609 2467/3199/7610 2468/3190/7611 2463/3198/7612
s 2
f 2402/3110/7555 2403/3114/7613 2406/3115/7564 2397/3111/7556
f 2397/3111/7556 2406/3115/7564 2414/3123/7563 2409/3116/7614
f 2438/3128/7587 2439/3134/7615 2442/3126/7596 2433/3118/7588
f 2433/3118/7588 2442/3126/7596 2450/3120/7595 2445/3113/7616
f 2471/3131/7617 2472/3124/7618 2409/3116/7614 2414/3123/7563
s 3
f 2383/3360/7619 2469/3353/7620 2412/3348/7558 2384/3352/7621
s 5
f 2480/3201/7622 2475/3194/7623 2421/3186/7624 2432/3193/7579
s 1
f 2474/3265/7625 2396/3266/7626 2395/3258/7627 2411/3257/7628
s 2
f 2402/3110/7555 2445/3113/7616 2450/3120/7595 2403/3114/7613
s 3
f 2405/3355/7629 2448/3364/7590 2387/3365/7630 2386/3357/7631
s 5
f 2417/3180/7565 2457/3189/7632 2468/3190/7611 2424/3184/7633
s 1
f 2393/3253/7634 2392/3261/7635 2447/3254/7636 2400/3249/7550
s 3
f 2405/3355/7629 2386/3357/7631 2385/3351/7637 2408/3347/7557
f 2408/3347/7557 2385/3351/7637 2384/3352/7621 2412/3348/7558
s 5
f 2417/3180/7565 2424/3184/7633 2427/3185/7580 2418/3181/7566
f 2418/3181/7566 2427/3185/7580 2432/3193/7579 2421/3186/7624
s 1
f 2411/3257/7628 2395/3258/7627 2394/3252/7638 2399/3248/7549
f 2399/3248/7549 2394/3252/7638 2393/3253/7634 2400/3249/7550
s 3
f 2441/3381/7639 2389/3383/7640 2388/3374/7641 2444/3372/7589
f 2444/3372/7589 2388/3374/7641 2387/3365/7630 2448/3364/7590
s 5
f 2453/3204/7597 2460/3206/7642 2463/3198/7612 2454/3196/7598
f 2454/3196/7598 2463/3198/7612 2468/3190/7611 2457/3189/7632
s 1
f 2447/3254/7636 2392/3261/7635 2391/3271/7643 2435/3263/7581
f 2435/3263/7581 2391/3271/7643 2390/3280/7644 2436/3272/7582
s 3
f 2477/3368/7645 2383/3360/7619 2384/3352/7621 2423/3359/7646
f 2385/3351/7637 2420/3358/7571 2423/3359/7646 2384/3352/7621
f 2386/3357/7631 2415/3366/7572 2420/3358/7571 2385/3351/7637
f 2387/3365/7630 2459/3375/7647 2415/3366/7572 2386/3357/7631
f 2388/3374/7641 2456/3384/7603 2459/3375/7647 2387/3365/7630
f 2389/3383/7640 2451/3394/7604 2456/3384/7603 2388/3374/7641
s 1
f 2391/3271/7643 2465/3279/7605 2462/3288/7648 2390/3280/7644
f 2392/3261/7635 2466/3270/7606 2465/3279/7605 2391/3271/7643
f 2426/3260/7649 2466/3270/7606 2392/3261/7635 2393/3253/7634
f 2394/3252/7638 2429/3259/7573 2426/3260/7649 2393/3253/7634
f 2395/3258/7627 2430/3267/7574 2429/3259/7573 2394/3252/7638
f 2396/3266/7626 2478/3277/7650 2430/3267/7574 2395/3258/7627
s 2
f 2397/3111/7556 2409/3116/7614 2410/3117/7651 2398/3108/7553
s 1
f 2398/3251/7552 2410/3256/7652 2411/3257/7628 2399/3248/7549
s 3
f 2405/3355/7629 2408/3347/7557 2407/3350/7560 2404/3356/7653
s 2
f 2404/3121/7654 2407/3122/7561 2406/3115/7564 2403/3114/7613
f 2409/3116/7614 2472/3124/7618 2473/3125/7655 2410/3117/7651
s 1
f 2410/3256/7652 2473/3264/7656 2474/3265/7625 2411/3257/7628
s 3
f 2412/3348/7558 2469/3353/7620 2470/3354/7657 2413/3349/7559
s 2
f 2413/3130/7562 2470/3138/7658 2471/3131/7617 2414/3123/7563
s 5
f 2418/3181/7566 2421/3186/7624 2422/3187/7659 2419/3182/7567
s 3
f 2419/3367/7570 2422/3187/7660 2423/3359/7646 2420/3358/7571
s 5
f 2421/3186/7624 2475/3194/7623 2476/3195/7661 2422/3187/7659
s 3
f 2422/3187/7660 2476/3195/7662 2477/3368/7645 2423/3359/7646
s 1
f 2426/3260/7649 2429/3259/7573 2428/3268/7576 2425/3269/7663
s 5
f 2425/3191/7664 2428/3192/7577 2427/3185/7580 2424/3184/7633
s 1
f 2430/3267/7574 2478/3277/7650 2479/3208/7665 2431/3200/7575
s 5
f 2431/3200/7578 2479/3208/7666 2480/3201/7622 2432/3193/7579
s 2
f 2433/3118/7588 2445/3113/7616 2446/3112/7667 2434/3119/7585
s 1
f 2434/3262/7584 2446/3255/7668 2447/3254/7636 2435/3263/7581
s 3
f 2441/3381/7639 2444/3372/7589 2443/3373/7592 2440/3382/7669
s 2
f 2440/3143/7670 2443/3135/7593 2442/3126/7596 2439/3134/7615
s 1
f 2400/3249/7550 2447/3254/7636 2446/3255/7668 2401/3250/7551
s 2
f 2401/3109/7554 2446/3112/7667 2445/3113/7616 2402/3110/7555
f 2403/3114/7613 2450/3120/7595 2449/3129/7594 2404/3121/7654
s 3
f 2404/3356/7653 2449/3363/7591 2448/3364/7590 2405/3355/7629
s 5
f 2454/3196/7598 2457/3189/7632 2458/3188/7671 2455/3197/7599
s 3
f 2455/3395/7602 2458/3385/7672 2459/3375/7647 2456/3384/7603
f 2415/3366/7572 2459/3375/7647 2458/3385/7672 2416/3376/7569
s 5
f 2416/3183/7568 2458/3188/7671 2457/3189/7632 2417/3180/7565
s 1
f 2462/3288/7648 2465/3279/7605 2464/3287/7608 2461/3297/7673
s 5
f 2461/3215/7674 2464/3207/7609 2463/3198/7612 2460/3206/7642
f 2424/3184/7633 2468/3190/7611 2467/3199/7610 2425/3191/7664
s 1
f 2425/3269/7663 2467/3278/7607 2466/3270/7606 2426/3260/7649
f 2499/3309/7675 2496/3318/7676 2497/3319/7677 2498/3310/7678
s 22
f 2503/3060/7679 2504/3061/7680 2505/3062/7681 2502/3063/7682
f 2502/3063/7682 2505/3062/7681 2506/3068/7683 2501/3069/7684
f 2495/3067/7685 2504/3061/7680 2490/3064/7686 2483/3070/7687
f 2484/3080/7688 2489/3077/7689 2506/3068/7683 2493/3073/7690
f 2484/3080/7688 2493/3073/7690 2496/3081/7691 2485/3086/7692
s 1
f 2485/3325/7693 2496/3318/7676 2499/3309/7675 2486/3317/7694
f 2481/3300/7695 2499/3309/7675 2498/3310/7678 2482/3301/7696
s 22
f 2482/3079/7697 2498/3074/7698 2495/3067/7685 2483/3070/7687
s 3
f 2487/3422/7699 2500/3413/7700 2501/3430/7701 2488/3431/7702
s 22
f 2488/3076/7703 2501/3069/7684 2506/3068/7683 2489/3077/7689
f 2490/3064/7686 2504/3061/7680 2503/3060/7679 2491/3065/7704
s 3
f 2491/3411/7705 2503/3421/7706 2500/3413/7700 2492/3412/7707
s 22
f 2495/3067/7685 2498/3074/7698 2497/3075/7708 2494/3066/7709
f 2494/3066/7709 2497/3075/7708 2496/3081/7691 2493/3073/7690
s 3
f 2502/3429/7710 2501/3430/7701 2500/3413/7700 2503/3421/7706
s 22
f 2493/3073/7690 2506/3068/7683 2505/3062/7681 2494/3066/7709
f 2494/3066/7709 2505/3062/7681 2504/3061/7680 2495/3067/7685
s 1
f 2507/3290/7711 2512/3291/7712 2511/3282/7713 2508/3281/7714
f 2508/3281/7714 2509/3289/7715 2510/3299/7716 2507/3290/7711
f 2509/3289/7715 2534/3298/7717 2533/3308/7718 2510/3299/7716
s 2
f 2512/3144/7719 2513/3145/7720 2514/3137/7721 2511/3136/7722
f 2513/3145/7720 2515/3150/7723 2516/3142/7724 2514/3137/7721
f 2515/3150/7723 2518/3156/7725 2517/3151/7726 2516/3142/7724
s 3
f 2518/3401/7727 2519/3402/7728 2520/3392/7729 2517/3391/7730
f 2519/3402/7728 2521/3403/7731 2522/3393/7732 2520/3392/7729
f 2521/3403/7731 2524/3414/7733 2523/3404/7734 2522/3393/7732
f 2524/3414/7733 2526/3423/7735 2525/3415/7736 2523/3404/7734
s 5
f 2526/3220/7737 2527/3083/7738 2528/3213/7739 2525/3212/7740
f 2527/3083/7738 2529/3085/7741 2530/3214/7742 2528/3213/7739
f 2529/3085/7741 2532/3226/7743 2531/3221/7744 2530/3214/7742
s 1
f 2532/3316/7745 2533/3308/7718 2534/3298/7717 2531/3307/7746
s 2
f 2512/3084/7719 2482/3079/7747 2483/3070/7748 2513/3078/7720
s 3
f 2518/3401/7727 2491/3411/7705 2492/3412/7707 2519/3402/7728
s 5
f 2526/3082/7737 2488/3076/7749 2489/3077/7750 2527/3083/7738
s 1
f 2532/3316/7745 2485/3325/7693 2486/3317/7694 2533/3308/7718
f 2390/3280/7644 2509/3289/7715 2508/3281/7714 2436/3272/7582
s 5
f 2453/3204/7597 2528/3213/7739 2530/3214/7742 2460/3206/7642
s 3
f 2441/3381/7639 2520/3392/7729 2522/3393/7732 2389/3383/7640
s 2
f 2438/3128/7587 2514/3137/7721 2516/3142/7724 2439/3134/7615
s 3
f 2522/3393/7732 2523/3404/7734 2451/3394/7604 2389/3383/7640
s 1
f 2462/3288/7648 2534/3298/7717 2509/3289/7715 2390/3280/7644
f 2436/3272/7582 2508/3281/7714 2511/3282/7713 2437/3273/7583
s 2
f 2437/3127/7586 2511/3136/7722 2514/3137/7721 2438/3128/7587
f 2439/3134/7615 2516/3142/7724 2517/3151/7726 2440/3143/7670
s 3
f 2440/3382/7669 2517/3391/7730 2520/3392/7729 2441/3381/7639
f 2451/3394/7604 2523/3404/7734 2525/3415/7736 2452/3405/7601
s 5
f 2452/3205/7600 2525/3212/7740 2528/3213/7739 2453/3204/7597
f 2460/3206/7642 2530/3214/7742 2531/3221/7744 2461/3215/7674
s 1
f 2461/3297/7673 2531/3307/7746 2534/3298/7717 2462/3288/7648
f 2510/3299/7716 2499/3309/7675 2481/3300/7695 2507/3290/7711
f 2512/3291/7712 2507/3290/7711 2481/3300/7695 2482/3301/7696
s 2
f 2490/3064/7751 2515/3072/7723 2513/3078/7720 2483/3070/7748
f 2518/3071/7725 2515/3072/7723 2490/3064/7751 2491/3065/7752
s 3
f 2500/3413/7700 2521/3403/7731 2519/3402/7728 2492/3412/7707
f 2526/3423/7735 2524/3414/7733 2487/3422/7699 2488/3431/7702
s 5
f 2484/3080/7753 2529/3085/7741 2527/3083/7738 2489/3077/7750
f 2532/3087/7743 2529/3085/7741 2484/3080/7753 2485/3086/7754
s 1
f 2510/3299/7716 2533/3308/7718 2486/3317/7694 2499/3309/7675
s 3
f 2500/3413/7700 2487/3422/7699 2524/3414/7733 2521/3403/7731
s 26
f 2549/3284/7755 2548/3283/7756 2551/3292/7757 2550/3293/7758
s 27
f 2548/3141/7759 2547/3140/7760 2552/3148/7761 2551/3149/7762
s 28
f 2558/3370/7763 2557/3371/7764 2563/3362/7765 2562/3361/7766
s 27
f 2557/3152/7767 2556/3147/7768 2564/3139/7769 2563/3146/7770
s 30
f 2567/3218/7771 2566/3219/7772 2569/3211/7773 2568/3210/7774
s 28
f 2566/3406/7775 2565/3397/7776 2570/3387/7777 2569/3396/7778
s 26
f 2579/3295/7779 2578/3306/7780 2581/3296/7781 2580/3286/7782
s 30
f 2578/3222/7783 2577/3217/7784 2582/3209/7785 2581/3216/7786
s 26
f 2585/3312/7787 2584/3311/7788 2587/3320/7789 2586/3321/7790
s 27
f 2584/3160/7791 2583/3159/7792 2588/3163/7793 2587/3164/7794
s 28
f 2594/3399/7795 2593/3400/7796 2599/3390/7797 2598/3389/7798
s 27
f 2593/3165/7799 2592/3162/7800 2600/3158/7801 2599/3161/7802
s 30
f 2603/3233/7803 2602/3234/7804 2605/3230/7805 2604/3229/7806
s 28
f 2602/3432/7807 2601/3425/7808 2606/3417/7809 2605/3424/7810
s 26
f 2615/3323/7811 2614/3330/7812 2617/3324/7813 2616/3314/7814
s 30
f 2614/3235/7815 2613/3232/7816 2618/3228/7817 2617/3231/7818
s 27
f 2552/3148/7761 2547/3140/7760 2556/3147/7768 2553/3153/7819
f 2547/3140/7760 2559/3132/7820 2564/3139/7769 2556/3147/7768
f 2588/3163/7793 2583/3159/7792 2592/3162/7800 2589/3166/7821
f 2583/3159/7792 2595/3154/7822 2600/3158/7801 2592/3162/7800
f 2471/3131/7823 2564/3139/7769 2559/3132/7820 2472/3124/7824
s 28
f 2383/3360/7825 2535/3369/7826 2562/3361/7766 2469/3353/7827
s 30
f 2480/3201/7828 2582/3209/7785 2571/3202/7829 2475/3194/7830
s 26
f 2474/3265/7831 2561/3275/7832 2546/3276/7833 2396/3266/7834
s 27
f 2552/3148/7761 2553/3153/7819 2600/3158/7801 2595/3154/7822
s 28
f 2555/3379/7835 2537/3388/7836 2538/3398/7837 2598/3389/7798
s 30
f 2567/3218/7771 2574/3223/7838 2618/3228/7817 2607/3224/7839
s 26
f 2544/3294/7840 2550/3293/7758 2597/3303/7841 2543/3304/7842
s 28
f 2555/3379/7835 2558/3370/7763 2536/3378/7843 2537/3388/7836
f 2558/3370/7763 2562/3361/7766 2535/3369/7826 2536/3378/7843
s 30
f 2567/3218/7771 2568/3210/7774 2577/3217/7784 2574/3223/7838
f 2568/3210/7774 2571/3202/7829 2582/3209/7785 2577/3217/7784
s 26
f 2561/3275/7832 2549/3284/7755 2545/3285/7844 2546/3276/7833
f 2549/3284/7755 2550/3293/7758 2544/3294/7840 2545/3285/7844
s 28
f 2591/3409/7845 2594/3399/7795 2539/3408/7846 2540/3418/7847
f 2594/3399/7795 2598/3389/7798 2538/3398/7837 2539/3408/7846
s 30
f 2603/3233/7803 2604/3229/7806 2613/3232/7816 2610/3236/7848
f 2604/3229/7806 2607/3224/7839 2618/3228/7817 2613/3232/7816
s 26
f 2597/3303/7841 2585/3312/7787 2542/3313/7849 2543/3304/7842
f 2585/3312/7787 2586/3321/7790 2541/3322/7850 2542/3313/7849
s 28
f 2477/3368/7851 2573/3377/7852 2535/3369/7826 2383/3360/7825
f 2536/3378/7843 2535/3369/7826 2573/3377/7852 2570/3387/7777
f 2537/3388/7836 2536/3378/7843 2570/3387/7777 2565/3397/7776
f 2538/3398/7837 2537/3388/7836 2565/3397/7776 2609/3407/7853
f 2539/3408/7846 2538/3398/7837 2609/3407/7853 2606/3417/7809
f 2540/3418/7847 2539/3408/7846 2606/3417/7809 2601/3425/7808
s 26
f 2542/3313/7849 2541/3322/7850 2612/3329/7854 2615/3323/7811
f 2543/3304/7842 2542/3313/7849 2615/3323/7811 2616/3314/7814
f 2576/3305/7855 2544/3294/7840 2543/3304/7842 2616/3314/7814
f 2545/3285/7844 2544/3294/7840 2576/3305/7855 2579/3295/7779
f 2546/3276/7833 2545/3285/7844 2579/3295/7779 2580/3286/7782
f 2396/3266/7834 2546/3276/7833 2580/3286/7782 2478/3277/7856
s 27
f 2547/3140/7760 2548/3141/7759 2560/3133/7857 2559/3132/7820
s 26
f 2548/3283/7756 2549/3284/7755 2561/3275/7832 2560/3274/7858
s 28
f 2555/3379/7835 2554/3380/7859 2557/3371/7764 2558/3370/7763
s 27
f 2554/3157/7860 2553/3153/7819 2556/3147/7768 2557/3152/7767
f 2559/3132/7820 2560/3133/7857 2473/3125/7861 2472/3124/7824
s 26
f 2560/3274/7858 2561/3275/7832 2474/3265/7831 2473/3264/7862
s 28
f 2562/3361/7766 2563/3362/7765 2470/3354/7863 2469/3353/7827
s 27
f 2563/3146/7770 2564/3139/7769 2471/3131/7823 2470/3138/7864
s 30
f 2568/3210/7774 2569/3211/7773 2572/3203/7865 2571/3202/7829
s 28
f 2569/3396/7778 2570/3387/7777 2573/3377/7852 2572/3386/7866
s 30
f 2571/3202/7829 2572/3203/7865 2476/3195/7867 2475/3194/7830
s 28
f 2572/3386/7866 2573/3377/7852 2477/3368/7851 2476/3195/7868
s 26
f 2576/3305/7855 2575/3315/7869 2578/3306/7780 2579/3295/7779
s 30
f 2575/3227/7870 2574/3223/7838 2577/3217/7784 2578/3222/7783
s 26
f 2580/3286/7782 2581/3296/7781 2479/3208/7871 2478/3277/7856
s 30
f 2581/3216/7786 2582/3209/7785 2480/3201/7828 2479/3208/7872
s 27
f 2583/3159/7792 2584/3160/7791 2596/3155/7873 2595/3154/7822
s 26
f 2584/3311/7788 2585/3312/7787 2597/3303/7841 2596/3302/7874
s 28
f 2591/3409/7845 2590/3410/7875 2593/3400/7796 2594/3399/7795
s 27
f 2590/3169/7876 2589/3166/7821 2592/3162/7800 2593/3165/7799
s 26
f 2550/3293/7758 2551/3292/7757 2596/3302/7874 2597/3303/7841
s 27
f 2551/3149/7762 2552/3148/7761 2595/3154/7822 2596/3155/7873
f 2553/3153/7819 2554/3157/7860 2599/3161/7802 2600/3158/7801
s 28
f 2554/3380/7859 2555/3379/7835 2598/3389/7798 2599/3390/7797
s 30
f 2604/3229/7806 2605/3230/7805 2608/3225/7877 2607/3224/7839
s 28
f 2605/3424/7810 2606/3417/7809 2609/3407/7853 2608/3416/7878
f 2565/3397/7776 2566/3406/7775 2608/3416/7878 2609/3407/7853
s 30
f 2566/3219/7772 2567/3218/7771 2607/3224/7839 2608/3225/7877
s 26
f 2612/3329/7854 2611/3335/7879 2614/3330/7812 2615/3323/7811
s 30
f 2611/3239/7880 2610/3236/7848 2613/3232/7816 2614/3235/7815
f 2574/3223/7838 2575/3227/7870 2617/3231/7818 2618/3228/7817
s 26
f 2575/3315/7869 2576/3305/7855 2616/3314/7814 2617/3324/7813
f 2637/3338/7881 2636/3341/7882 2635/3344/7883 2634/3345/7884
s 46
f 2641/3088/7885 2640/3089/7886 2643/3090/7887 2642/3091/7888
f 2640/3089/7886 2639/3092/7889 2644/3093/7890 2643/3090/7887
f 2633/3095/7891 2621/3103/7892 2628/3096/7893 2642/3091/7888
f 2622/3104/7894 2631/3100/7895 2644/3093/7890 2627/3099/7896
f 2622/3104/7894 2623/3107/7897 2634/3105/7898 2631/3100/7895
s 26
f 2623/3346/7899 2624/3342/7900 2637/3338/7881 2634/3345/7884
f 2619/3337/7901 2620/3336/7902 2636/3341/7882 2637/3338/7881
s 46
f 2620/3106/7903 2621/3103/7892 2633/3095/7891 2636/3102/7904
s 28
f 2625/3442/7905 2626/3445/7906 2639/3444/7907 2638/3439/7908
s 46
f 2626/3098/7909 2627/3099/7896 2644/3093/7890 2639/3092/7889
f 2628/3096/7893 2629/3097/7910 2641/3088/7885 2642/3091/7888
s 28
f 2629/3436/7911 2630/3435/7912 2638/3439/7908 2641/3440/7913
s 46
f 2633/3095/7891 2632/3094/7914 2635/3101/7915 2636/3102/7904
f 2632/3094/7914 2631/3100/7895 2634/3105/7898 2635/3101/7915
s 28
f 2640/3443/7916 2641/3440/7913 2638/3439/7908 2639/3444/7907
s 46
f 2631/3100/7895 2632/3094/7914 2643/3090/7887 2644/3093/7890
f 2632/3094/7914 2633/3095/7891 2642/3091/7888 2643/3090/7887
s 26
f 2645/3331/7917 2646/3327/7918 2649/3326/7919 2650/3332/7920
f 2646/3327/7918 2645/3331/7917 2648/3333/7921 2647/3328/7922
f 2647/3328/7922 2648/3333/7921 2671/3339/7923 2672/3334/7924
s 27
f 2650/3171/7925 2649/3168/7926 2652/3167/7927 2651/3172/7928
f 2651/3172/7928 2652/3167/7927 2654/3170/7929 2653/3174/7930
f 2653/3174/7930 2654/3170/7929 2655/3173/7931 2656/3177/7932
s 28
f 2656/3427/7933 2655/3420/7934 2658/3419/7935 2657/3428/7936
f 2657/3428/7936 2658/3419/7935 2660/3426/7937 2659/3434/7938
f 2659/3434/7938 2660/3426/7937 2661/3433/7939 2662/3438/7940
f 2662/3438/7940 2661/3433/7939 2663/3437/7941 2664/3441/7942
s 30
f 2664/3241/7943 2663/3238/7944 2666/3237/7945 2665/3242/7946
f 2665/3242/7946 2666/3237/7945 2668/3240/7947 2667/3244/7948
f 2667/3244/7948 2668/3240/7947 2669/3243/7949 2670/3246/7950
s 26
f 2670/3343/7951 2669/3340/7952 2672/3334/7924 2671/3339/7923
s 27
f 2650/3171/7925 2651/3172/7928 2621/3175/7953 2620/3176/7954
s 28
f 2656/3427/7933 2657/3428/7936 2630/3435/7912 2629/3436/7911
s 30
f 2664/3241/7943 2665/3242/7946 2627/3099/7955 2626/3245/7956
s 26
f 2670/3343/7951 2671/3339/7923 2624/3342/7900 2623/3346/7899
f 2541/3322/7850 2586/3321/7790 2646/3327/7918 2647/3328/7922
s 30
f 2603/3233/7803 2610/3236/7848 2668/3240/7947 2666/3237/7945
s 28
f 2591/3409/7845 2540/3418/7847 2660/3426/7937 2658/3419/7935
s 27
f 2588/3163/7793 2589/3166/7821 2654/3170/7929 2652/3167/7927
s 28
f 2660/3426/7937 2540/3418/7847 2601/3425/7808 2661/3433/7939
s 26
f 2612/3329/7854 2541/3322/7850 2647/3328/7922 2672/3334/7924
f 2586/3321/7790 2587/3320/7789 2649/3326/7919 2646/3327/7918
s 27
f 2587/3164/7794 2588/3163/7793 2652/3167/7927 2649/3168/7926
f 2589/3166/7821 2590/3169/7876 2655/3173/7931 2654/3170/7929
s 28
f 2590/3410/7875 2591/3409/7845 2658/3419/7935 2655/3420/7934
f 2601/3425/7808 2602/3432/7807 2663/3437/7941 2661/3433/7939
s 30
f 2602/3234/7804 2603/3233/7803 2666/3237/7945 2663/3238/7944
f 2610/3236/7848 2611/3239/7880 2669/3243/7949 2668/3240/7947
s 26
f 2611/3335/7879 2612/3329/7854 2672/3334/7924 2669/3340/7952
f 2648/3333/7921 2645/3331/7917 2619/3337/7901 2637/3338/7881
f 2650/3332/7920 2620/3336/7902 2619/3337/7901 2645/3331/7917
s 27
f 2628/3178/7957 2621/3175/7953 2651/3172/7928 2653/3174/7930
f 2656/3177/7932 2629/3179/7958 2628/3178/7957 2653/3174/7930
s 28
f 2638/3439/7908 2630/3435/7912 2657/3428/7936 2659/3434/7938
f 2664/3441/7942 2626/3445/7906 2625/3442/7905 2662/3438/7940
s 30
f 2622/3104/7959 2627/3099/7955 2665/3242/7946 2667/3244/7948
f 2670/3246/7950 2623/3247/7960 2622/3104/7959 2667/3244/7948
s 26
f 2648/3333/7921 2637/3338/7881 2624/3342/7900 2671/3339/7923
s 28
f 2638/3439/7908 2659/3434/7938 2662/3438/7940 2625/3442/7905
g default
v -6.501018 10.787150 -0.000001
v -6.501018 10.787150 -1.958610
v -6.501018 10.774904 -2.046521
v -6.501018 10.739098 -2.127738
v -6.501018 9.874058 -3.527163
v -6.501018 9.838252 -3.608380
v -6.501018 9.826006 -3.696290
v -7.501018 9.826006 -3.696290
v -7.501018 9.838252 -3.608380
v -7.501018 9.874058 -3.527163
v -7.501018 10.739098 -2.127738
v -7.501018 10.774904 -2.046521
v -7.501018 10.787150 -1.958610
v -7.501018 10.787150 -0.000001
v -7.466227 10.394478 -2.046520
v -7.490828 10.404375 -2.049332
v -7.501018 10.428268 -2.056120
v -7.501018 10.389534 -2.143979
v -7.490828 10.367712 -2.132494
v -7.466227 10.358672 -2.127737
v -6.535810 10.358672 -2.127737
v -6.511208 10.367712 -2.132494
v -6.501018 10.389534 -2.143979
v -6.535810 10.394478 -2.046520
v -6.511208 10.404375 -2.049332
v -6.501018 10.428268 -2.056120
v -7.466227 10.406725 -1.958610
v -7.490828 10.416914 -1.959316
v -7.501018 10.441516 -1.961022
v -6.501018 10.441516 -1.961022
v -6.511208 10.416914 -1.959316
v -6.535810 10.406725 -1.958610
v -6.501018 11.088662 -2.111495
v -6.511208 11.110485 -2.122980
v -6.535810 11.119524 -2.127737
v -6.535810 11.155331 -2.046520
v -6.511208 11.145433 -2.043708
v -6.501018 11.121540 -2.036920
v -6.535810 11.167576 -1.958610
v -6.511208 11.157387 -1.957903
v -6.501018 11.132785 -1.956198
v -7.466227 11.119524 -2.127737
v -7.490828 11.110485 -2.122980
v -7.501018 11.088662 -2.111495
v -7.466227 11.155331 -2.046520
v -7.490828 11.145433 -2.043708
v -7.501018 11.121540 -2.036920
v -7.501018 11.132785 -1.956198
v -7.490828 11.157387 -1.957903
v -7.466227 11.167576 -1.958610
v -7.466227 9.457827 -3.608380
v -7.490828 9.467723 -3.611192
v -7.501018 9.491616 -3.617980
v -7.501018 9.480371 -3.698702
v -7.490828 9.455770 -3.696997
v -7.466227 9.445580 -3.696291
v -6.535810 9.445580 -3.696291
v -6.511208 9.455770 -3.696997
v -6.501018 9.480371 -3.698702
v -6.535810 9.457827 -3.608380
v -6.511208 9.467723 -3.611192
v -6.501018 9.491616 -3.617980
v -7.466227 9.493632 -3.527164
v -7.490828 9.502672 -3.531921
v -7.501018 9.524494 -3.543405
v -6.501018 9.524494 -3.543405
v -6.511208 9.502672 -3.531921
v -6.535810 9.493632 -3.527164
v -6.501018 10.171640 -3.693879
v -6.511208 10.196241 -3.695584
v -6.535810 10.206432 -3.696291
v -6.535810 10.218678 -3.608380
v -6.511208 10.208781 -3.605568
v -6.501018 10.184888 -3.598780
v -6.535810 10.254484 -3.527164
v -6.511208 10.245445 -3.522406
v -6.501018 10.223622 -3.510922
v -7.466227 10.206432 -3.696291
v -7.490828 10.196241 -3.695584
v -7.501018 10.171640 -3.693879
v -7.466227 10.218678 -3.608380
v -7.490828 10.208781 -3.605568
v -7.501018 10.184888 -3.598780
v -7.501018 10.223622 -3.510922
v -7.490828 10.245445 -3.522406
v -7.466227 10.254484 -3.527164
v -6.501018 10.441516 -0.000001
v -6.511208 10.416914 -0.000001
v -6.535810 10.406725 -0.000001
v -7.466227 10.406725 -0.000001
v -7.490828 10.416914 -0.000001
v -7.501018 10.441516 -0.000001
v -6.535810 11.167576 -0.000001
v -6.511208 11.157387 -0.000001
v -6.501018 11.132785 -0.000001
v -7.501018 11.132785 -0.000001
v -7.490828 11.157387 -0.000001
v -7.466227 11.167576 -0.000001
v -7.501018 9.669899 -6.544469
v -7.490828 9.652271 -6.564266
v -7.466227 9.644968 -6.572466
v -7.466227 10.007044 -6.572466
v -7.490828 9.999741 -6.564266
v -7.501018 9.982113 -6.544469
v -6.501018 9.982113 -6.544469
v -6.511208 9.999741 -6.564266
v -6.535810 10.007044 -6.572466
v -6.535810 9.644968 -6.572466
v -6.511208 9.652271 -6.564266
v -6.501018 9.669899 -6.544469
v -7.466227 9.904051 -6.624411
v -7.466227 9.826006 -6.638044
v -7.466227 9.747961 -6.624411
v -7.490828 9.904051 -6.613579
v -7.490828 9.826006 -6.627213
v -7.490828 9.747961 -6.613579
v -7.501018 9.826006 -6.578358
v -6.501018 9.826006 -6.578358
v -6.511208 9.904051 -6.613579
v -6.511208 9.826006 -6.627213
v -6.511208 9.747961 -6.613579
v -6.535810 9.747961 -6.624411
v -6.535810 9.826006 -6.638044
v -6.535810 9.904051 -6.624411
v -7.501018 9.498845 -6.301087
v -7.501018 9.480371 -6.215379
v -7.501018 9.826006 -6.226171
v -7.501018 9.826006 -6.312594
v -7.490828 9.455770 -6.221680
v -7.490828 9.473906 -6.306176
v -7.466227 9.463741 -6.308575
v -7.466227 9.445580 -6.224114
v -6.535810 9.463742 -6.308576
v -6.535810 9.445580 -6.224113
v -6.511208 9.455770 -6.221694
v -6.511208 9.473900 -6.306163
v -6.501018 9.498845 -6.301087
v -6.501018 9.480371 -6.215379
v -6.501018 9.826006 -6.312594
v -6.501018 9.826006 -6.226171
v -6.501018 10.171640 -6.215379
v -6.501018 10.153167 -6.301087
v -6.511208 10.196241 -6.221680
v -6.511208 10.178106 -6.306176
v -6.535810 10.188271 -6.308575
v -6.535810 10.206432 -6.224114
v -7.466227 10.188270 -6.308576
v -7.466227 10.206432 -6.224113
v -7.490828 10.196241 -6.221694
v -7.490828 10.178112 -6.306163
v -7.501018 10.153167 -6.301087
v -7.501018 10.171640 -6.215379
v -6.501018 10.787150 1.958607
v -6.501018 10.774904 2.046518
v -6.501018 10.739098 2.127735
v -6.501019 9.874058 3.527161
v -6.501019 9.838252 3.608378
v -6.501018 9.826006 3.696288
v -7.501018 9.826006 3.696288
v -7.501019 9.838252 3.608378
v -7.501019 9.874058 3.527161
v -7.501018 10.739098 2.127735
v -7.501018 10.774904 2.046518
v -7.501018 10.787150 1.958607
v -7.466226 10.394478 2.046518
v -7.490828 10.404375 2.049330
v -7.501019 10.428268 2.056118
v -7.501019 10.389534 2.143976
v -7.490828 10.367712 2.132492
v -7.466226 10.358672 2.127735
v -6.535809 10.358672 2.127735
v -6.511208 10.367712 2.132492
v -6.501019 10.389534 2.143976
v -6.535809 10.394478 2.046518
v -6.511208 10.404375 2.049330
v -6.501019 10.428268 2.056118
v -7.466227 10.406725 1.958607
v -7.490828 10.416914 1.959314
v -7.501018 10.441516 1.961019
v -6.501018 10.441516 1.961019
v -6.511208 10.416914 1.959314
v -6.535810 10.406725 1.958607
v -6.501018 11.088662 2.111493
v -6.511209 11.110485 2.122977
v -6.535809 11.119524 2.127735
v -6.535809 11.155331 2.046518
v -6.511208 11.145433 2.043706
v -6.501018 11.121540 2.036917
v -6.535810 11.167576 1.958607
v -6.511209 11.157387 1.957901
v -6.501018 11.132785 1.956196
v -7.466226 11.119524 2.127735
v -7.490829 11.110485 2.122977
v -7.501018 11.088662 2.111493
v -7.466226 11.155331 2.046518
v -7.490828 11.145433 2.043706
v -7.501018 11.121540 2.036917
v -7.501018 11.132785 1.956196
v -7.490829 11.157387 1.957901
v -7.466227 11.167576 1.958607
v -7.466227 9.457827 3.608378
v -7.490828 9.467723 3.611190
v -7.501018 9.491616 3.617978
v -7.501018 9.480371 3.698700
v -7.490828 9.455770 3.696995
v -7.466227 9.445580 3.696288
v -6.535810 9.445580 3.696288
v -6.511208 9.455770 3.696995
v -6.501018 9.480371 3.698700
v -6.535810 9.457827 3.608378
v -6.511208 9.467723 3.611190
v -6.501018 9.491616 3.617978
v -7.466227 9.493632 3.527161
v -7.490828 9.502672 3.531918
v -7.501018 9.524494 3.543403
v -6.501018 9.524494 3.543403
v -6.511208 9.502672 3.531918
v -6.535810 9.493632 3.527161
v -6.501019 10.171640 3.693877
v -6.511209 10.196241 3.695582
v -6.535810 10.206432 3.696288
v -6.535810 10.218678 3.608378
v -6.511208 10.208781 3.605566
v -6.501018 10.184888 3.598777
v -6.535810 10.254484 3.527161
v -6.511208 10.245445 3.522404
v -6.501018 10.223622 3.510919
v -7.466227 10.206432 3.696288
v -7.490829 10.196241 3.695582
v -7.501019 10.171640 3.693877
v -7.466227 10.218678 3.608378
v -7.490828 10.208781 3.605566
v -7.501018 10.184888 3.598777
v -7.501018 10.223622 3.510919
v -7.490828 10.245445 3.522404
v -7.466227 10.254484 3.527161
v -7.501018 9.669899 7.159892
v -7.490828 9.652271 7.179688
v -7.466226 9.644968 7.187889
v -7.466226 10.007044 7.187889
v -7.490828 9.999741 7.179688
v -7.501018 9.982113 7.159892
v -6.501018 9.982113 7.159892
v -6.511208 9.999741 7.179688
v -6.535809 10.007044 7.187889
v -6.535809 9.644968 7.187889
v -6.511208 9.652271 7.179688
v -6.501018 9.669899 7.159892
v -7.466226 9.904051 7.239833
v -7.466226 9.826006 7.253467
v -7.466226 9.747961 7.239833
v -7.490828 9.904051 7.229002
v -7.490828 9.826006 7.242635
v -7.490828 9.747961 7.229002
v -7.501018 9.826006 7.193780
v -6.501018 9.826006 7.193780
v -6.511208 9.904051 7.229002
v -6.511208 9.826006 7.242635
v -6.511208 9.747961 7.229002
v -6.535809 9.747961 7.239833
v -6.535809 9.826006 7.253467
v -6.535809 9.904051 7.239833
v -7.501018 9.498845 6.778496
v -7.501018 9.480371 6.692789
v -7.501018 9.826006 6.703580
v -7.501018 9.826006 6.790003
v -7.490828 9.455770 6.699089
v -7.490828 9.473906 6.783585
v -7.466226 9.463741 6.785984
v -7.466226 9.445580 6.701523
v -6.535809 9.463742 6.785985
v -6.535809 9.445580 6.701522
v -6.511208 9.455770 6.699103
v -6.511208 9.473900 6.783572
v -6.501018 9.498845 6.778496
v -6.501018 9.480371 6.692789
v -6.501018 9.826006 6.790003
v -6.501018 9.826006 6.703580
v -6.501018 10.171640 6.692789
v -6.501018 10.153167 6.778496
v -6.511208 10.196241 6.699089
v -6.511208 10.178106 6.783585
v -6.535809 10.188271 6.785984
v -6.535809 10.206432 6.701523
v -7.466226 10.188270 6.785985
v -7.466226 10.206432 6.701522
v -7.490828 10.196241 6.699103
v -7.490828 10.178112 6.783572
v -7.501018 10.153167 6.778496
v -7.501018 10.171640 6.692789
vt 0.401809 0.839019
vt 0.401350 0.839019
vt 0.401350 0.837563
vt 0.401809 0.837563
vt 0.401350 0.840940
vt 0.401809 0.840804
vt 0.383997 0.837563
vt 0.383997 0.839019
vt 0.401350 0.836107
vt 0.401809 0.836107
vt 0.383997 0.840940
vt 0.401809 0.844130
vt 0.401351 0.844320
vt 0.383997 0.836108
vt 0.383538 0.839019
vt 0.383538 0.837563
vt 0.401809 0.834323
vt 0.401350 0.834186
vt 0.383997 0.844320
vt 0.383538 0.840804
vt 0.383997 0.834187
vt 0.383538 0.836108
vt 0.401809 0.830996
vt 0.401350 0.830806
vt 0.383538 0.844131
vt 0.383997 0.830807
vt 0.383538 0.834323
vt 0.383538 0.830996
vt 0.401809 0.574247
vt 0.401809 0.575702
vt 0.401350 0.575702
vt 0.401350 0.574247
vt 0.401809 0.577158
vt 0.401350 0.577158
vt 0.383997 0.575702
vt 0.383997 0.574247
vt 0.401351 0.572326
vt 0.401809 0.572462
vt 0.401809 0.578943
vt 0.401350 0.579079
vt 0.383997 0.577158
vt 0.383538 0.575702
vt 0.383538 0.574247
vt 0.383997 0.572326
vt 0.383997 0.579079
vt 0.383538 0.577158
vt 0.383538 0.572462
vt 0.383538 0.578943
vt 0.807515 0.453448
vt 0.809078 0.453445
vt 0.808989 0.453907
vt 0.807463 0.453910
vt 0.835374 0.453395
vt 0.835286 0.453857
vt 0.809022 0.471391
vt 0.807496 0.471394
vt 0.805811 0.453913
vt 0.805823 0.453451
vt 0.836812 0.453855
vt 0.836864 0.453392
vt 0.835319 0.471341
vt 0.809112 0.471853
vt 0.807550 0.471856
vt 0.805844 0.471397
vt 0.769007 0.453983
vt 0.769006 0.453521
vt 0.836845 0.471338
vt 0.838476 0.453389
vt 0.838464 0.453851
vt 0.835409 0.471803
vt 0.805858 0.471859
vt 0.769040 0.471466
vt 0.732202 0.454052
vt 0.732188 0.453590
vt 0.838497 0.471335
vt 0.836898 0.471800
vt 0.885917 0.453299
vt 0.885964 0.453762
vt 0.769040 0.471929
vt 0.732235 0.471536
vt 0.730550 0.454056
vt 0.730497 0.453593
vt 0.885997 0.471245
vt 0.838511 0.471797
vt 0.887505 0.453296
vt 0.887551 0.453759
vt 0.732223 0.471998
vt 0.730583 0.471539
vt 0.729024 0.454059
vt 0.728934 0.453596
vt 0.887584 0.471242
vt 0.885952 0.471707
vt 0.730531 0.472001
vt 0.729057 0.471542
vt 0.702728 0.454108
vt 0.702637 0.453646
vt 0.887540 0.471704
vt 0.728969 0.472004
vt 0.702761 0.471592
vt 0.701201 0.454111
vt 0.701148 0.453649
vt 0.702672 0.472054
vt 0.701234 0.471595
vt 0.699549 0.454114
vt 0.699535 0.453652
vt 0.701182 0.472057
vt 0.699583 0.471598
vt 0.643078 0.454221
vt 0.643123 0.453759
vt 0.699570 0.472060
vt 0.643111 0.471705
vt 0.641535 0.453762
vt 0.641491 0.454224
vt 0.643157 0.472167
vt 0.641524 0.471708
vt 0.633939 0.454238
vt 0.634092 0.453776
vt 0.641570 0.472170
vt 0.633972 0.471722
vt 0.634127 0.472184
vt 0.401350 0.752828
vt 0.401350 0.751313
vt 0.401809 0.751261
vt 0.401809 0.752739
vt 0.383997 0.752828
vt 0.383997 0.751313
vt 0.401350 0.749674
vt 0.401809 0.749661
vt 0.401809 0.778841
vt 0.401350 0.778929
vt 0.383997 0.778929
vt 0.383538 0.752739
vt 0.383538 0.751261
vt 0.383997 0.749674
vt 0.401350 0.713143
vt 0.401809 0.713143
vt 0.401350 0.780444
vt 0.401809 0.780392
vt 0.383997 0.780444
vt 0.383538 0.778841
vt 0.383538 0.749661
vt 0.383997 0.713143
vt 0.401350 0.676612
vt 0.401809 0.676625
vt 0.401350 0.782084
vt 0.401809 0.782071
vt 0.383997 0.782084
vt 0.383538 0.780392
vt 0.383538 0.713143
vt 0.383997 0.676612
vt 0.401350 0.674973
vt 0.401809 0.675025
vt 0.401809 0.829186
vt 0.401350 0.829231
vt 0.383997 0.829231
vt 0.383538 0.782071
vt 0.383538 0.676625
vt 0.383997 0.674973
vt 0.401350 0.673458
vt 0.401809 0.673546
vt 0.401809 0.830762
vt 0.383538 0.829186
vt 0.383538 0.675025
vt 0.383997 0.673458
vt 0.401350 0.647357
vt 0.401809 0.647445
vt 0.383538 0.830761
vt 0.383538 0.673546
vt 0.383997 0.647357
vt 0.401350 0.645842
vt 0.401809 0.645894
vt 0.383538 0.647445
vt 0.383997 0.645842
vt 0.401350 0.644202
vt 0.401809 0.644215
vt 0.383538 0.645894
vt 0.383997 0.644202
vt 0.401350 0.588150
vt 0.401809 0.588196
vt 0.383538 0.644215
vt 0.383997 0.588150
vt 0.401809 0.586620
vt 0.401350 0.586575
vt 0.383538 0.588196
vt 0.383997 0.586575
vt 0.401809 0.579232
vt 0.383538 0.586620
vt 0.383538 0.579232
vt 0.369939 0.751492
vt 0.369217 0.753131
vt 0.368810 0.752917
vt 0.369493 0.751366
vt 0.376404 0.751313
vt 0.375736 0.752828
vt 0.353082 0.779232
vt 0.352675 0.779018
vt 0.369727 0.749687
vt 0.370186 0.749719
vt 0.376633 0.749674
vt 0.382869 0.751134
vt 0.382256 0.752525
vt 0.359602 0.778929
vt 0.352023 0.780497
vt 0.352469 0.780623
vt 0.369727 0.713143
vt 0.370186 0.713143
vt 0.376633 0.713143
vt 0.383079 0.749629
vt 0.383315 0.751261
vt 0.382663 0.752739
vt 0.366122 0.778626
vt 0.358934 0.780444
vt 0.352259 0.782129
vt 0.351801 0.782097
vt 0.369727 0.676599
vt 0.370186 0.676567
vt 0.376633 0.676612
vt 0.383079 0.713143
vt 0.366529 0.778841
vt 0.365400 0.780265
vt 0.358706 0.782084
vt 0.352259 0.829068
vt 0.351801 0.829186
vt 0.369493 0.674920
vt 0.369939 0.674794
vt 0.376404 0.674973
vt 0.383079 0.676657
vt 0.365845 0.780392
vt 0.365152 0.782039
vt 0.358706 0.829270
vt 0.352604 0.830667
vt 0.352139 0.830762
vt 0.368810 0.673369
vt 0.369217 0.673155
vt 0.375736 0.673458
vt 0.382869 0.675152
vt 0.383538 0.676625
vt 0.365611 0.782071
vt 0.365152 0.829068
vt 0.358706 0.830881
vt 0.355794 0.835206
vt 0.355466 0.835575
vt 0.352675 0.647268
vt 0.353082 0.647054
vt 0.359602 0.647357
vt 0.382256 0.673761
vt 0.383315 0.675025
vt 0.365611 0.829186
vt 0.364808 0.830667
vt 0.358706 0.835838
vt 0.357250 0.836495
vt 0.352023 0.645789
vt 0.352469 0.645663
vt 0.358934 0.645842
vt 0.366122 0.647659
vt 0.382663 0.673546
vt 0.365273 0.830761
vt 0.361617 0.835206
vt 0.360162 0.836495
vt 0.358706 0.836749
vt 0.351801 0.644189
vt 0.352259 0.644157
vt 0.358706 0.644202
vt 0.365400 0.646021
vt 0.366529 0.647445
vt 0.361946 0.835575
vt 0.351801 0.588196
vt 0.352259 0.588313
vt 0.358706 0.588112
vt 0.365152 0.644247
vt 0.365845 0.645894
vt 0.352604 0.586715
vt 0.352139 0.586620
vt 0.358706 0.586500
vt 0.365152 0.588313
vt 0.365611 0.644215
vt 0.355466 0.579232
vt 0.355794 0.579601
vt 0.358706 0.578969
vt 0.364808 0.586715
vt 0.365611 0.588196
vt 0.357250 0.578312
vt 0.361617 0.579601
vt 0.365273 0.586620
vt 0.358706 0.578058
vt 0.360162 0.578312
vt 0.361946 0.579232
vt 0.415408 0.751492
vt 0.415161 0.749719
vt 0.415620 0.749687
vt 0.415854 0.751366
vt 0.408943 0.751313
vt 0.408715 0.749674
vt 0.415161 0.713143
vt 0.415620 0.713143
vt 0.416131 0.753131
vt 0.416538 0.752917
vt 0.409611 0.752828
vt 0.402478 0.751134
vt 0.402268 0.749629
vt 0.408715 0.713143
vt 0.415161 0.676567
vt 0.415620 0.676599
vt 0.432672 0.779018
vt 0.432265 0.779232
vt 0.425745 0.778929
vt 0.403091 0.752525
vt 0.402032 0.751261
vt 0.402268 0.713143
vt 0.408715 0.676612
vt 0.415408 0.674793
vt 0.415854 0.674920
vt 0.432878 0.780623
vt 0.433324 0.780497
vt 0.426413 0.780444
vt 0.419225 0.778626
vt 0.402684 0.752739
vt 0.402268 0.676657
vt 0.408943 0.674973
vt 0.416131 0.673155
vt 0.416538 0.673369
vt 0.433088 0.782129
vt 0.433547 0.782097
vt 0.426641 0.782084
vt 0.419948 0.780265
vt 0.418818 0.778841
vt 0.401809 0.676625
vt 0.402478 0.675152
vt 0.409611 0.673458
vt 0.432265 0.647054
vt 0.432672 0.647268
vt 0.433547 0.829186
vt 0.433088 0.829068
vt 0.426642 0.829270
vt 0.420195 0.782039
vt 0.419502 0.780392
vt 0.402032 0.675025
vt 0.403091 0.673761
vt 0.425745 0.647357
vt 0.432878 0.645663
vt 0.433324 0.645789
vt 0.433209 0.830761
vt 0.432743 0.830667
vt 0.426642 0.830881
vt 0.420195 0.829068
vt 0.419736 0.782071
vt 0.402684 0.673546
vt 0.419225 0.647659
vt 0.426413 0.645842
vt 0.433088 0.644157
vt 0.433547 0.644189
vt 0.429882 0.835575
vt 0.429553 0.835206
vt 0.426642 0.835838
vt 0.420539 0.830667
vt 0.419736 0.829186
vt 0.418818 0.647445
vt 0.419948 0.646021
vt 0.426641 0.644202
vt 0.433088 0.588313
vt 0.433546 0.588195
vt 0.428097 0.836495
vt 0.423730 0.835206
vt 0.420074 0.830762
vt 0.419502 0.645894
vt 0.420195 0.644247
vt 0.426641 0.588112
vt 0.433208 0.586620
vt 0.432743 0.586715
vt 0.426642 0.836749
vt 0.425186 0.836495
vt 0.423401 0.835575
vt 0.419736 0.644215
vt 0.420195 0.588313
vt 0.426641 0.586500
vt 0.429553 0.579601
vt 0.429881 0.579232
vt 0.419736 0.588196
vt 0.420539 0.586715
vt 0.426641 0.578969
vt 0.428097 0.578312
vt 0.420074 0.586620
vt 0.423730 0.579601
vt 0.426641 0.578058
vt 0.425185 0.578312
vt 0.423401 0.579232
vn -0.999690 -0.023944 0.006803
vn -0.999720 -0.020209 0.012285
vn -0.923942 -0.326871 0.198714
vn -0.925171 -0.365104 0.103725
vn -0.385837 -0.887443 0.252140
vn -0.382860 -0.789249 0.480109
vn -0.010857 -0.854256 0.519740
vn -0.011258 -0.961867 0.273288
vn 0.999690 -0.023944 0.006803
vn 0.999649 -0.026485 0.000166
vn 0.923941 -0.382527 0.002402
vn 0.925170 -0.365102 0.103734
vn 0.385830 -0.887446 0.252142
vn 0.382769 -0.923827 0.005590
vn 0.010855 -0.999923 0.005985
vn 0.011258 -0.961866 0.273288
vn 0.010493 0.854257 -0.519746
vn 0.010295 0.961878 -0.273285
vn 0.385821 0.887451 -0.252138
vn 0.382826 0.789185 -0.480241
vn 0.923942 0.326727 -0.198948
vn 0.925166 0.365113 -0.103732
vn 0.999460 0.031610 -0.008981
vn 0.998791 0.041988 -0.025568
vn -0.999460 0.031610 -0.008981
vn -0.999593 0.028526 -0.000162
vn -0.923933 0.382549 -0.002175
vn -0.925175 0.365089 -0.103733
vn -0.385832 0.887444 -0.252144
vn -0.382782 0.923822 -0.005466
vn -0.010490 0.999927 -0.005981
vn -0.010295 0.961878 -0.273285
vn -0.999460 -0.031610 0.008981
vn -0.999594 -0.028482 0.000127
vn -0.923914 -0.382596 0.001704
vn -0.925169 -0.365106 0.103731
vn -0.385837 -0.887442 0.252143
vn -0.382810 -0.923817 0.004277
vn -0.010488 -0.999934 0.004681
vn -0.010295 -0.961877 0.273290
vn 0.999460 -0.031610 0.008981
vn 0.998791 -0.041991 0.025568
vn 0.923933 -0.326751 0.198952
vn 0.925169 -0.365107 0.103731
vn 0.385830 -0.887447 0.252138
vn 0.382842 -0.789185 0.480228
vn 0.010493 -0.854257 0.519745
vn 0.010295 -0.961877 0.273290
vn 0.010850 0.999930 -0.004683
vn 0.011258 0.961868 -0.273282
vn 0.385826 0.887447 -0.252144
vn 0.382816 0.923814 -0.004377
vn 0.923924 0.382571 -0.001885
vn 0.925174 0.365093 -0.103733
vn 0.999690 0.023943 -0.006803
vn 0.999649 0.026483 -0.000131
vn -0.999690 0.023943 -0.006803
vn -0.999720 0.020209 -0.012285
vn -0.923945 0.326865 -0.198708
vn -0.925173 0.365094 -0.103733
vn -0.385830 0.887444 -0.252147
vn -0.382831 0.789263 -0.480108
vn -0.010856 0.854256 -0.519740
vn -0.011258 0.961868 -0.273282
vn 0.010857 -0.854256 0.519740
vn -0.010855 -0.999923 0.005985
vn 0.010488 -0.999934 0.004681
vn -0.010493 -0.854257 0.519745
vn 0.010670 -0.999943 0.000000
vn -0.010670 -0.999943 0.000000
vn 1.000000 0.000000 -0.000000
vn 0.999621 -0.027517 -0.000000
vn 1.000000 0.000000 -0.000000
vn -0.010667 0.999943 -0.000000
vn 0.010666 0.999943 0.000000
vn 0.010490 0.999927 -0.005981
vn -0.999621 -0.027518 0.000000
vn -1.000000 0.000000 0.000000
vn -1.000000 0.000000 0.000000
vn -0.999649 -0.026485 0.000166
vn 0.999720 -0.020207 0.012284
vn 1.000000 0.000000 -0.000000
vn 1.000000 -0.000001 -0.000000
vn 0.010856 0.854256 -0.519740
vn -0.010493 0.854257 -0.519746
vn -1.000000 0.000001 0.000000
vn -1.000000 -0.000000 0.000000
vn -0.998791 -0.041992 0.025569
vn 1.000000 -0.000001 0.000000
vn -1.000000 0.000001 -0.000000
vn 0.999594 -0.028486 0.000127
vn 1.000000 -0.000001 0.000000
vn 1.000000 -0.000000 0.000000
vn -0.010850 0.999930 -0.004683
vn -1.000000 0.000000 0.000000
vn -1.000000 0.000000 0.000000
vn 0.999622 0.027508 -0.000000
vn 0.999593 0.028525 -0.000162
vn 0.999720 0.020205 -0.012284
vn -0.999649 0.026482 -0.000131
vn -0.998791 0.041993 -0.025568
vn -0.999622 0.027509 0.000000
vn -0.382784 -0.923821 0.005590
vn -0.923939 -0.382532 0.002402
vn 0.923939 -0.326879 0.198713
vn 0.382846 -0.789261 0.480100
vn -0.382653 -0.923892 0.000000
vn -0.923883 -0.382675 0.000000
vn 0.923885 -0.382670 -0.000000
vn 0.382636 -0.923899 0.000000
vn 0.382767 0.923829 -0.005465
vn 0.923936 0.382541 -0.002175
vn 0.382637 0.923899 0.000000
vn 0.923885 0.382669 -0.000000
vn -0.923939 0.326736 -0.198947
vn -0.382829 0.789187 -0.480236
vn -0.923881 0.382679 0.000000
vn -0.382653 0.923892 -0.000001
vn -0.382856 -0.789173 0.480237
vn -0.923936 -0.326741 0.198954
vn 0.923913 -0.382599 0.001704
vn 0.382813 -0.923816 0.004277
vn 0.382829 0.789261 -0.480114
vn 0.923948 0.326856 -0.198709
vn -0.923923 0.382574 -0.001885
vn -0.382810 0.923817 -0.004377
vn -0.999810 -0.000000 -0.019505
vn -0.972374 0.063532 -0.224616
vn -0.978933 0.000000 -0.204180
vn -0.972374 -0.063533 -0.224616
vn 0.390862 -0.323250 -0.861822
vn 0.010250 -0.340285 -0.940267
vn 0.010852 -0.000000 -0.999941
vn 0.402941 -0.000002 -0.915226
vn 0.010250 0.340285 -0.940267
vn 0.390863 0.323249 -0.861821
vn -0.010250 -0.340285 -0.940267
vn 0.009596 -0.450384 -0.892783
vn -0.009596 -0.450384 -0.892783
vn -0.009596 0.450388 -0.892782
vn 0.009596 0.450388 -0.892782
vn -0.010250 0.340285 -0.940267
vn -0.390863 0.323249 -0.861821
vn -0.380950 0.419835 -0.823781
vn -0.949624 0.218769 -0.224398
vn -0.998874 0.032409 -0.034648
vn -0.998874 -0.032408 -0.034647
vn -0.949628 -0.218758 -0.224392
vn -0.380949 -0.419834 -0.823783
vn -0.390862 -0.323248 -0.861822
vn 0.998874 0.032409 -0.034647
vn 0.999810 -0.000000 -0.019505
vn 0.972374 0.063531 -0.224616
vn 0.949625 0.218774 -0.224390
vn 0.380950 0.419836 -0.823781
vn 0.380949 -0.419835 -0.823782
vn 0.949621 -0.218782 -0.224398
vn 0.972374 -0.063530 -0.224616
vn 0.998874 -0.032409 -0.034648
vn -0.402941 0.000000 -0.915226
vn -0.010852 -0.000000 -0.999941
vn 0.978933 0.000002 -0.204180
vn -0.998281 -0.050398 -0.029934
vn -0.927059 -0.328810 -0.180129
vn -0.924167 -0.381974 -0.003201
vn -0.999528 -0.030711 -0.000185
vn -1.000000 0.000000 0.000000
vn -1.000000 -0.000000 0.000000
vn -0.999528 0.030725 -0.000184
vn -0.998280 0.050403 -0.029940
vn -0.388661 -0.797025 -0.462270
vn -0.010037 -0.867911 -0.496618
vn -0.010099 -0.999925 -0.006963
vn -0.383196 -0.923647 -0.006045
vn 0.010040 -0.867910 -0.496620
vn 0.010102 -0.999925 -0.006963
vn 0.388676 -0.797035 -0.462240
vn 0.383196 -0.923647 -0.006048
vn 0.927052 -0.328837 -0.180113
vn 0.998280 -0.050405 -0.029940
vn 0.999528 -0.030722 -0.000184
vn 0.924167 -0.381976 -0.003202
vn 1.000000 -0.000000 0.000000
vn 1.000000 -0.000001 0.000000
vn 0.998280 0.050400 -0.029934
vn 0.999528 0.030720 -0.000184
vn 0.927052 0.328829 -0.180127
vn 0.924172 0.381962 -0.003197
vn 0.388666 0.797019 -0.462277
vn 0.010037 0.867911 -0.496618
vn 0.010102 0.999925 -0.006963
vn 0.383200 0.923646 -0.006044
vn -0.010039 0.867910 -0.496619
vn -0.010105 0.999925 -0.006963
vn -0.388675 0.797034 -0.462242
vn -0.383191 0.923650 -0.006047
vn -0.927058 0.328821 -0.180114
vn -0.924172 0.381964 -0.003199
vn -0.382950 -0.760732 -0.524058
vn -0.009933 -0.824271 -0.566109
vn 0.382954 0.760725 -0.524065
vn 0.009933 0.824271 -0.566109
vn 0.009935 -0.824271 -0.566109
vn 0.382993 -0.760718 -0.524047
vn -0.009935 0.824271 -0.566109
vn -0.382993 0.760717 -0.524048
vn -0.999690 -0.023943 -0.006805
vn -0.925161 -0.365124 -0.103736
vn -0.923942 -0.326870 -0.198716
vn -0.999720 -0.020210 -0.012285
vn -0.385834 -0.887444 -0.252142
vn -0.011258 -0.961867 -0.273287
vn -0.010857 -0.854256 -0.519740
vn -0.382850 -0.789253 -0.480111
vn 0.999690 -0.023943 -0.006800
vn 0.925183 -0.365072 -0.103722
vn 0.923945 -0.382519 -0.002402
vn 0.999649 -0.026485 -0.000166
vn 0.385829 -0.887445 -0.252146
vn 0.011258 -0.961866 -0.273288
vn 0.010855 -0.999923 -0.005985
vn 0.382767 -0.923828 -0.005591
vn 0.010493 0.854257 0.519746
vn 0.382827 0.789191 0.480230
vn 0.385825 0.887448 0.252141
vn 0.010295 0.961878 0.273285
vn 0.923940 0.326731 0.198950
vn 0.998791 0.041989 0.025568
vn 0.999460 0.031610 0.008983
vn 0.925167 0.365110 0.103736
vn -0.999460 0.031609 0.008979
vn -0.925181 0.365076 0.103730
vn -0.923937 0.382539 0.002175
vn -0.999593 0.028525 0.000162
vn -0.385825 0.887447 0.252146
vn -0.010295 0.961878 0.273285
vn -0.010490 0.999927 0.005981
vn -0.382775 0.923825 0.005466
vn -0.999460 -0.031612 -0.008978
vn -0.925170 -0.365105 -0.103730
vn -0.923917 -0.382590 -0.001440
vn -0.999595 -0.028475 -0.000107
vn -0.385837 -0.887443 -0.252141
vn -0.010295 -0.961876 -0.273291
vn -0.010489 -0.999937 -0.003958
vn -0.382800 -0.923824 -0.003616
vn 0.999460 -0.031607 -0.008984
vn 0.925170 -0.365104 -0.103734
vn 0.923938 -0.326739 -0.198947
vn 0.998791 -0.041990 -0.025567
vn 0.385822 -0.887450 -0.252139
vn 0.010295 -0.961876 -0.273291
vn 0.010493 -0.854257 -0.519745
vn 0.382839 -0.789185 -0.480230
vn 0.010849 0.999933 0.003960
vn 0.382795 0.923826 0.003702
vn 0.385823 0.887446 0.252151
vn 0.011258 0.961868 0.273283
vn 0.923926 0.382567 0.001594
vn 0.999649 0.026497 0.000110
vn 0.999690 0.023941 0.006801
vn 0.925178 0.365083 0.103733
vn -0.999690 0.023946 0.006804
vn -0.925162 0.365124 0.103732
vn -0.923953 0.326844 0.198704
vn -0.999720 0.020208 0.012285
vn -0.385828 0.887446 0.252144
vn -0.011258 0.961868 0.273283
vn -0.010856 0.854256 0.519740
vn -0.382829 0.789264 0.480110
vn 0.010857 -0.854256 -0.519740
vn -0.010855 -0.999923 -0.005985
vn 0.010489 -0.999937 -0.003958
vn -0.010493 -0.854257 -0.519745
vn 0.010670 -0.999943 -0.000000
vn -0.010670 -0.999943 0.000000
vn 1.000000 0.000000 0.000000
vn 1.000000 -0.000000 0.000000
vn 0.999621 -0.027517 0.000000
vn -0.010666 0.999943 0.000000
vn 0.010490 0.999927 0.005981
vn 0.010666 0.999943 0.000000
vn -0.999621 -0.027517 -0.000000
vn -0.999649 -0.026485 -0.000167
vn -1.000000 0.000000 -0.000000
vn -1.000000 0.000000 -0.000000
vn 0.999720 -0.020208 -0.012284
vn 1.000000 -0.000001 -0.000000
vn 1.000000 -0.000000 0.000000
vn -0.010493 0.854257 0.519746
vn 0.010856 0.854256 0.519740
vn -1.000000 0.000001 0.000000
vn -0.998791 -0.041993 -0.025569
vn -1.000000 -0.000001 -0.000000
vn 1.000000 -0.000001 0.000002
vn -1.000000 0.000002 -0.000002
vn 0.999594 -0.028477 -0.000107
vn 1.000000 0.000002 -0.000002
vn 1.000000 0.000001 -0.000000
vn -0.010849 0.999933 0.003960
vn -1.000000 -0.000001 0.000002
vn -1.000000 -0.000002 0.000000
vn 0.999622 0.027509 0.000000
vn 0.999593 0.028526 0.000162
vn 0.999720 0.020206 0.012284
vn -0.999649 0.026494 0.000111
vn -0.998791 0.041989 0.025568
vn -0.999622 0.027508 -0.000000
vn -0.382786 -0.923820 -0.005590
vn -0.923944 -0.382521 -0.002403
vn 0.923945 -0.326867 -0.198706
vn 0.382844 -0.789261 -0.480103
vn -0.382654 -0.923892 0.000000
vn -0.923888 -0.382663 -0.000000
vn 0.923888 -0.382663 0.000000
vn 0.382634 -0.923900 -0.000000
vn 0.382775 0.923826 0.005465
vn 0.923930 0.382555 0.002175
vn 0.382646 0.923895 0.000000
vn 0.923880 0.382684 0.000000
vn -0.923949 0.326711 0.198942
vn -0.382825 0.789188 0.480236
vn -0.923886 0.382668 -0.000000
vn -0.382646 0.923895 0.000000
vn -0.382847 -0.789177 -0.480239
vn -0.923937 -0.326739 -0.198955
vn 0.923909 -0.382609 -0.001440
vn 0.382784 -0.923831 -0.003617
vn 0.382830 0.789268 0.480102
vn 0.923947 0.326859 0.198710
vn -0.923918 0.382587 0.001594
vn -0.382779 0.923833 0.003701
vn -0.999917 0.000000 0.012916
vn -0.972374 -0.063528 0.224617
vn -0.978933 0.000000 0.204180
vn -0.972375 0.063531 0.224614
vn 0.390883 -0.323247 0.861813
vn 0.402971 0.000000 0.915213
vn 0.010853 -0.000000 0.999941
vn 0.010250 -0.340285 0.940267
vn 0.390885 0.323249 0.861812
vn 0.010250 0.340285 0.940267
vn -0.010250 -0.340285 0.940267
vn -0.009597 -0.450384 0.892783
vn 0.009596 -0.450384 0.892783
vn -0.009597 0.450387 0.892782
vn -0.010250 0.340285 0.940267
vn 0.009597 0.450388 0.892782
vn -0.380962 0.419828 0.823779
vn -0.390877 0.323241 0.861818
vn -0.949487 0.253717 0.184668
vn -0.999000 0.036485 0.025838
vn -0.999000 -0.036483 0.025837
vn -0.949490 -0.253705 0.184667
vn -0.380960 -0.419825 0.823782
vn -0.390876 -0.323241 0.861819
vn 0.999000 0.036482 0.025836
vn 0.949500 0.253672 0.184661
vn 0.972376 0.063527 0.224611
vn 0.999917 -0.000000 0.012916
vn 0.380966 0.419832 0.823775
vn 0.380965 -0.419831 0.823776
vn 0.949500 -0.253676 0.184659
vn 0.999000 -0.036483 0.025836
vn 0.972376 -0.063523 0.224609
vn -0.010853 -0.000000 0.999941
vn -0.402958 0.000000 0.915218
vn 0.978933 -0.000002 0.204180
vn -0.998705 -0.047056 0.019368
vn -0.999528 -0.030711 0.000156
vn -0.924131 -0.382066 0.002709
vn -0.924799 -0.352996 0.141915
vn -1.000000 0.000000 0.000000
vn -1.000000 -0.000002 -0.000000
vn -0.998704 0.047064 0.019372
vn -0.999528 0.030722 0.000156
vn -0.383674 -0.854200 0.350910
vn -0.383127 -0.923682 0.005110
vn -0.010094 -0.999932 0.005887
vn -0.010223 -0.925234 0.379259
vn 0.010097 -0.999932 0.005887
vn 0.010225 -0.925234 0.379259
vn 0.383108 -0.923689 0.005112
vn 0.383656 -0.854213 0.350896
vn 0.924819 -0.352953 0.141898
vn 0.924124 -0.382082 0.002710
vn 0.999528 -0.030720 0.000156
vn 0.998704 -0.047059 0.019371
vn 1.000000 0.000001 0.000000
vn 1.000000 -0.000000 0.000000
vn 0.999528 0.030717 0.000156
vn 0.998705 0.047051 0.019367
vn 0.924137 0.382052 0.002706
vn 0.924817 0.352951 0.141911
vn 0.383674 0.854201 0.350905
vn 0.383120 0.923685 0.005108
vn 0.010096 0.999932 0.005887
vn 0.010223 0.925234 0.379259
vn -0.010099 0.999932 0.005887
vn -0.010225 0.925234 0.379259
vn -0.383101 0.923692 0.005111
vn -0.383653 0.854215 0.350894
vn -0.924798 0.353003 0.141908
vn -0.924129 0.382071 0.002708
vn -0.009447 -0.911569 0.411038
vn -0.381065 -0.842919 0.379839
vn 0.009447 0.911569 0.411038
vn 0.381066 0.842921 0.379833
vn 0.009448 -0.911569 0.411038
vn 0.381064 -0.842921 0.379834
vn -0.009448 0.911569 0.411038
vn -0.381061 0.842923 0.379832
s 1
g all Sunmao_004 tuijia_002
usemtl phong1SG
f 2689/3634/7961 2690/3635/7962 2691/3636/7963 2688/3637/7964
s 2
f 2688/3494/7965 2691/3495/7966 2692/3496/7967 2687/3497/7968
s 3
f 2698/3733/7969 2702/3734/7970 2703/3735/7971 2697/3736/7972
s 2
f 2697/3508/7973 2703/3516/7974 2704/3509/7975 2696/3501/7976
s 5
f 2707/3566/7977 2708/3567/7978 2709/3568/7979 2706/3569/7980
s 3
f 2706/3762/7981 2709/3753/7982 2710/3744/7983 2705/3752/7984
s 1
f 2719/3645/7985 2720/3653/7986 2721/3586/7987 2718/3654/7988
s 5
f 2718/3578/7989 2721/3586/7990 2722/3579/7991 2717/3571/7992
s 1
f 2725/3649/7993 2726/3658/7994 2727/3659/7995 2724/3648/7996
s 2
f 2724/3505/7997 2727/3513/7998 2728/3514/7999 2723/3504/8000
s 3
f 2734/3758/8001 2738/3750/8002 2739/3749/8003 2733/3759/8004
s 2
f 2733/3521/8005 2739/3515/8006 2740/3506/8007 2732/3512/8008
s 5
f 2743/3590/8009 2744/3582/8010 2745/3583/8011 2742/3591/8012
s 3
f 2742/3791/8013 2745/3781/8014 2746/3770/8015 2741/3780/8016
s 1
f 2755/3665/8017 2756/3656/8018 2757/3664/8019 2754/3673/8020
s 5
f 2754/3593/8021 2757/3585/8022 2758/3576/8023 2753/3584/8024
s 2
f 2692/3496/7967 2693/3500/8025 2696/3501/7976 2687/3497/7968
f 2687/3497/7968 2696/3501/7976 2704/3509/7975 2699/3502/8026
f 2728/3514/7999 2729/3520/8027 2732/3512/8008 2723/3504/8000
f 2723/3504/8000 2732/3512/8008 2740/3506/8007 2735/3499/8028
f 2761/3517/8029 2762/3510/8030 2699/3502/8026 2704/3509/7975
s 3
f 2673/3746/8031 2759/3739/8032 2702/3734/7970 2674/3738/8033
s 5
f 2770/3587/8034 2765/3580/8035 2711/3572/8036 2722/3579/7991
s 1
f 2764/3651/8037 2686/3652/8038 2685/3644/8039 2701/3643/8040
s 2
f 2692/3496/7967 2735/3499/8028 2740/3506/8007 2693/3500/8025
s 3
f 2695/3741/8041 2738/3750/8002 2677/3751/8042 2676/3743/8043
s 5
f 2707/3566/7977 2747/3575/8044 2758/3576/8023 2714/3570/8045
s 1
f 2683/3639/8046 2682/3647/8047 2737/3640/8048 2690/3635/7962
s 3
f 2695/3741/8041 2676/3743/8043 2675/3737/8049 2698/3733/7969
f 2698/3733/7969 2675/3737/8049 2674/3738/8033 2702/3734/7970
s 5
f 2707/3566/7977 2714/3570/8045 2717/3571/7992 2708/3567/7978
f 2708/3567/7978 2717/3571/7992 2722/3579/7991 2711/3572/8036
s 1
f 2701/3643/8040 2685/3644/8039 2684/3638/8050 2689/3634/7961
f 2689/3634/7961 2684/3638/8050 2683/3639/8046 2690/3635/7962
s 3
f 2731/3767/8051 2679/3769/8052 2678/3760/8053 2734/3758/8001
f 2734/3758/8001 2678/3760/8053 2677/3751/8042 2738/3750/8002
s 5
f 2743/3590/8009 2750/3592/8054 2753/3584/8024 2744/3582/8010
f 2744/3582/8010 2753/3584/8024 2758/3576/8023 2747/3575/8044
s 1
f 2737/3640/8048 2682/3647/8047 2681/3657/8055 2725/3649/7993
f 2725/3649/7993 2681/3657/8055 2680/3666/8056 2726/3658/7994
s 3
f 2767/3754/8057 2673/3746/8031 2674/3738/8033 2713/3745/8058
f 2675/3737/8049 2710/3744/7983 2713/3745/8058 2674/3738/8033
f 2676/3743/8043 2705/3752/7984 2710/3744/7983 2675/3737/8049
f 2677/3751/8042 2749/3761/8059 2705/3752/7984 2676/3743/8043
f 2678/3760/8053 2746/3770/8015 2749/3761/8059 2677/3751/8042
f 2679/3769/8052 2741/3780/8016 2746/3770/8015 2678/3760/8053
s 1
f 2681/3657/8055 2755/3665/8017 2752/3674/8060 2680/3666/8056
f 2682/3647/8047 2756/3656/8018 2755/3665/8017 2681/3657/8055
f 2716/3646/8061 2756/3656/8018 2682/3647/8047 2683/3639/8046
f 2684/3638/8050 2719/3645/7985 2716/3646/8061 2683/3639/8046
f 2685/3644/8039 2720/3653/7986 2719/3645/7985 2684/3638/8050
f 2686/3652/8038 2768/3663/8062 2720/3653/7986 2685/3644/8039
s 2
f 2687/3497/7968 2699/3502/8026 2700/3503/8063 2688/3494/7965
s 1
f 2688/3637/7964 2700/3642/8064 2701/3643/8040 2689/3634/7961
s 3
f 2695/3741/8041 2698/3733/7969 2697/3736/7972 2694/3742/8065
s 2
f 2694/3507/8066 2697/3508/7973 2696/3501/7976 2693/3500/8025
f 2699/3502/8026 2762/3510/8030 2763/3511/8067 2700/3503/8063
s 1
f 2700/3642/8064 2763/3650/8068 2764/3651/8037 2701/3643/8040
s 3
f 2702/3734/7970 2759/3739/8032 2760/3740/8069 2703/3735/7971
s 2
f 2703/3516/7974 2760/3524/8070 2761/3517/8029 2704/3509/7975
s 5
f 2708/3567/7978 2711/3572/8036 2712/3573/8071 2709/3568/7979
s 3
f 2709/3753/7982 2712/3573/8072 2713/3745/8058 2710/3744/7983
s 5
f 2711/3572/8036 2765/3580/8035 2766/3581/8073 2712/3573/8071
s 3
f 2712/3573/8072 2766/3581/8074 2767/3754/8057 2713/3745/8058
s 1
f 2716/3646/8061 2719/3645/7985 2718/3654/7988 2715/3655/8075
s 5
f 2715/3577/8076 2718/3578/7989 2717/3571/7992 2714/3570/8045
s 1
f 2720/3653/7986 2768/3663/8062 2769/3594/8077 2721/3586/7987
s 5
f 2721/3586/7990 2769/3594/8078 2770/3587/8034 2722/3579/7991
s 2
f 2723/3504/8000 2735/3499/8028 2736/3498/8079 2724/3505/7997
s 1
f 2724/3648/7996 2736/3641/8080 2737/3640/8048 2725/3649/7993
s 3
f 2731/3767/8051 2734/3758/8001 2733/3759/8004 2730/3768/8081
s 2
f 2730/3529/8082 2733/3521/8005 2732/3512/8008 2729/3520/8027
s 1
f 2690/3635/7962 2737/3640/8048 2736/3641/8080 2691/3636/7963
s 2
f 2691/3495/7966 2736/3498/8079 2735/3499/8028 2692/3496/7967
f 2693/3500/8025 2740/3506/8007 2739/3515/8006 2694/3507/8066
s 3
f 2694/3742/8065 2739/3749/8003 2738/3750/8002 2695/3741/8041
s 5
f 2744/3582/8010 2747/3575/8044 2748/3574/8083 2745/3583/8011
s 3
f 2745/3781/8014 2748/3771/8084 2749/3761/8059 2746/3770/8015
f 2705/3752/7984 2749/3761/8059 2748/3771/8084 2706/3762/7981
s 5
f 2706/3569/7980 2748/3574/8083 2747/3575/8044 2707/3566/7977
s 1
f 2752/3674/8060 2755/3665/8017 2754/3673/8020 2751/3683/8085
s 5
f 2751/3601/8086 2754/3593/8021 2753/3584/8024 2750/3592/8054
f 2714/3570/8045 2758/3576/8023 2757/3585/8022 2715/3577/8076
s 1
f 2715/3655/8075 2757/3664/8019 2756/3656/8018 2716/3646/8061
f 2789/3695/8087 2786/3704/8088 2787/3705/8089 2788/3696/8090
s 22
f 2793/3446/8091 2794/3447/8092 2795/3448/8093 2792/3449/8094
f 2792/3449/8094 2795/3448/8093 2796/3454/8095 2791/3455/8096
f 2785/3453/8097 2794/3447/8092 2780/3450/8098 2773/3456/8099
f 2774/3466/8100 2779/3463/8101 2796/3454/8095 2783/3459/8102
f 2774/3466/8100 2783/3459/8102 2786/3467/8103 2775/3472/8104
s 1
f 2775/3711/8105 2786/3704/8088 2789/3695/8087 2776/3703/8106
f 2771/3686/8107 2789/3695/8087 2788/3696/8090 2772/3687/8108
s 22
f 2772/3465/8109 2788/3460/8110 2785/3453/8097 2773/3456/8099
s 3
f 2777/3808/8111 2790/3799/8112 2791/3816/8113 2778/3817/8114
s 22
f 2778/3462/8115 2791/3455/8096 2796/3454/8095 2779/3463/8101
f 2780/3450/8098 2794/3447/8092 2793/3446/8091 2781/3451/8116
s 3
f 2781/3797/8117 2793/3807/8118 2790/3799/8112 2782/3798/8119
s 22
f 2785/3453/8097 2788/3460/8110 2787/3461/8120 2784/3452/8121
f 2784/3452/8121 2787/3461/8120 2786/3467/8103 2783/3459/8102
s 3
f 2792/3815/8122 2791/3816/8113 2790/3799/8112 2793/3807/8118
s 22
f 2783/3459/8102 2796/3454/8095 2795/3448/8093 2784/3452/8121
f 2784/3452/8121 2795/3448/8093 2794/3447/8092 2785/3453/8097
s 1
f 2797/3676/8123 2802/3677/8124 2801/3668/8125 2798/3667/8126
f 2798/3667/8126 2799/3675/8127 2800/3685/8128 2797/3676/8123
f 2799/3675/8127 2824/3684/8129 2823/3694/8130 2800/3685/8128
s 2
f 2802/3530/8131 2803/3531/8132 2804/3523/8133 2801/3522/8134
f 2803/3531/8132 2805/3536/8135 2806/3528/8136 2804/3523/8133
f 2805/3536/8135 2808/3542/8137 2807/3537/8138 2806/3528/8136
s 3
f 2808/3787/8139 2809/3788/8140 2810/3778/8141 2807/3777/8142
f 2809/3788/8140 2811/3789/8143 2812/3779/8144 2810/3778/8141
f 2811/3789/8143 2814/3800/8145 2813/3790/8146 2812/3779/8144
f 2814/3800/8145 2816/3809/8147 2815/3801/8148 2813/3790/8146
s 5
f 2816/3606/8149 2817/3469/8150 2818/3599/8151 2815/3598/8152
f 2817/3469/8150 2819/3471/8153 2820/3600/8154 2818/3599/8151
f 2819/3471/8153 2822/3612/8155 2821/3607/8156 2820/3600/8154
s 1
f 2822/3702/8157 2823/3694/8130 2824/3684/8129 2821/3693/8158
s 2
f 2802/3470/8131 2772/3465/8159 2773/3456/8160 2803/3464/8132
s 3
f 2808/3787/8139 2781/3797/8117 2782/3798/8119 2809/3788/8140
s 5
f 2816/3468/8149 2778/3462/8161 2779/3463/8162 2817/3469/8150
s 1
f 2822/3702/8157 2775/3711/8105 2776/3703/8106 2823/3694/8130
f 2680/3666/8056 2799/3675/8127 2798/3667/8126 2726/3658/7994
s 5
f 2743/3590/8009 2818/3599/8151 2820/3600/8154 2750/3592/8054
s 3
f 2731/3767/8051 2810/3778/8141 2812/3779/8144 2679/3769/8052
s 2
f 2728/3514/7999 2804/3523/8133 2806/3528/8136 2729/3520/8027
s 3
f 2812/3779/8144 2813/3790/8146 2741/3780/8016 2679/3769/8052
s 1
f 2752/3674/8060 2824/3684/8129 2799/3675/8127 2680/3666/8056
f 2726/3658/7994 2798/3667/8126 2801/3668/8125 2727/3659/7995
s 2
f 2727/3513/7998 2801/3522/8134 2804/3523/8133 2728/3514/7999
f 2729/3520/8027 2806/3528/8136 2807/3537/8138 2730/3529/8082
s 3
f 2730/3768/8081 2807/3777/8142 2810/3778/8141 2731/3767/8051
f 2741/3780/8016 2813/3790/8146 2815/3801/8148 2742/3791/8013
s 5
f 2742/3591/8012 2815/3598/8152 2818/3599/8151 2743/3590/8009
f 2750/3592/8054 2820/3600/8154 2821/3607/8156 2751/3601/8086
s 1
f 2751/3683/8085 2821/3693/8158 2824/3684/8129 2752/3674/8060
f 2800/3685/8128 2789/3695/8087 2771/3686/8107 2797/3676/8123
f 2802/3677/8124 2797/3676/8123 2771/3686/8107 2772/3687/8108
s 2
f 2780/3450/8163 2805/3458/8135 2803/3464/8132 2773/3456/8160
f 2808/3457/8137 2805/3458/8135 2780/3450/8163 2781/3451/8164
s 3
f 2790/3799/8112 2811/3789/8143 2809/3788/8140 2782/3798/8119
f 2816/3809/8147 2814/3800/8145 2777/3808/8111 2778/3817/8114
s 5
f 2774/3466/8165 2819/3471/8153 2817/3469/8150 2779/3463/8162
f 2822/3473/8155 2819/3471/8153 2774/3466/8165 2775/3472/8166
s 1
f 2800/3685/8128 2823/3694/8130 2776/3703/8106 2789/3695/8087
s 3
f 2790/3799/8112 2777/3808/8111 2814/3800/8145 2811/3789/8143
s 26
f 2839/3670/8167 2838/3669/8168 2841/3678/8169 2840/3679/8170
s 27
f 2838/3527/8171 2837/3526/8172 2842/3534/8173 2841/3535/8174
s 28
f 2848/3756/8175 2847/3757/8176 2853/3748/8177 2852/3747/8178
s 27
f 2847/3538/8179 2846/3533/8180 2854/3525/8181 2853/3532/8182
s 30
f 2857/3604/8183 2856/3605/8184 2859/3597/8185 2858/3596/8186
s 28
f 2856/3792/8187 2855/3783/8188 2860/3773/8189 2859/3782/8190
s 26
f 2869/3681/8191 2868/3692/8192 2871/3682/8193 2870/3672/8194
s 30
f 2868/3608/8195 2867/3603/8196 2872/3595/8197 2871/3602/8198
s 26
f 2875/3698/8199 2874/3697/8200 2877/3706/8201 2876/3707/8202
s 27
f 2874/3546/8203 2873/3545/8204 2878/3549/8205 2877/3550/8206
s 28
f 2884/3785/8207 2883/3786/8208 2889/3776/8209 2888/3775/8210
s 27
f 2883/3551/8211 2882/3548/8212 2890/3544/8213 2889/3547/8214
s 30
f 2893/3619/8215 2892/3620/8216 2895/3616/8217 2894/3615/8218
s 28
f 2892/3818/8219 2891/3811/8220 2896/3803/8221 2895/3810/8222
s 26
f 2905/3709/8223 2904/3716/8224 2907/3710/8225 2906/3700/8226
s 30
f 2904/3621/8227 2903/3618/8228 2908/3614/8229 2907/3617/8230
s 27
f 2842/3534/8173 2837/3526/8172 2846/3533/8180 2843/3539/8231
f 2837/3526/8172 2849/3518/8232 2854/3525/8181 2846/3533/8180
f 2878/3549/8205 2873/3545/8204 2882/3548/8212 2879/3552/8233
f 2873/3545/8204 2885/3540/8234 2890/3544/8213 2882/3548/8212
f 2761/3517/8235 2854/3525/8181 2849/3518/8232 2762/3510/8236
s 28
f 2673/3746/8237 2825/3755/8238 2852/3747/8178 2759/3739/8239
s 30
f 2770/3587/8240 2872/3595/8197 2861/3588/8241 2765/3580/8242
s 26
f 2764/3651/8243 2851/3661/8244 2836/3662/8245 2686/3652/8246
s 27
f 2842/3534/8173 2843/3539/8231 2890/3544/8213 2885/3540/8234
s 28
f 2845/3765/8247 2827/3774/8248 2828/3784/8249 2888/3775/8210
s 30
f 2857/3604/8183 2864/3609/8250 2908/3614/8229 2897/3610/8251
s 26
f 2834/3680/8252 2840/3679/8170 2887/3689/8253 2833/3690/8254
s 28
f 2845/3765/8247 2848/3756/8175 2826/3764/8255 2827/3774/8248
f 2848/3756/8175 2852/3747/8178 2825/3755/8238 2826/3764/8255
s 30
f 2857/3604/8183 2858/3596/8186 2867/3603/8196 2864/3609/8250
f 2858/3596/8186 2861/3588/8241 2872/3595/8197 2867/3603/8196
s 26
f 2851/3661/8244 2839/3670/8167 2835/3671/8256 2836/3662/8245
f 2839/3670/8167 2840/3679/8170 2834/3680/8252 2835/3671/8256
s 28
f 2881/3795/8257 2884/3785/8207 2829/3794/8258 2830/3804/8259
f 2884/3785/8207 2888/3775/8210 2828/3784/8249 2829/3794/8258
s 30
f 2893/3619/8215 2894/3615/8218 2903/3618/8228 2900/3622/8260
f 2894/3615/8218 2897/3610/8251 2908/3614/8229 2903/3618/8228
s 26
f 2887/3689/8253 2875/3698/8199 2832/3699/8261 2833/3690/8254
f 2875/3698/8199 2876/3707/8202 2831/3708/8262 2832/3699/8261
s 28
f 2767/3754/8263 2863/3763/8264 2825/3755/8238 2673/3746/8237
f 2826/3764/8255 2825/3755/8238 2863/3763/8264 2860/3773/8189
f 2827/3774/8248 2826/3764/8255 2860/3773/8189 2855/3783/8188
f 2828/3784/8249 2827/3774/8248 2855/3783/8188 2899/3793/8265
f 2829/3794/8258 2828/3784/8249 2899/3793/8265 2896/3803/8221
f 2830/3804/8259 2829/3794/8258 2896/3803/8221 2891/3811/8220
s 26
f 2832/3699/8261 2831/3708/8262 2902/3715/8266 2905/3709/8223
f 2833/3690/8254 2832/3699/8261 2905/3709/8223 2906/3700/8226
f 2866/3691/8267 2834/3680/8252 2833/3690/8254 2906/3700/8226
f 2835/3671/8256 2834/3680/8252 2866/3691/8267 2869/3681/8191
f 2836/3662/8245 2835/3671/8256 2869/3681/8191 2870/3672/8194
f 2686/3652/8246 2836/3662/8245 2870/3672/8194 2768/3663/8268
s 27
f 2837/3526/8172 2838/3527/8171 2850/3519/8269 2849/3518/8232
s 26
f 2838/3669/8168 2839/3670/8167 2851/3661/8244 2850/3660/8270
s 28
f 2845/3765/8247 2844/3766/8271 2847/3757/8176 2848/3756/8175
s 27
f 2844/3543/8272 2843/3539/8231 2846/3533/8180 2847/3538/8179
f 2849/3518/8232 2850/3519/8269 2763/3511/8273 2762/3510/8236
s 26
f 2850/3660/8270 2851/3661/8244 2764/3651/8243 2763/3650/8274
s 28
f 2852/3747/8178 2853/3748/8177 2760/3740/8275 2759/3739/8239
s 27
f 2853/3532/8182 2854/3525/8181 2761/3517/8235 2760/3524/8276
s 30
f 2858/3596/8186 2859/3597/8185 2862/3589/8277 2861/3588/8241
s 28
f 2859/3782/8190 2860/3773/8189 2863/3763/8264 2862/3772/8278
s 30
f 2861/3588/8241 2862/3589/8277 2766/3581/8279 2765/3580/8242
s 28
f 2862/3772/8278 2863/3763/8264 2767/3754/8263 2766/3581/8280
s 26
f 2866/3691/8267 2865/3701/8281 2868/3692/8192 2869/3681/8191
s 30
f 2865/3613/8282 2864/3609/8250 2867/3603/8196 2868/3608/8195
s 26
f 2870/3672/8194 2871/3682/8193 2769/3594/8283 2768/3663/8268
s 30
f 2871/3602/8198 2872/3595/8197 2770/3587/8240 2769/3594/8284
s 27
f 2873/3545/8204 2874/3546/8203 2886/3541/8285 2885/3540/8234
s 26
f 2874/3697/8200 2875/3698/8199 2887/3689/8253 2886/3688/8286
s 28
f 2881/3795/8257 2880/3796/8287 2883/3786/8208 2884/3785/8207
s 27
f 2880/3555/8288 2879/3552/8233 2882/3548/8212 2883/3551/8211
s 26
f 2840/3679/8170 2841/3678/8169 2886/3688/8286 2887/3689/8253
s 27
f 2841/3535/8174 2842/3534/8173 2885/3540/8234 2886/3541/8285
f 2843/3539/8231 2844/3543/8272 2889/3547/8214 2890/3544/8213
s 28
f 2844/3766/8271 2845/3765/8247 2888/3775/8210 2889/3776/8209
s 30
f 2894/3615/8218 2895/3616/8217 2898/3611/8289 2897/3610/8251
s 28
f 2895/3810/8222 2896/3803/8221 2899/3793/8265 2898/3802/8290
f 2855/3783/8188 2856/3792/8187 2898/3802/8290 2899/3793/8265
s 30
f 2856/3605/8184 2857/3604/8183 2897/3610/8251 2898/3611/8289
s 26
f 2902/3715/8266 2901/3721/8291 2904/3716/8224 2905/3709/8223
s 30
f 2901/3625/8292 2900/3622/8260 2903/3618/8228 2904/3621/8227
f 2864/3609/8250 2865/3613/8282 2907/3617/8230 2908/3614/8229
s 26
f 2865/3701/8281 2866/3691/8267 2906/3700/8226 2907/3710/8225
f 2927/3724/8293 2926/3727/8294 2925/3730/8295 2924/3731/8296
s 46
f 2931/3474/8297 2930/3475/8298 2933/3476/8299 2932/3477/8300
f 2930/3475/8298 2929/3478/8301 2934/3479/8302 2933/3476/8299
f 2923/3481/8303 2911/3489/8304 2918/3482/8305 2932/3477/8300
f 2912/3490/8306 2921/3486/8307 2934/3479/8302 2917/3485/8308
f 2912/3490/8306 2913/3493/8309 2924/3491/8310 2921/3486/8307
s 26
f 2913/3732/8311 2914/3728/8312 2927/3724/8293 2924/3731/8296
f 2909/3723/8313 2910/3722/8314 2926/3727/8294 2927/3724/8293
s 46
f 2910/3492/8315 2911/3489/8304 2923/3481/8303 2926/3488/8316
s 28
f 2915/3828/8317 2916/3831/8318 2929/3830/8319 2928/3825/8320
s 46
f 2916/3484/8321 2917/3485/8308 2934/3479/8302 2929/3478/8301
f 2918/3482/8305 2919/3483/8322 2931/3474/8297 2932/3477/8300
s 28
f 2919/3822/8323 2920/3821/8324 2928/3825/8320 2931/3826/8325
s 46
f 2923/3481/8303 2922/3480/8326 2925/3487/8327 2926/3488/8316
f 2922/3480/8326 2921/3486/8307 2924/3491/8310 2925/3487/8327
s 28
f 2930/3829/8328 2931/3826/8325 2928/3825/8320 2929/3830/8319
s 46
f 2921/3486/8307 2922/3480/8326 2933/3476/8299 2934/3479/8302
f 2922/3480/8326 2923/3481/8303 2932/3477/8300 2933/3476/8299
s 26
f 2935/3717/8329 2936/3713/8330 2939/3712/8331 2940/3718/8332
f 2936/3713/8330 2935/3717/8329 2938/3719/8333 2937/3714/8334
f 2937/3714/8334 2938/3719/8333 2961/3725/8335 2962/3720/8336
s 27
f 2940/3557/8337 2939/3554/8338 2942/3553/8339 2941/3558/8340
f 2941/3558/8340 2942/3553/8339 2944/3556/8341 2943/3560/8342
f 2943/3560/8342 2944/3556/8341 2945/3559/8343 2946/3563/8344
s 28
f 2946/3813/8345 2945/3806/8346 2948/3805/8347 2947/3814/8348
f 2947/3814/8348 2948/3805/8347 2950/3812/8349 2949/3820/8350
f 2949/3820/8350 2950/3812/8349 2951/3819/8351 2952/3824/8352
f 2952/3824/8352 2951/3819/8351 2953/3823/8353 2954/3827/8354
s 30
f 2954/3627/8355 2953/3624/8356 2956/3623/8357 2955/3628/8358
f 2955/3628/8358 2956/3623/8357 2958/3626/8359 2957/3630/8360
f 2957/3630/8360 2958/3626/8359 2959/3629/8361 2960/3632/8362
s 26
f 2960/3729/8363 2959/3726/8364 2962/3720/8336 2961/3725/8335
s 27
f 2940/3557/8337 2941/3558/8340 2911/3561/8365 2910/3562/8366
s 28
f 2946/3813/8345 2947/3814/8348 2920/3821/8324 2919/3822/8323
s 30
f 2954/3627/8355 2955/3628/8358 2917/3485/8367 2916/3631/8368
s 26
f 2960/3729/8363 2961/3725/8335 2914/3728/8312 2913/3732/8311
f 2831/3708/8262 2876/3707/8202 2936/3713/8330 2937/3714/8334
s 30
f 2893/3619/8215 2900/3622/8260 2958/3626/8359 2956/3623/8357
s 28
f 2881/3795/8257 2830/3804/8259 2950/3812/8349 2948/3805/8347
s 27
f 2878/3549/8205 2879/3552/8233 2944/3556/8341 2942/3553/8339
s 28
f 2950/3812/8349 2830/3804/8259 2891/3811/8220 2951/3819/8351
s 26
f 2902/3715/8266 2831/3708/8262 2937/3714/8334 2962/3720/8336
f 2876/3707/8202 2877/3706/8201 2939/3712/8331 2936/3713/8330
s 27
f 2877/3550/8206 2878/3549/8205 2942/3553/8339 2939/3554/8338
f 2879/3552/8233 2880/3555/8288 2945/3559/8343 2944/3556/8341
s 28
f 2880/3796/8287 2881/3795/8257 2948/3805/8347 2945/3806/8346
f 2891/3811/8220 2892/3818/8219 2953/3823/8353 2951/3819/8351
s 30
f 2892/3620/8216 2893/3619/8215 2956/3623/8357 2953/3624/8356
f 2900/3622/8260 2901/3625/8292 2959/3629/8361 2958/3626/8359
s 26
f 2901/3721/8291 2902/3715/8266 2962/3720/8336 2959/3726/8364
f 2938/3719/8333 2935/3717/8329 2909/3723/8313 2927/3724/8293
f 2940/3718/8332 2910/3722/8314 2909/3723/8313 2935/3717/8329
s 27
f 2918/3564/8369 2911/3561/8365 2941/3558/8340 2943/3560/8342
f 2946/3563/8344 2919/3565/8370 2918/3564/8369 2943/3560/8342
s 28
f 2928/3825/8320 2920/3821/8324 2947/3814/8348 2949/3820/8350
f 2954/3827/8354 2916/3831/8318 2915/3828/8317 2952/3824/8352
s 30
f 2912/3490/8371 2917/3485/8367 2955/3628/8358 2957/3630/8360
f 2960/3632/8362 2913/3633/8372 2912/3490/8371 2957/3630/8360
s 26
f 2938/3719/8333 2927/3724/8293 2914/3728/8312 2961/3725/8335
s 28
f 2928/3825/8320 2949/3820/8350 2952/3824/8352 2915/3828/8317
g default
v -0.000004 10.787150 6.501018
v -1.958613 10.787150 6.501018
v -2.046523 10.774904 6.501018
v -2.127740 10.739098 6.501018
v -3.527166 9.874058 6.501018
v -3.608383 9.838252 6.501018
v -3.696293 9.826006 6.501018
v -3.696293 9.826006 7.501018
v -3.608383 9.838252 7.501018
v -3.527166 9.874058 7.501018
v -2.127740 10.739098 7.501018
v -2.046523 10.774904 7.501018
v -1.958613 10.787150 7.501018
v -0.000004 10.787150 7.501018
v -2.046523 10.394478 7.466227
v -2.049335 10.404375 7.490828
v -2.056123 10.428268 7.501018
v -2.143982 10.389534 7.501018
v -2.132497 10.367712 7.490828
v -2.127740 10.358672 7.466227
v -2.127740 10.358672 6.535810
v -2.132497 10.367712 6.511208
v -2.143982 10.389534 6.501018
v -2.046523 10.394478 6.535810
v -2.049335 10.404375 6.511208
v -2.056123 10.428268 6.501018
v -1.958613 10.406725 7.466227
v -1.959319 10.416914 7.490828
v -1.961024 10.441516 7.501018
v -1.961024 10.441516 6.501018
v -1.959319 10.416914 6.511208
v -1.958613 10.406725 6.535810
v -2.111498 11.088662 6.501018
v -2.122983 11.110485 6.511208
v -2.127740 11.119524 6.535810
v -2.046523 11.155331 6.535810
v -2.043711 11.145433 6.511208
v -2.036923 11.121540 6.501018
v -1.958613 11.167576 6.535810
v -1.957906 11.157387 6.511208
v -1.956201 11.132785 6.501018
v -2.127740 11.119524 7.466227
v -2.122983 11.110485 7.490828
v -2.111498 11.088662 7.501018
v -2.046523 11.155331 7.466227
v -2.043711 11.145433 7.490828
v -2.036923 11.121540 7.501018
v -1.956201 11.132785 7.501018
v -1.957906 11.157387 7.490828
v -1.958613 11.167576 7.466227
v -3.608383 9.457827 7.466227
v -3.611195 9.467723 7.490828
v -3.617983 9.491616 7.501018
v -3.698705 9.480371 7.501018
v -3.697000 9.455770 7.490828
v -3.696293 9.445580 7.466227
v -3.696293 9.445580 6.535810
v -3.697000 9.455770 6.511208
v -3.698705 9.480371 6.501018
v -3.608383 9.457827 6.535810
v -3.611195 9.467723 6.511208
v -3.617983 9.491616 6.501018
v -3.527166 9.493632 7.466227
v -3.531923 9.502672 7.490828
v -3.543408 9.524494 7.501018
v -3.543408 9.524494 6.501018
v -3.531923 9.502672 6.511208
v -3.527166 9.493632 6.535810
v -3.693882 10.171640 6.501018
v -3.695587 10.196241 6.511208
v -3.696293 10.206432 6.535810
v -3.608383 10.218678 6.535810
v -3.605571 10.208781 6.511208
v -3.598783 10.184888 6.501018
v -3.527166 10.254484 6.535810
v -3.522409 10.245445 6.511208
v -3.510924 10.223622 6.501018
v -3.696293 10.206432 7.466227
v -3.695587 10.196241 7.490828
v -3.693882 10.171640 7.501018
v -3.608383 10.218678 7.466227
v -3.605571 10.208781 7.490828
v -3.598783 10.184888 7.501018
v -3.510924 10.223622 7.501018
v -3.522409 10.245445 7.490828
v -3.527166 10.254484 7.466227
v -0.000004 10.441516 6.501018
v -0.000004 10.416914 6.511208
v -0.000004 10.406725 6.535810
v -0.000004 10.406725 7.466227
v -0.000004 10.416914 7.490828
v -0.000004 10.441516 7.501018
v -0.000004 11.167576 6.535810
v -0.000004 11.157387 6.511208
v -0.000004 11.132785 6.501018
v -0.000004 11.132785 7.501018
v -0.000004 11.157387 7.490828
v -0.000004 11.167576 7.466227
v -6.544472 9.669899 7.501018
v -6.564269 9.652271 7.490828
v -6.572469 9.644968 7.466227
v -6.572469 10.007044 7.466227
v -6.564269 9.999741 7.490828
v -6.544472 9.982113 7.501018
v -6.544472 9.982113 6.501018
v -6.564269 9.999741 6.511208
v -6.572469 10.007044 6.535810
v -6.572469 9.644968 6.535810
v -6.564269 9.652271 6.511208
v -6.544472 9.669899 6.501018
v -6.624413 9.904051 7.466227
v -6.638047 9.826006 7.466227
v -6.624413 9.747961 7.466227
v -6.613582 9.904051 7.490828
v -6.627215 9.826006 7.490828
v -6.613582 9.747961 7.490828
v -6.578361 9.826006 7.501018
v -6.578361 9.826006 6.501018
v -6.613582 9.904051 6.511208
v -6.627215 9.826006 6.511208
v -6.613582 9.747961 6.511208
v -6.624413 9.747961 6.535810
v -6.638047 9.826006 6.535810
v -6.624413 9.904051 6.535810
v -6.301090 9.498845 7.501018
v -6.215382 9.480371 7.501018
v -6.226174 9.826006 7.501018
v -6.312597 9.826006 7.501018
v -6.221683 9.455770 7.490828
v -6.306179 9.473906 7.490828
v -6.308577 9.463741 7.466227
v -6.224117 9.445580 7.466227
v -6.308578 9.463742 6.535810
v -6.224116 9.445580 6.535810
v -6.221696 9.455770 6.511208
v -6.306166 9.473900 6.511208
v -6.301090 9.498845 6.501018
v -6.215382 9.480371 6.501018
v -6.312597 9.826006 6.501018
v -6.226174 9.826006 6.501018
v -6.215382 10.171640 6.501018
v -6.301090 10.153167 6.501018
v -6.221683 10.196241 6.511208
v -6.306179 10.178106 6.511208
v -6.308577 10.188271 6.535810
v -6.224117 10.206432 6.535810
v -6.308578 10.188270 7.466227
v -6.224116 10.206432 7.466227
v -6.221696 10.196241 7.490828
v -6.306166 10.178112 7.490828
v -6.301090 10.153167 7.501018
v -6.215382 10.171640 7.501018
v 1.958605 10.787150 6.501018
v 2.046515 10.774904 6.501018
v 2.127732 10.739098 6.501018
v 3.527158 9.874058 6.501018
v 3.608375 9.838252 6.501018
v 3.696285 9.826006 6.501018
v 3.696285 9.826006 7.501018
v 3.608375 9.838252 7.501018
v 3.527158 9.874058 7.501018
v 2.127732 10.739098 7.501018
v 2.046515 10.774904 7.501018
v 1.958605 10.787150 7.501018
v 2.046515 10.394478 7.466227
v 2.049327 10.404375 7.490828
v 2.056115 10.428268 7.501018
v 2.143974 10.389534 7.501018
v 2.132489 10.367712 7.490828
v 2.127732 10.358672 7.466227
v 2.127732 10.358672 6.535810
v 2.132489 10.367712 6.511208
v 2.143974 10.389534 6.501018
v 2.046515 10.394478 6.535810
v 2.049327 10.404375 6.511208
v 2.056115 10.428268 6.501018
v 1.958605 10.406725 7.466227
v 1.959311 10.416914 7.490828
v 1.961016 10.441516 7.501018
v 1.961016 10.441516 6.501018
v 1.959311 10.416914 6.511208
v 1.958605 10.406725 6.535810
v 2.111490 11.088662 6.501018
v 2.122975 11.110485 6.511208
v 2.127732 11.119524 6.535810
v 2.046515 11.155331 6.535810
v 2.043703 11.145433 6.511208
v 2.036915 11.121540 6.501018
v 1.958605 11.167576 6.535810
v 1.957898 11.157387 6.511208
v 1.956193 11.132785 6.501018
v 2.127732 11.119524 7.466227
v 2.122975 11.110485 7.490828
v 2.111490 11.088662 7.501018
v 2.046515 11.155331 7.466227
v 2.043703 11.145433 7.490828
v 2.036915 11.121540 7.501018
v 1.956193 11.132785 7.501018
v 1.957898 11.157387 7.490828
v 1.958605 11.167576 7.466227
v 3.608375 9.457827 7.466227
v 3.611187 9.467723 7.490828
v 3.617975 9.491616 7.501018
v 3.698697 9.480371 7.501018
v 3.696992 9.455770 7.490828
v 3.696285 9.445580 7.466227
v 3.696285 9.445580 6.535810
v 3.696992 9.455770 6.511208
v 3.698697 9.480371 6.501018
v 3.608375 9.457827 6.535810
v 3.611187 9.467723 6.511208
v 3.617975 9.491616 6.501018
v 3.527158 9.493632 7.466227
v 3.531915 9.502672 7.490828
v 3.543400 9.524494 7.501018
v 3.543400 9.524494 6.501018
v 3.531915 9.502672 6.511208
v 3.527158 9.493632 6.535810
v 3.693874 10.171640 6.501018
v 3.695579 10.196241 6.511208
v 3.696285 10.206432 6.535810
v 3.608375 10.218678 6.535810
v 3.605563 10.208781 6.511208
v 3.598774 10.184888 6.501018
v 3.527158 10.254484 6.535810
v 3.522401 10.245445 6.511208
v 3.510916 10.223622 6.501018
v 3.696285 10.206432 7.466227
v 3.695579 10.196241 7.490828
v 3.693874 10.171640 7.501018
v 3.608375 10.218678 7.466227
v 3.605563 10.208781 7.490828
v 3.598774 10.184888 7.501018
v 3.510916 10.223622 7.501018
v 3.522401 10.245445 7.490828
v 3.527158 10.254484 7.466227
v 7.159889 9.669899 7.501018
v 7.179686 9.652271 7.490828
v 7.187886 9.644968 7.466227
v 7.187886 10.007044 7.466227
v 7.179686 9.999741 7.490828
v 7.159889 9.982113 7.501018
v 7.159889 9.982113 6.501018
v 7.179686 9.999741 6.511208
v 7.187886 10.007044 6.535810
v 7.187886 9.644968 6.535810
v 7.179686 9.652271 6.511208
v 7.159889 9.669899 6.501018
v 7.239830 9.904051 7.466227
v 7.253464 9.826006 7.466227
v 7.239830 9.747961 7.466227
v 7.228999 9.904051 7.490828
v 7.242632 9.826006 7.490828
v 7.228999 9.747961 7.490828
v 7.193778 9.826006 7.501018
v 7.193778 9.826006 6.501018
v 7.228999 9.904051 6.511208
v 7.242632 9.826006 6.511208
v 7.228999 9.747961 6.511208
v 7.239830 9.747961 6.535810
v 7.253464 9.826006 6.535810
v 7.239830 9.904051 6.535810
v 6.778493 9.498845 7.501018
v 6.692786 9.480371 7.501018
v 6.703578 9.826006 7.501018
v 6.790000 9.826006 7.501018
v 6.699086 9.455770 7.490828
v 6.783582 9.473906 7.490828
v 6.785981 9.463741 7.466227
v 6.701520 9.445580 7.466227
v 6.785982 9.463742 6.535810
v 6.701519 9.445580 6.535810
v 6.699100 9.455770 6.511208
v 6.783569 9.473900 6.511208
v 6.778493 9.498845 6.501018
v 6.692786 9.480371 6.501018
v 6.790000 9.826006 6.501018
v 6.703578 9.826006 6.501018
v 6.692786 10.171640 6.501018
v 6.778493 10.153167 6.501018
v 6.699086 10.196241 6.511208
v 6.783582 10.178106 6.511208
v 6.785981 10.188271 6.535810
v 6.701520 10.206432 6.535810
v 6.785982 10.188270 7.466227
v 6.701519 10.206432 7.466227
v 6.699100 10.196241 7.490828
v 6.783569 10.178112 7.490828
v 6.778493 10.153167 7.501018
v 6.692786 10.171640 7.501018
vt 0.401809 0.839019
vt 0.401350 0.839019
vt 0.401350 0.837563
vt 0.401809 0.837563
vt 0.401350 0.840940
vt 0.401809 0.840803
vt 0.383997 0.837563
vt 0.383997 0.839019
vt 0.401350 0.836107
vt 0.401809 0.836107
vt 0.383997 0.840940
vt 0.401809 0.844130
vt 0.401351 0.844320
vt 0.383997 0.836108
vt 0.383538 0.839019
vt 0.383538 0.837563
vt 0.401809 0.834323
vt 0.401350 0.834186
vt 0.383997 0.844320
vt 0.383538 0.840804
vt 0.383997 0.834187
vt 0.383538 0.836108
vt 0.401809 0.830996
vt 0.401350 0.830806
vt 0.383538 0.844130
vt 0.383997 0.830807
vt 0.383538 0.834323
vt 0.383538 0.830996
vt 0.401809 0.574247
vt 0.401809 0.575702
vt 0.401350 0.575702
vt 0.401350 0.574247
vt 0.401809 0.577158
vt 0.401350 0.577158
vt 0.383997 0.575702
vt 0.383997 0.574247
vt 0.401351 0.572326
vt 0.401809 0.572462
vt 0.401809 0.578943
vt 0.401350 0.579079
vt 0.383997 0.577158
vt 0.383538 0.575702
vt 0.383538 0.574247
vt 0.383997 0.572326
vt 0.383997 0.579079
vt 0.383538 0.577158
vt 0.383538 0.572462
vt 0.383538 0.578943
vt 0.807515 0.453448
vt 0.809077 0.453445
vt 0.808989 0.453907
vt 0.807463 0.453910
vt 0.835374 0.453395
vt 0.835286 0.453857
vt 0.809022 0.471391
vt 0.807496 0.471394
vt 0.805811 0.453913
vt 0.805823 0.453451
vt 0.836812 0.453854
vt 0.836864 0.453392
vt 0.835319 0.471341
vt 0.809112 0.471853
vt 0.807549 0.471856
vt 0.805844 0.471397
vt 0.769007 0.453983
vt 0.769006 0.453520
vt 0.836845 0.471338
vt 0.838476 0.453389
vt 0.838464 0.453851
vt 0.835409 0.471803
vt 0.805858 0.471859
vt 0.769040 0.471466
vt 0.732202 0.454052
vt 0.732188 0.453590
vt 0.838497 0.471335
vt 0.836899 0.471800
vt 0.885917 0.453299
vt 0.885964 0.453761
vt 0.769040 0.471929
vt 0.732235 0.471536
vt 0.730550 0.454055
vt 0.730497 0.453593
vt 0.885997 0.471245
vt 0.838511 0.471797
vt 0.887505 0.453296
vt 0.887551 0.453758
vt 0.732223 0.471998
vt 0.730583 0.471539
vt 0.729024 0.454058
vt 0.728934 0.453596
vt 0.887584 0.471242
vt 0.885953 0.471707
vt 0.730531 0.472001
vt 0.729057 0.471542
vt 0.702728 0.454108
vt 0.702637 0.453646
vt 0.887540 0.471704
vt 0.728969 0.472004
vt 0.702761 0.471592
vt 0.701201 0.454111
vt 0.701148 0.453649
vt 0.702672 0.472054
vt 0.701234 0.471595
vt 0.699549 0.454114
vt 0.699535 0.453652
vt 0.701182 0.472057
vt 0.699583 0.471598
vt 0.643078 0.454221
vt 0.643123 0.453759
vt 0.699570 0.472060
vt 0.643111 0.471705
vt 0.641535 0.453762
vt 0.641491 0.454224
vt 0.643157 0.472167
vt 0.641524 0.471708
vt 0.633939 0.454238
vt 0.634092 0.453776
vt 0.641570 0.472170
vt 0.633972 0.471722
vt 0.634127 0.472184
vt 0.401350 0.752828
vt 0.401350 0.751313
vt 0.401809 0.751261
vt 0.401809 0.752739
vt 0.383997 0.752828
vt 0.383997 0.751313
vt 0.401350 0.749674
vt 0.401809 0.749661
vt 0.401809 0.778841
vt 0.401350 0.778929
vt 0.383997 0.778929
vt 0.383538 0.752739
vt 0.383538 0.751261
vt 0.383997 0.749674
vt 0.401350 0.713143
vt 0.401809 0.713143
vt 0.401350 0.780444
vt 0.401809 0.780392
vt 0.383997 0.780444
vt 0.383538 0.778841
vt 0.383538 0.749661
vt 0.383997 0.713143
vt 0.401350 0.676612
vt 0.401809 0.676625
vt 0.401350 0.782084
vt 0.401809 0.782071
vt 0.383997 0.782084
vt 0.383538 0.780392
vt 0.383538 0.713143
vt 0.383997 0.676612
vt 0.401350 0.674973
vt 0.401809 0.675025
vt 0.401809 0.829186
vt 0.401350 0.829231
vt 0.383997 0.829231
vt 0.383538 0.782071
vt 0.383538 0.676625
vt 0.383997 0.674973
vt 0.401350 0.673458
vt 0.401809 0.673546
vt 0.401809 0.830762
vt 0.383538 0.829186
vt 0.383538 0.675025
vt 0.383997 0.673458
vt 0.401350 0.647357
vt 0.401809 0.647445
vt 0.383538 0.830761
vt 0.383538 0.673546
vt 0.383997 0.647357
vt 0.401350 0.645842
vt 0.401809 0.645894
vt 0.383538 0.647445
vt 0.383997 0.645842
vt 0.401350 0.644202
vt 0.401809 0.644215
vt 0.383538 0.645894
vt 0.383997 0.644202
vt 0.401350 0.588150
vt 0.401809 0.588196
vt 0.383538 0.644215
vt 0.383997 0.588150
vt 0.401809 0.586620
vt 0.401350 0.586575
vt 0.383538 0.588196
vt 0.383997 0.586575
vt 0.401809 0.579232
vt 0.383538 0.586620
vt 0.383538 0.579232
vt 0.369939 0.751492
vt 0.369217 0.753131
vt 0.368810 0.752917
vt 0.369493 0.751366
vt 0.376404 0.751313
vt 0.375736 0.752828
vt 0.353082 0.779232
vt 0.352675 0.779018
vt 0.369727 0.749687
vt 0.370186 0.749719
vt 0.376633 0.749674
vt 0.382869 0.751134
vt 0.382256 0.752525
vt 0.359602 0.778929
vt 0.352023 0.780497
vt 0.352469 0.780623
vt 0.369727 0.713143
vt 0.370186 0.713143
vt 0.376633 0.713143
vt 0.383079 0.749629
vt 0.383315 0.751261
vt 0.382663 0.752739
vt 0.366122 0.778626
vt 0.358934 0.780444
vt 0.352259 0.782129
vt 0.351801 0.782097
vt 0.369727 0.676599
vt 0.370186 0.676567
vt 0.376633 0.676612
vt 0.383079 0.713143
vt 0.366529 0.778841
vt 0.365400 0.780265
vt 0.358706 0.782084
vt 0.352259 0.829068
vt 0.351801 0.829186
vt 0.369493 0.674920
vt 0.369939 0.674794
vt 0.376404 0.674973
vt 0.383079 0.676657
vt 0.365845 0.780392
vt 0.365152 0.782039
vt 0.358706 0.829269
vt 0.352604 0.830667
vt 0.352139 0.830762
vt 0.368810 0.673369
vt 0.369217 0.673155
vt 0.375736 0.673458
vt 0.382869 0.675152
vt 0.383538 0.676625
vt 0.365611 0.782071
vt 0.365152 0.829068
vt 0.358706 0.830881
vt 0.355794 0.835206
vt 0.355466 0.835575
vt 0.352675 0.647268
vt 0.353082 0.647054
vt 0.359602 0.647357
vt 0.382256 0.673761
vt 0.383315 0.675025
vt 0.365611 0.829186
vt 0.364808 0.830667
vt 0.358706 0.835838
vt 0.357250 0.836495
vt 0.352023 0.645789
vt 0.352469 0.645663
vt 0.358934 0.645842
vt 0.366122 0.647659
vt 0.382663 0.673546
vt 0.365273 0.830761
vt 0.361618 0.835206
vt 0.360162 0.836495
vt 0.358706 0.836749
vt 0.351801 0.644189
vt 0.352259 0.644157
vt 0.358706 0.644202
vt 0.365400 0.646021
vt 0.366529 0.647445
vt 0.361946 0.835575
vt 0.351801 0.588196
vt 0.352259 0.588313
vt 0.358706 0.588112
vt 0.365152 0.644247
vt 0.365845 0.645894
vt 0.352604 0.586715
vt 0.352139 0.586620
vt 0.358706 0.586500
vt 0.365152 0.588313
vt 0.365611 0.644215
vt 0.355466 0.579232
vt 0.355794 0.579601
vt 0.358706 0.578969
vt 0.364808 0.586715
vt 0.365611 0.588196
vt 0.357250 0.578312
vt 0.361618 0.579601
vt 0.365273 0.586620
vt 0.358706 0.578058
vt 0.360162 0.578312
vt 0.361946 0.579232
vt 0.415408 0.751492
vt 0.415161 0.749719
vt 0.415620 0.749687
vt 0.415854 0.751366
vt 0.408943 0.751313
vt 0.408715 0.749674
vt 0.415161 0.713143
vt 0.415620 0.713143
vt 0.416131 0.753131
vt 0.416538 0.752917
vt 0.409611 0.752828
vt 0.402478 0.751134
vt 0.402268 0.749629
vt 0.408715 0.713143
vt 0.415161 0.676567
vt 0.415620 0.676599
vt 0.432672 0.779018
vt 0.432265 0.779232
vt 0.425745 0.778929
vt 0.403091 0.752525
vt 0.402032 0.751261
vt 0.402268 0.713143
vt 0.408715 0.676612
vt 0.415408 0.674793
vt 0.415854 0.674920
vt 0.432878 0.780623
vt 0.433324 0.780497
vt 0.426413 0.780444
vt 0.419225 0.778626
vt 0.402684 0.752739
vt 0.402268 0.676657
vt 0.408943 0.674973
vt 0.416131 0.673155
vt 0.416538 0.673369
vt 0.433088 0.782129
vt 0.433547 0.782097
vt 0.426641 0.782084
vt 0.419948 0.780265
vt 0.418818 0.778841
vt 0.401809 0.676625
vt 0.402478 0.675152
vt 0.409611 0.673458
vt 0.432265 0.647054
vt 0.432672 0.647268
vt 0.433547 0.829186
vt 0.433088 0.829068
vt 0.426642 0.829269
vt 0.420195 0.782039
vt 0.419502 0.780392
vt 0.402032 0.675025
vt 0.403091 0.673761
vt 0.425745 0.647356
vt 0.432878 0.645663
vt 0.433324 0.645789
vt 0.433209 0.830761
vt 0.432743 0.830667
vt 0.426642 0.830881
vt 0.420195 0.829068
vt 0.419736 0.782071
vt 0.402684 0.673546
vt 0.419225 0.647659
vt 0.426413 0.645842
vt 0.433088 0.644157
vt 0.433547 0.644189
vt 0.429882 0.835575
vt 0.429553 0.835206
vt 0.426642 0.835838
vt 0.420539 0.830667
vt 0.419736 0.829186
vt 0.418818 0.647445
vt 0.419948 0.646021
vt 0.426641 0.644202
vt 0.433088 0.588313
vt 0.433547 0.588195
vt 0.428097 0.836495
vt 0.423730 0.835206
vt 0.420074 0.830762
vt 0.419502 0.645894
vt 0.420195 0.644247
vt 0.426641 0.588112
vt 0.433208 0.586620
vt 0.432743 0.586715
vt 0.426642 0.836749
vt 0.425186 0.836495
vt 0.423401 0.835575
vt 0.419736 0.644215
vt 0.420195 0.588313
vt 0.426641 0.586500
vt 0.429553 0.579601
vt 0.429881 0.579232
vt 0.419736 0.588196
vt 0.420539 0.586715
vt 0.426641 0.578969
vt 0.428097 0.578312
vt 0.420074 0.586620
vt 0.423730 0.579601
vt 0.426641 0.578058
vt 0.425185 0.578312
vt 0.423401 0.579232
vn 0.006803 -0.023944 0.999690
vn 0.012285 -0.020208 0.999720
vn 0.198706 -0.326862 0.923947
vn 0.103724 -0.365095 0.925174
vn 0.252143 -0.887449 0.385822
vn 0.480108 -0.789254 0.382850
vn 0.519740 -0.854256 0.010857
vn 0.273287 -0.961867 0.011257
vn 0.006802 -0.023944 -0.999690
vn 0.000167 -0.026485 -0.999649
vn 0.002403 -0.382521 -0.923944
vn 0.103734 -0.365099 -0.925171
vn 0.252140 -0.887451 -0.385818
vn 0.005591 -0.923829 -0.382765
vn 0.005986 -0.999923 -0.010855
vn 0.273287 -0.961867 -0.011257
vn -0.519746 0.854257 -0.010493
vn -0.273285 0.961878 -0.010294
vn -0.252142 0.887455 -0.385808
vn -0.480241 0.789182 -0.382832
vn -0.198948 0.326726 -0.923943
vn -0.103734 0.365097 -0.925172
vn -0.008980 0.031609 -0.999460
vn -0.025568 0.041990 -0.998791
vn -0.008981 0.031609 0.999460
vn -0.000162 0.028525 0.999593
vn -0.002174 0.382533 0.923939
vn -0.103727 0.365098 0.925173
vn -0.252142 0.887455 0.385808
vn -0.005466 0.923834 0.382755
vn -0.005981 0.999927 0.010489
vn -0.273285 0.961878 0.010294
vn 0.008979 -0.031609 0.999460
vn 0.000127 -0.028483 0.999594
vn 0.001704 -0.382583 0.923920
vn 0.103725 -0.365098 0.925173
vn 0.252143 -0.887445 0.385832
vn 0.004278 -0.923823 0.382795
vn 0.004680 -0.999934 0.010487
vn 0.273291 -0.961876 0.010295
vn 0.008982 -0.031610 -0.999460
vn 0.025568 -0.041990 -0.998791
vn 0.198947 -0.326733 -0.923940
vn 0.103731 -0.365098 -0.925172
vn 0.252144 -0.887446 -0.385829
vn 0.480233 -0.789179 -0.382848
vn 0.519745 -0.854257 -0.010493
vn 0.273291 -0.961876 -0.010295
vn -0.004682 0.999930 -0.010850
vn -0.273283 0.961868 -0.011258
vn -0.252143 0.887445 -0.385831
vn -0.004377 0.923819 -0.382805
vn -0.001885 0.382565 -0.923927
vn -0.103731 0.365100 -0.925171
vn -0.006801 0.023943 -0.999690
vn -0.000131 0.026483 -0.999649
vn -0.006805 0.023943 0.999690
vn -0.012286 0.020207 0.999720
vn -0.198710 0.326854 0.923948
vn -0.103734 0.365100 0.925171
vn -0.252137 0.887446 0.385832
vn -0.480110 0.789260 0.382836
vn -0.519740 0.854256 0.010856
vn -0.273283 0.961868 0.011258
vn 0.519740 -0.854256 -0.010857
vn 0.005986 -0.999923 0.010855
vn 0.004680 -0.999934 -0.010488
vn 0.519745 -0.854257 0.010493
vn 0.000000 -0.999943 -0.010670
vn 0.000000 -0.999943 0.010670
vn 0.000000 0.000000 -1.000000
vn 0.000000 -0.027518 -0.999621
vn 0.000000 0.000000 -1.000000
vn 0.000000 0.999943 0.010666
vn 0.000000 0.999943 -0.010666
vn -0.005981 0.999927 -0.010489
vn 0.000000 -0.027518 0.999621
vn 0.000000 0.000000 1.000000
vn -0.000000 0.000000 1.000000
vn 0.000166 -0.026485 0.999649
vn 0.012285 -0.020208 -0.999720
vn 0.000001 0.000000 -1.000000
vn 0.000000 0.000000 -1.000000
vn -0.519740 0.854256 -0.010856
vn -0.519745 0.854257 0.010493
vn 0.000000 0.000000 1.000000
vn -0.000000 0.000000 1.000000
vn 0.025568 -0.041990 0.998791
vn 0.000001 0.000000 -1.000000
vn -0.000001 0.000000 1.000000
vn 0.000127 -0.028483 -0.999594
vn -0.000000 0.000000 -1.000000
vn 0.000001 0.000000 -1.000000
vn -0.004682 0.999930 0.010850
vn -0.000001 0.000000 1.000000
vn 0.000000 0.000000 1.000000
vn 0.000000 0.027508 -0.999622
vn -0.000162 0.028525 -0.999593
vn -0.012284 0.020207 -0.999720
vn -0.000130 0.026483 0.999649
vn -0.025569 0.041990 0.998791
vn 0.000000 0.027508 0.999622
vn 0.005590 -0.923829 0.382765
vn 0.002402 -0.382521 0.923944
vn 0.198708 -0.326862 -0.923946
vn 0.480105 -0.789256 -0.382851
vn 0.000000 -0.923901 0.382632
vn 0.000000 -0.382664 0.923888
vn 0.000000 -0.382664 -0.923888
vn 0.000000 -0.923901 -0.382632
vn -0.005466 0.923834 -0.382755
vn -0.002175 0.382533 -0.923939
vn 0.000000 0.923903 -0.382626
vn 0.000000 0.382661 -0.923889
vn -0.198949 0.326726 0.923942
vn -0.480238 0.789183 0.382833
vn 0.000000 0.382661 0.923889
vn 0.000000 0.923903 0.382626
vn 0.480236 -0.789178 0.382848
vn 0.198945 -0.326733 0.923941
vn 0.001704 -0.382584 -0.923919
vn 0.004278 -0.923824 -0.382794
vn -0.480114 0.789258 -0.382835
vn -0.198708 0.326855 -0.923949
vn -0.001885 0.382566 0.923926
vn -0.004376 0.923819 0.382804
vn -0.019506 -0.000000 0.999810
vn -0.224622 0.063528 0.972373
vn -0.204204 0.000000 0.978928
vn -0.224614 -0.063529 0.972375
vn -0.861811 -0.323248 -0.390887
vn -0.940267 -0.340284 -0.010250
vn -0.999941 0.000000 -0.010853
vn -0.915213 0.000000 -0.402970
vn -0.940267 0.340284 -0.010250
vn -0.861814 0.323250 -0.390879
vn -0.940267 -0.340284 0.010250
vn -0.892782 -0.450387 -0.009597
vn -0.892782 -0.450387 0.009597
vn -0.892782 0.450387 0.009596
vn -0.892782 0.450387 -0.009597
vn -0.940267 0.340284 0.010250
vn -0.861811 0.323251 0.390884
vn -0.823774 0.419839 0.380962
vn -0.224404 0.218771 0.949622
vn -0.034648 0.032409 0.998874
vn -0.034647 -0.032408 0.998874
vn -0.224387 -0.218762 0.949628
vn -0.823769 -0.419836 0.380975
vn -0.861809 -0.323250 0.390890
vn -0.034648 0.032409 -0.998874
vn -0.019506 0.000000 -0.999810
vn -0.224622 0.063529 -0.972373
vn -0.224395 0.218767 -0.949625
vn -0.823777 0.419835 -0.380959
vn -0.823773 -0.419832 -0.380972
vn -0.224392 -0.218770 -0.949625
vn -0.224622 -0.063529 -0.972373
vn -0.034647 -0.032409 -0.998874
vn -0.915212 -0.000000 0.402973
vn -0.999941 0.000000 0.010853
vn -0.204204 0.000000 -0.978928
vn -0.029933 -0.050398 0.998281
vn -0.180120 -0.328817 0.927058
vn -0.003200 -0.381962 0.924173
vn -0.000185 -0.030711 0.999528
vn -0.000000 0.000000 1.000000
vn -0.000000 0.000000 1.000000
vn -0.000184 0.030726 0.999528
vn -0.029940 0.050404 0.998280
vn -0.462286 -0.797011 0.388671
vn -0.496618 -0.867911 0.010036
vn -0.006963 -0.999925 0.010098
vn -0.006046 -0.923653 0.383181
vn -0.496619 -0.867910 -0.010039
vn -0.006963 -0.999925 -0.010103
vn -0.462254 -0.797035 -0.388660
vn -0.006049 -0.923655 -0.383178
vn -0.180106 -0.328828 -0.927057
vn -0.029938 -0.050404 -0.998280
vn -0.000184 -0.030719 -0.999528
vn -0.003203 -0.381962 -0.924173
vn 0.000000 0.000000 -1.000000
vn 0.000000 0.000000 -1.000000
vn -0.029934 0.050399 -0.998280
vn -0.000184 0.030719 -0.999528
vn -0.180129 0.328823 -0.927054
vn -0.003197 0.381956 -0.924175
vn -0.462272 0.797020 -0.388669
vn -0.496618 0.867911 -0.010037
vn -0.006963 0.999925 -0.010101
vn -0.006044 0.923650 -0.383188
vn -0.496619 0.867910 0.010039
vn -0.006963 0.999925 0.010105
vn -0.462240 0.797031 0.388686
vn -0.006047 0.923652 0.383185
vn -0.180117 0.328829 0.927054
vn -0.003199 0.381955 0.924176
vn -0.524072 -0.760714 0.382965
vn -0.566108 -0.824271 0.009933
vn -0.524060 0.760730 -0.382951
vn -0.566108 0.824271 -0.009933
vn -0.566108 -0.824271 -0.009935
vn -0.524062 -0.760719 -0.382970
vn -0.566108 0.824271 0.009935
vn -0.524046 0.760716 0.382997
vn -0.006804 -0.023944 0.999690
vn -0.103729 -0.365096 0.925173
vn -0.198709 -0.326859 0.923947
vn -0.012284 -0.020207 0.999720
vn -0.252145 -0.887448 0.385822
vn -0.273288 -0.961867 0.011257
vn -0.519740 -0.854256 0.010857
vn -0.480109 -0.789255 0.382847
vn -0.006801 -0.023943 -0.999690
vn -0.103731 -0.365091 -0.925175
vn -0.002403 -0.382516 -0.923946
vn -0.000167 -0.026485 -0.999649
vn -0.252139 -0.887450 -0.385822
vn -0.273288 -0.961867 -0.011257
vn -0.005986 -0.999923 -0.010855
vn -0.005591 -0.923833 -0.382754
vn 0.519746 0.854257 -0.010492
vn 0.480240 0.789186 -0.382825
vn 0.252144 0.887454 -0.385810
vn 0.273286 0.961878 -0.010294
vn 0.198944 0.326724 -0.923944
vn 0.025568 0.041990 -0.998791
vn 0.008981 0.031609 -0.999460
vn 0.103735 0.365098 -0.925172
vn 0.008981 0.031609 0.999460
vn 0.103735 0.365098 0.925172
vn 0.002174 0.382528 0.923942
vn 0.000162 0.028525 0.999593
vn 0.252146 0.887453 0.385810
vn 0.273286 0.961878 0.010294
vn 0.005981 0.999927 0.010489
vn 0.005466 0.923838 0.382744
vn -0.008980 -0.031609 0.999460
vn -0.103723 -0.365093 0.925175
vn -0.001440 -0.382607 0.923910
vn -0.000107 -0.028476 0.999595
vn -0.252144 -0.887444 0.385832
vn -0.273290 -0.961877 0.010295
vn -0.003958 -0.999937 0.010489
vn -0.003617 -0.923832 0.382780
vn -0.008981 -0.031610 -0.999460
vn -0.103733 -0.365102 -0.925170
vn -0.198948 -0.326731 -0.923941
vn -0.025568 -0.041990 -0.998791
vn -0.252144 -0.887444 -0.385832
vn -0.273290 -0.961877 -0.010295
vn -0.519745 -0.854257 -0.010493
vn -0.480236 -0.789179 -0.382844
vn 0.003960 0.999933 -0.010849
vn 0.003701 0.923829 -0.382787
vn 0.252143 0.887444 -0.385833
vn 0.273283 0.961868 -0.011258
vn 0.001594 0.382584 -0.923919
vn 0.000111 0.026497 -0.999649
vn 0.006801 0.023943 -0.999690
vn 0.103731 0.365099 -0.925172
vn 0.006804 0.023943 0.999690
vn 0.103729 0.365099 0.925172
vn 0.198704 0.326852 0.923950
vn 0.012284 0.020207 0.999720
vn 0.252136 0.887446 0.385833
vn 0.273282 0.961868 0.011258
vn 0.519740 0.854256 0.010856
vn 0.480112 0.789262 0.382828
vn -0.519740 -0.854256 -0.010857
vn -0.005986 -0.999923 0.010855
vn -0.003958 -0.999937 -0.010488
vn -0.519745 -0.854257 0.010493
vn 0.000000 -0.999943 -0.010669
vn 0.000000 -0.999943 0.010669
vn 0.000000 0.000000 -1.000000
vn -0.000000 0.000000 -1.000000
vn 0.000000 -0.027517 -0.999621
vn 0.000000 0.999943 0.010665
vn 0.005981 0.999927 -0.010489
vn 0.000000 0.999943 -0.010665
vn 0.000000 -0.027517 0.999621
vn -0.000166 -0.026485 0.999649
vn 0.000000 0.000000 1.000000
vn 0.000000 0.000000 1.000000
vn -0.012285 -0.020207 -0.999720
vn 0.000001 0.000000 -1.000000
vn -0.000000 0.000000 -1.000000
vn 0.519746 0.854257 0.010492
vn 0.519740 0.854256 -0.010856
vn -0.000001 0.000000 1.000000
vn -0.025567 -0.041990 0.998791
vn 0.000001 0.000000 1.000000
vn -0.000001 0.000000 -1.000000
vn 0.000001 0.000000 1.000000
vn -0.000107 -0.028476 -0.999594
vn 0.000001 0.000000 -1.000000
vn 0.000000 0.000000 -1.000000
vn 0.003960 0.999933 0.010849
vn -0.000001 0.000000 1.000000
vn -0.000000 0.000000 1.000000
vn 0.000000 0.027508 -0.999622
vn 0.000162 0.028525 -0.999593
vn 0.012285 0.020207 -0.999720
vn 0.000110 0.026498 0.999649
vn 0.025567 0.041990 0.998791
vn 0.000000 0.027508 0.999622
vn -0.005591 -0.923833 0.382754
vn -0.002403 -0.382516 0.923946
vn -0.198709 -0.326859 -0.923947
vn -0.480108 -0.789256 -0.382847
vn 0.000000 -0.923905 0.382621
vn 0.000000 -0.382659 0.923890
vn 0.000000 -0.382659 -0.923890
vn 0.000000 -0.923905 -0.382621
vn 0.005466 0.923838 -0.382744
vn 0.002175 0.382528 -0.923942
vn 0.000000 0.923909 -0.382614
vn 0.000000 0.382656 -0.923891
vn 0.198945 0.326724 0.923944
vn 0.480240 0.789186 0.382825
vn 0.000000 0.382656 0.923891
vn 0.000000 0.923909 0.382614
vn -0.480236 -0.789179 0.382844
vn -0.198948 -0.326730 0.923941
vn -0.001440 -0.382600 -0.923913
vn -0.003617 -0.923833 -0.382779
vn 0.480113 0.789262 -0.382828
vn 0.198705 0.326852 -0.923950
vn 0.001595 0.382585 0.923919
vn 0.003701 0.923829 0.382787
vn 0.012916 -0.000000 0.999917
vn 0.224604 -0.063528 0.972377
vn 0.204204 0.000000 0.978928
vn 0.224612 0.063527 0.972375
vn 0.861814 -0.323250 -0.390879
vn 0.915213 0.000000 -0.402970
vn 0.999941 0.000000 -0.010853
vn 0.940267 -0.340284 -0.010250
vn 0.861810 0.323254 -0.390884
vn 0.940267 0.340284 -0.010250
vn 0.940267 -0.340284 0.010251
vn 0.892784 -0.450383 0.009597
vn 0.892784 -0.450383 -0.009596
vn 0.892784 0.450383 0.009597
vn 0.940267 0.340284 0.010250
vn 0.892784 0.450383 -0.009597
vn 0.823771 0.419841 0.380965
vn 0.861811 0.323254 0.390883
vn 0.184668 0.253702 0.949491
vn 0.025838 0.036485 0.999000
vn 0.025836 -0.036484 0.999000
vn 0.184660 -0.253698 0.949493
vn 0.823765 -0.419838 0.380983
vn 0.861807 -0.323252 0.390893
vn 0.025837 0.036484 -0.999000
vn 0.184669 0.253698 -0.949492
vn 0.224620 0.063527 -0.972373
vn 0.012917 0.000000 -0.999917
vn 0.823771 0.419841 -0.380965
vn 0.823777 -0.419835 -0.380959
vn 0.184664 -0.253697 -0.949493
vn 0.025836 -0.036484 -0.999000
vn 0.224620 -0.063527 -0.972373
vn 0.999941 0.000000 0.010853
vn 0.915215 0.000000 0.402967
vn 0.204205 0.000000 -0.978928
vn 0.019367 -0.047054 0.998705
vn 0.000156 -0.030711 0.999528
vn 0.002709 -0.382082 0.924124
vn 0.141913 -0.352985 0.924804
vn 0.000000 0.000000 1.000000
vn 0.000000 0.000000 1.000000
vn 0.019373 0.047062 0.998704
vn 0.000156 0.030725 0.999528
vn 0.350910 -0.854192 0.383690
vn 0.005110 -0.923690 0.383107
vn 0.005887 -0.999932 0.010094
vn 0.379259 -0.925234 0.010222
vn 0.005887 -0.999932 -0.010097
vn 0.379259 -0.925234 -0.010225
vn 0.005112 -0.923691 -0.383104
vn 0.350901 -0.854220 -0.383636
vn 0.141902 -0.352979 -0.924808
vn 0.002710 -0.382073 -0.924128
vn 0.000156 -0.030718 -0.999528
vn 0.019371 -0.047061 -0.998704
vn 0.000000 0.000000 -1.000000
vn 0.000000 0.000000 -1.000000
vn 0.000156 0.030718 -0.999528
vn 0.019367 0.047054 -0.998705
vn 0.002706 0.382068 -0.924130
vn 0.141914 0.352988 -0.924803
vn 0.350897 0.854201 -0.383681
vn 0.005108 0.923688 -0.383112
vn 0.005887 0.999932 -0.010096
vn 0.379258 0.925234 -0.010222
vn 0.005887 0.999932 0.010099
vn 0.379259 0.925234 0.010225
vn 0.005111 0.923689 0.383109
vn 0.350896 0.854220 0.383640
vn 0.141911 0.352983 0.924805
vn 0.002707 0.382067 0.924130
vn 0.411037 -0.911570 0.009447
vn 0.379837 -0.842910 0.381086
vn 0.411037 0.911570 -0.009446
vn 0.379823 0.842923 -0.381071
vn 0.411037 -0.911570 -0.009448
vn 0.379839 -0.842931 -0.381038
vn 0.411037 0.911570 0.009448
vn 0.379835 0.842932 0.381040
s 1
g all Sunmao_004 tuijia_003
usemtl phong1SG
f 2979/4020/8373 2980/4021/8374 2981/4022/8375 2978/4023/8376
s 2
f 2978/3880/8377 2981/3881/8378 2982/3882/8379 2977/3883/8380
s 3
f 2988/4119/8381 2992/4120/8382 2993/4121/8383 2987/4122/8384
s 2
f 2987/3894/8385 2993/3902/8386 2994/3895/8387 2986/3887/8388
s 5
f 2997/3952/8389 2998/3953/8390 2999/3954/8391 2996/3955/8392
s 3
f 2996/4148/8393 2999/4139/8394 3000/4130/8395 2995/4138/8396
s 1
f 3009/4031/8397 3010/4039/8398 3011/3972/8399 3008/4040/8400
s 5
f 3008/3964/8401 3011/3972/8402 3012/3965/8403 3007/3957/8404
s 1
f 3015/4035/8405 3016/4044/8406 3017/4045/8407 3014/4034/8408
s 2
f 3014/3891/8409 3017/3899/8410 3018/3900/8411 3013/3890/8412
s 3
f 3024/4144/8413 3028/4136/8414 3029/4135/8415 3023/4145/8416
s 2
f 3023/3907/8417 3029/3901/8418 3030/3892/8419 3022/3898/8420
s 5
f 3033/3976/8421 3034/3968/8422 3035/3969/8423 3032/3977/8424
s 3
f 3032/4177/8425 3035/4167/8426 3036/4156/8427 3031/4166/8428
s 1
f 3045/4051/8429 3046/4042/8430 3047/4050/8431 3044/4059/8432
s 5
f 3044/3979/8433 3047/3971/8434 3048/3962/8435 3043/3970/8436
s 2
f 2982/3882/8379 2983/3886/8437 2986/3887/8388 2977/3883/8380
f 2977/3883/8380 2986/3887/8388 2994/3895/8387 2989/3888/8438
f 3018/3900/8411 3019/3906/8439 3022/3898/8420 3013/3890/8412
f 3013/3890/8412 3022/3898/8420 3030/3892/8419 3025/3885/8440
f 3051/3903/8441 3052/3896/8442 2989/3888/8438 2994/3895/8387
s 3
f 2963/4132/8443 3049/4125/8444 2992/4120/8382 2964/4124/8445
s 5
f 3060/3973/8446 3055/3966/8447 3001/3958/8448 3012/3965/8403
s 1
f 3054/4037/8449 2976/4038/8450 2975/4030/8451 2991/4029/8452
s 2
f 2982/3882/8379 3025/3885/8440 3030/3892/8419 2983/3886/8437
s 3
f 2985/4127/8453 3028/4136/8414 2967/4137/8454 2966/4129/8455
s 5
f 2997/3952/8389 3037/3961/8456 3048/3962/8435 3004/3956/8457
s 1
f 2973/4025/8458 2972/4033/8459 3027/4026/8460 2980/4021/8374
s 3
f 2985/4127/8453 2966/4129/8455 2965/4123/8461 2988/4119/8381
f 2988/4119/8381 2965/4123/8461 2964/4124/8445 2992/4120/8382
s 5
f 2997/3952/8389 3004/3956/8457 3007/3957/8404 2998/3953/8390
f 2998/3953/8390 3007/3957/8404 3012/3965/8403 3001/3958/8448
s 1
f 2991/4029/8452 2975/4030/8451 2974/4024/8462 2979/4020/8373
f 2979/4020/8373 2974/4024/8462 2973/4025/8458 2980/4021/8374
s 3
f 3021/4153/8463 2969/4155/8464 2968/4146/8465 3024/4144/8413
f 3024/4144/8413 2968/4146/8465 2967/4137/8454 3028/4136/8414
s 5
f 3033/3976/8421 3040/3978/8466 3043/3970/8436 3034/3968/8422
f 3034/3968/8422 3043/3970/8436 3048/3962/8435 3037/3961/8456
s 1
f 3027/4026/8460 2972/4033/8459 2971/4043/8467 3015/4035/8405
f 3015/4035/8405 2971/4043/8467 2970/4052/8468 3016/4044/8406
s 3
f 3057/4140/8469 2963/4132/8443 2964/4124/8445 3003/4131/8470
f 2965/4123/8461 3000/4130/8395 3003/4131/8470 2964/4124/8445
f 2966/4129/8455 2995/4138/8396 3000/4130/8395 2965/4123/8461
f 2967/4137/8454 3039/4147/8471 2995/4138/8396 2966/4129/8455
f 2968/4146/8465 3036/4156/8427 3039/4147/8471 2967/4137/8454
f 2969/4155/8464 3031/4166/8428 3036/4156/8427 2968/4146/8465
s 1
f 2971/4043/8467 3045/4051/8429 3042/4060/8472 2970/4052/8468
f 2972/4033/8459 3046/4042/8430 3045/4051/8429 2971/4043/8467
f 3006/4032/8473 3046/4042/8430 2972/4033/8459 2973/4025/8458
f 2974/4024/8462 3009/4031/8397 3006/4032/8473 2973/4025/8458
f 2975/4030/8451 3010/4039/8398 3009/4031/8397 2974/4024/8462
f 2976/4038/8450 3058/4049/8474 3010/4039/8398 2975/4030/8451
s 2
f 2977/3883/8380 2989/3888/8438 2990/3889/8475 2978/3880/8377
s 1
f 2978/4023/8376 2990/4028/8476 2991/4029/8452 2979/4020/8373
s 3
f 2985/4127/8453 2988/4119/8381 2987/4122/8384 2984/4128/8477
s 2
f 2984/3893/8478 2987/3894/8385 2986/3887/8388 2983/3886/8437
f 2989/3888/8438 3052/3896/8442 3053/3897/8479 2990/3889/8475
s 1
f 2990/4028/8476 3053/4036/8480 3054/4037/8449 2991/4029/8452
s 3
f 2992/4120/8382 3049/4125/8444 3050/4126/8481 2993/4121/8383
s 2
f 2993/3902/8386 3050/3910/8482 3051/3903/8441 2994/3895/8387
s 5
f 2998/3953/8390 3001/3958/8448 3002/3959/8483 2999/3954/8391
s 3
f 2999/4139/8394 3002/3959/8484 3003/4131/8470 3000/4130/8395
s 5
f 3001/3958/8448 3055/3966/8447 3056/3967/8485 3002/3959/8483
s 3
f 3002/3959/8484 3056/3967/8486 3057/4140/8469 3003/4131/8470
s 1
f 3006/4032/8473 3009/4031/8397 3008/4040/8400 3005/4041/8487
s 5
f 3005/3963/8488 3008/3964/8401 3007/3957/8404 3004/3956/8457
s 1
f 3010/4039/8398 3058/4049/8474 3059/3980/8489 3011/3972/8399
s 5
f 3011/3972/8402 3059/3980/8490 3060/3973/8446 3012/3965/8403
s 2
f 3013/3890/8412 3025/3885/8440 3026/3884/8491 3014/3891/8409
s 1
f 3014/4034/8408 3026/4027/8492 3027/4026/8460 3015/4035/8405
s 3
f 3021/4153/8463 3024/4144/8413 3023/4145/8416 3020/4154/8493
s 2
f 3020/3915/8494 3023/3907/8417 3022/3898/8420 3019/3906/8439
s 1
f 2980/4021/8374 3027/4026/8460 3026/4027/8492 2981/4022/8375
s 2
f 2981/3881/8378 3026/3884/8491 3025/3885/8440 2982/3882/8379
f 2983/3886/8437 3030/3892/8419 3029/3901/8418 2984/3893/8478
s 3
f 2984/4128/8477 3029/4135/8415 3028/4136/8414 2985/4127/8453
s 5
f 3034/3968/8422 3037/3961/8456 3038/3960/8495 3035/3969/8423
s 3
f 3035/4167/8426 3038/4157/8496 3039/4147/8471 3036/4156/8427
f 2995/4138/8396 3039/4147/8471 3038/4157/8496 2996/4148/8393
s 5
f 2996/3955/8392 3038/3960/8495 3037/3961/8456 2997/3952/8389
s 1
f 3042/4060/8472 3045/4051/8429 3044/4059/8432 3041/4069/8497
s 5
f 3041/3987/8498 3044/3979/8433 3043/3970/8436 3040/3978/8466
f 3004/3956/8457 3048/3962/8435 3047/3971/8434 3005/3963/8488
s 1
f 3005/4041/8487 3047/4050/8431 3046/4042/8430 3006/4032/8473
f 3079/4081/8499 3076/4090/8500 3077/4091/8501 3078/4082/8502
s 22
f 3083/3832/8503 3084/3833/8504 3085/3834/8505 3082/3835/8506
f 3082/3835/8506 3085/3834/8505 3086/3840/8507 3081/3841/8508
f 3075/3839/8509 3084/3833/8504 3070/3836/8510 3063/3842/8511
f 3064/3852/8512 3069/3849/8513 3086/3840/8507 3073/3845/8514
f 3064/3852/8512 3073/3845/8514 3076/3853/8515 3065/3858/8516
s 1
f 3065/4097/8517 3076/4090/8500 3079/4081/8499 3066/4089/8518
f 3061/4072/8519 3079/4081/8499 3078/4082/8502 3062/4073/8520
s 22
f 3062/3851/8521 3078/3846/8522 3075/3839/8509 3063/3842/8511
s 3
f 3067/4194/8523 3080/4185/8524 3081/4202/8525 3068/4203/8526
s 22
f 3068/3848/8527 3081/3841/8508 3086/3840/8507 3069/3849/8513
f 3070/3836/8510 3084/3833/8504 3083/3832/8503 3071/3837/8528
s 3
f 3071/4183/8529 3083/4193/8530 3080/4185/8524 3072/4184/8531
s 22
f 3075/3839/8509 3078/3846/8522 3077/3847/8532 3074/3838/8533
f 3074/3838/8533 3077/3847/8532 3076/3853/8515 3073/3845/8514
s 3
f 3082/4201/8534 3081/4202/8525 3080/4185/8524 3083/4193/8530
s 22
f 3073/3845/8514 3086/3840/8507 3085/3834/8505 3074/3838/8533
f 3074/3838/8533 3085/3834/8505 3084/3833/8504 3075/3839/8509
s 1
f 3087/4062/8535 3092/4063/8536 3091/4054/8537 3088/4053/8538
f 3088/4053/8538 3089/4061/8539 3090/4071/8540 3087/4062/8535
f 3089/4061/8539 3114/4070/8541 3113/4080/8542 3090/4071/8540
s 2
f 3092/3916/8543 3093/3917/8544 3094/3909/8545 3091/3908/8546
f 3093/3917/8544 3095/3922/8547 3096/3914/8548 3094/3909/8545
f 3095/3922/8547 3098/3928/8549 3097/3923/8550 3096/3914/8548
s 3
f 3098/4173/8551 3099/4174/8552 3100/4164/8553 3097/4163/8554
f 3099/4174/8552 3101/4175/8555 3102/4165/8556 3100/4164/8553
f 3101/4175/8555 3104/4186/8557 3103/4176/8558 3102/4165/8556
f 3104/4186/8557 3106/4195/8559 3105/4187/8560 3103/4176/8558
s 5
f 3106/3992/8561 3107/3855/8562 3108/3985/8563 3105/3984/8564
f 3107/3855/8562 3109/3857/8565 3110/3986/8566 3108/3985/8563
f 3109/3857/8565 3112/3998/8567 3111/3993/8568 3110/3986/8566
s 1
f 3112/4088/8569 3113/4080/8542 3114/4070/8541 3111/4079/8570
s 2
f 3092/3856/8543 3062/3851/8571 3063/3842/8572 3093/3850/8544
s 3
f 3098/4173/8551 3071/4183/8529 3072/4184/8531 3099/4174/8552
s 5
f 3106/3854/8561 3068/3848/8573 3069/3849/8574 3107/3855/8562
s 1
f 3112/4088/8569 3065/4097/8517 3066/4089/8518 3113/4080/8542
f 2970/4052/8468 3089/4061/8539 3088/4053/8538 3016/4044/8406
s 5
f 3033/3976/8421 3108/3985/8563 3110/3986/8566 3040/3978/8466
s 3
f 3021/4153/8463 3100/4164/8553 3102/4165/8556 2969/4155/8464
s 2
f 3018/3900/8411 3094/3909/8545 3096/3914/8548 3019/3906/8439
s 3
f 3102/4165/8556 3103/4176/8558 3031/4166/8428 2969/4155/8464
s 1
f 3042/4060/8472 3114/4070/8541 3089/4061/8539 2970/4052/8468
f 3016/4044/8406 3088/4053/8538 3091/4054/8537 3017/4045/8407
s 2
f 3017/3899/8410 3091/3908/8546 3094/3909/8545 3018/3900/8411
f 3019/3906/8439 3096/3914/8548 3097/3923/8550 3020/3915/8494
s 3
f 3020/4154/8493 3097/4163/8554 3100/4164/8553 3021/4153/8463
f 3031/4166/8428 3103/4176/8558 3105/4187/8560 3032/4177/8425
s 5
f 3032/3977/8424 3105/3984/8564 3108/3985/8563 3033/3976/8421
f 3040/3978/8466 3110/3986/8566 3111/3993/8568 3041/3987/8498
s 1
f 3041/4069/8497 3111/4079/8570 3114/4070/8541 3042/4060/8472
f 3090/4071/8540 3079/4081/8499 3061/4072/8519 3087/4062/8535
f 3092/4063/8536 3087/4062/8535 3061/4072/8519 3062/4073/8520
s 2
f 3070/3836/8575 3095/3844/8547 3093/3850/8544 3063/3842/8572
f 3098/3843/8549 3095/3844/8547 3070/3836/8575 3071/3837/8576
s 3
f 3080/4185/8524 3101/4175/8555 3099/4174/8552 3072/4184/8531
f 3106/4195/8559 3104/4186/8557 3067/4194/8523 3068/4203/8526
s 5
f 3064/3852/8577 3109/3857/8565 3107/3855/8562 3069/3849/8574
f 3112/3859/8567 3109/3857/8565 3064/3852/8577 3065/3858/8578
s 1
f 3090/4071/8540 3113/4080/8542 3066/4089/8518 3079/4081/8499
s 3
f 3080/4185/8524 3067/4194/8523 3104/4186/8557 3101/4175/8555
s 26
f 3129/4056/8579 3128/4055/8580 3131/4064/8581 3130/4065/8582
s 27
f 3128/3913/8583 3127/3912/8584 3132/3920/8585 3131/3921/8586
s 28
f 3138/4142/8587 3137/4143/8588 3143/4134/8589 3142/4133/8590
s 27
f 3137/3924/8591 3136/3919/8592 3144/3911/8593 3143/3918/8594
s 30
f 3147/3990/8595 3146/3991/8596 3149/3983/8597 3148/3982/8598
s 28
f 3146/4178/8599 3145/4169/8600 3150/4159/8601 3149/4168/8602
s 26
f 3159/4067/8603 3158/4078/8604 3161/4068/8605 3160/4058/8606
s 30
f 3158/3994/8607 3157/3989/8608 3162/3981/8609 3161/3988/8610
s 26
f 3165/4084/8611 3164/4083/8612 3167/4092/8613 3166/4093/8614
s 27
f 3164/3932/8615 3163/3931/8616 3168/3935/8617 3167/3936/8618
s 28
f 3174/4171/8619 3173/4172/8620 3179/4162/8621 3178/4161/8622
s 27
f 3173/3937/8623 3172/3934/8624 3180/3930/8625 3179/3933/8626
s 30
f 3183/4005/8627 3182/4006/8628 3185/4002/8629 3184/4001/8630
s 28
f 3182/4204/8631 3181/4197/8632 3186/4189/8633 3185/4196/8634
s 26
f 3195/4095/8635 3194/4102/8636 3197/4096/8637 3196/4086/8638
s 30
f 3194/4007/8639 3193/4004/8640 3198/4000/8641 3197/4003/8642
s 27
f 3132/3920/8585 3127/3912/8584 3136/3919/8592 3133/3925/8643
f 3127/3912/8584 3139/3904/8644 3144/3911/8593 3136/3919/8592
f 3168/3935/8617 3163/3931/8616 3172/3934/8624 3169/3938/8645
f 3163/3931/8616 3175/3926/8646 3180/3930/8625 3172/3934/8624
f 3051/3903/8647 3144/3911/8593 3139/3904/8644 3052/3896/8648
s 28
f 2963/4132/8649 3115/4141/8650 3142/4133/8590 3049/4125/8651
s 30
f 3060/3973/8652 3162/3981/8609 3151/3974/8653 3055/3966/8654
s 26
f 3054/4037/8655 3141/4047/8656 3126/4048/8657 2976/4038/8658
s 27
f 3132/3920/8585 3133/3925/8643 3180/3930/8625 3175/3926/8646
s 28
f 3135/4151/8659 3117/4160/8660 3118/4170/8661 3178/4161/8622
s 30
f 3147/3990/8595 3154/3995/8662 3198/4000/8641 3187/3996/8663
s 26
f 3124/4066/8664 3130/4065/8582 3177/4075/8665 3123/4076/8666
s 28
f 3135/4151/8659 3138/4142/8587 3116/4150/8667 3117/4160/8660
f 3138/4142/8587 3142/4133/8590 3115/4141/8650 3116/4150/8667
s 30
f 3147/3990/8595 3148/3982/8598 3157/3989/8608 3154/3995/8662
f 3148/3982/8598 3151/3974/8653 3162/3981/8609 3157/3989/8608
s 26
f 3141/4047/8656 3129/4056/8579 3125/4057/8668 3126/4048/8657
f 3129/4056/8579 3130/4065/8582 3124/4066/8664 3125/4057/8668
s 28
f 3171/4181/8669 3174/4171/8619 3119/4180/8670 3120/4190/8671
f 3174/4171/8619 3178/4161/8622 3118/4170/8661 3119/4180/8670
s 30
f 3183/4005/8627 3184/4001/8630 3193/4004/8640 3190/4008/8672
f 3184/4001/8630 3187/3996/8663 3198/4000/8641 3193/4004/8640
s 26
f 3177/4075/8665 3165/4084/8611 3122/4085/8673 3123/4076/8666
f 3165/4084/8611 3166/4093/8614 3121/4094/8674 3122/4085/8673
s 28
f 3057/4140/8675 3153/4149/8676 3115/4141/8650 2963/4132/8649
f 3116/4150/8667 3115/4141/8650 3153/4149/8676 3150/4159/8601
f 3117/4160/8660 3116/4150/8667 3150/4159/8601 3145/4169/8600
f 3118/4170/8661 3117/4160/8660 3145/4169/8600 3189/4179/8677
f 3119/4180/8670 3118/4170/8661 3189/4179/8677 3186/4189/8633
f 3120/4190/8671 3119/4180/8670 3186/4189/8633 3181/4197/8632
s 26
f 3122/4085/8673 3121/4094/8674 3192/4101/8678 3195/4095/8635
f 3123/4076/8666 3122/4085/8673 3195/4095/8635 3196/4086/8638
f 3156/4077/8679 3124/4066/8664 3123/4076/8666 3196/4086/8638
f 3125/4057/8668 3124/4066/8664 3156/4077/8679 3159/4067/8603
f 3126/4048/8657 3125/4057/8668 3159/4067/8603 3160/4058/8606
f 2976/4038/8658 3126/4048/8657 3160/4058/8606 3058/4049/8680
s 27
f 3127/3912/8584 3128/3913/8583 3140/3905/8681 3139/3904/8644
s 26
f 3128/4055/8580 3129/4056/8579 3141/4047/8656 3140/4046/8682
s 28
f 3135/4151/8659 3134/4152/8683 3137/4143/8588 3138/4142/8587
s 27
f 3134/3929/8684 3133/3925/8643 3136/3919/8592 3137/3924/8591
f 3139/3904/8644 3140/3905/8681 3053/3897/8685 3052/3896/8648
s 26
f 3140/4046/8682 3141/4047/8656 3054/4037/8655 3053/4036/8686
s 28
f 3142/4133/8590 3143/4134/8589 3050/4126/8687 3049/4125/8651
s 27
f 3143/3918/8594 3144/3911/8593 3051/3903/8647 3050/3910/8688
s 30
f 3148/3982/8598 3149/3983/8597 3152/3975/8689 3151/3974/8653
s 28
f 3149/4168/8602 3150/4159/8601 3153/4149/8676 3152/4158/8690
s 30
f 3151/3974/8653 3152/3975/8689 3056/3967/8691 3055/3966/8654
s 28
f 3152/4158/8690 3153/4149/8676 3057/4140/8675 3056/3967/8692
s 26
f 3156/4077/8679 3155/4087/8693 3158/4078/8604 3159/4067/8603
s 30
f 3155/3999/8694 3154/3995/8662 3157/3989/8608 3158/3994/8607
s 26
f 3160/4058/8606 3161/4068/8605 3059/3980/8695 3058/4049/8680
s 30
f 3161/3988/8610 3162/3981/8609 3060/3973/8652 3059/3980/8696
s 27
f 3163/3931/8616 3164/3932/8615 3176/3927/8697 3175/3926/8646
s 26
f 3164/4083/8612 3165/4084/8611 3177/4075/8665 3176/4074/8698
s 28
f 3171/4181/8669 3170/4182/8699 3173/4172/8620 3174/4171/8619
s 27
f 3170/3941/8700 3169/3938/8645 3172/3934/8624 3173/3937/8623
s 26
f 3130/4065/8582 3131/4064/8581 3176/4074/8698 3177/4075/8665
s 27
f 3131/3921/8586 3132/3920/8585 3175/3926/8646 3176/3927/8697
f 3133/3925/8643 3134/3929/8684 3179/3933/8626 3180/3930/8625
s 28
f 3134/4152/8683 3135/4151/8659 3178/4161/8622 3179/4162/8621
s 30
f 3184/4001/8630 3185/4002/8629 3188/3997/8701 3187/3996/8663
s 28
f 3185/4196/8634 3186/4189/8633 3189/4179/8677 3188/4188/8702
f 3145/4169/8600 3146/4178/8599 3188/4188/8702 3189/4179/8677
s 30
f 3146/3991/8596 3147/3990/8595 3187/3996/8663 3188/3997/8701
s 26
f 3192/4101/8678 3191/4107/8703 3194/4102/8636 3195/4095/8635
s 30
f 3191/4011/8704 3190/4008/8672 3193/4004/8640 3194/4007/8639
f 3154/3995/8662 3155/3999/8694 3197/4003/8642 3198/4000/8641
s 26
f 3155/4087/8693 3156/4077/8679 3196/4086/8638 3197/4096/8637
f 3217/4110/8705 3216/4113/8706 3215/4116/8707 3214/4117/8708
s 46
f 3221/3860/8709 3220/3861/8710 3223/3862/8711 3222/3863/8712
f 3220/3861/8710 3219/3864/8713 3224/3865/8714 3223/3862/8711
f 3213/3867/8715 3201/3875/8716 3208/3868/8717 3222/3863/8712
f 3202/3876/8718 3211/3872/8719 3224/3865/8714 3207/3871/8720
f 3202/3876/8718 3203/3879/8721 3214/3877/8722 3211/3872/8719
s 26
f 3203/4118/8723 3204/4114/8724 3217/4110/8705 3214/4117/8708
f 3199/4109/8725 3200/4108/8726 3216/4113/8706 3217/4110/8705
s 46
f 3200/3878/8727 3201/3875/8716 3213/3867/8715 3216/3874/8728
s 28
f 3205/4214/8729 3206/4217/8730 3219/4216/8731 3218/4211/8732
s 46
f 3206/3870/8733 3207/3871/8720 3224/3865/8714 3219/3864/8713
f 3208/3868/8717 3209/3869/8734 3221/3860/8709 3222/3863/8712
s 28
f 3209/4208/8735 3210/4207/8736 3218/4211/8732 3221/4212/8737
s 46
f 3213/3867/8715 3212/3866/8738 3215/3873/8739 3216/3874/8728
f 3212/3866/8738 3211/3872/8719 3214/3877/8722 3215/3873/8739
s 28
f 3220/4215/8740 3221/4212/8737 3218/4211/8732 3219/4216/8731
s 46
f 3211/3872/8719 3212/3866/8738 3223/3862/8711 3224/3865/8714
f 3212/3866/8738 3213/3867/8715 3222/3863/8712 3223/3862/8711
s 26
f 3225/4103/8741 3226/4099/8742 3229/4098/8743 3230/4104/8744
f 3226/4099/8742 3225/4103/8741 3228/4105/8745 3227/4100/8746
f 3227/4100/8746 3228/4105/8745 3251/4111/8747 3252/4106/8748
s 27
f 3230/3943/8749 3229/3940/8750 3232/3939/8751 3231/3944/8752
f 3231/3944/8752 3232/3939/8751 3234/3942/8753 3233/3946/8754
f 3233/3946/8754 3234/3942/8753 3235/3945/8755 3236/3949/8756
s 28
f 3236/4199/8757 3235/4192/8758 3238/4191/8759 3237/4200/8760
f 3237/4200/8760 3238/4191/8759 3240/4198/8761 3239/4206/8762
f 3239/4206/8762 3240/4198/8761 3241/4205/8763 3242/4210/8764
f 3242/4210/8764 3241/4205/8763 3243/4209/8765 3244/4213/8766
s 30
f 3244/4013/8767 3243/4010/8768 3246/4009/8769 3245/4014/8770
f 3245/4014/8770 3246/4009/8769 3248/4012/8771 3247/4016/8772
f 3247/4016/8772 3248/4012/8771 3249/4015/8773 3250/4018/8774
s 26
f 3250/4115/8775 3249/4112/8776 3252/4106/8748 3251/4111/8747
s 27
f 3230/3943/8749 3231/3944/8752 3201/3947/8777 3200/3948/8778
s 28
f 3236/4199/8757 3237/4200/8760 3210/4207/8736 3209/4208/8735
s 30
f 3244/4013/8767 3245/4014/8770 3207/3871/8779 3206/4017/8780
s 26
f 3250/4115/8775 3251/4111/8747 3204/4114/8724 3203/4118/8723
f 3121/4094/8674 3166/4093/8614 3226/4099/8742 3227/4100/8746
s 30
f 3183/4005/8627 3190/4008/8672 3248/4012/8771 3246/4009/8769
s 28
f 3171/4181/8669 3120/4190/8671 3240/4198/8761 3238/4191/8759
s 27
f 3168/3935/8617 3169/3938/8645 3234/3942/8753 3232/3939/8751
s 28
f 3240/4198/8761 3120/4190/8671 3181/4197/8632 3241/4205/8763
s 26
f 3192/4101/8678 3121/4094/8674 3227/4100/8746 3252/4106/8748
f 3166/4093/8614 3167/4092/8613 3229/4098/8743 3226/4099/8742
s 27
f 3167/3936/8618 3168/3935/8617 3232/3939/8751 3229/3940/8750
f 3169/3938/8645 3170/3941/8700 3235/3945/8755 3234/3942/8753
s 28
f 3170/4182/8699 3171/4181/8669 3238/4191/8759 3235/4192/8758
f 3181/4197/8632 3182/4204/8631 3243/4209/8765 3241/4205/8763
s 30
f 3182/4006/8628 3183/4005/8627 3246/4009/8769 3243/4010/8768
f 3190/4008/8672 3191/4011/8704 3249/4015/8773 3248/4012/8771
s 26
f 3191/4107/8703 3192/4101/8678 3252/4106/8748 3249/4112/8776
f 3228/4105/8745 3225/4103/8741 3199/4109/8725 3217/4110/8705
f 3230/4104/8744 3200/4108/8726 3199/4109/8725 3225/4103/8741
s 27
f 3208/3950/8781 3201/3947/8777 3231/3944/8752 3233/3946/8754
f 3236/3949/8756 3209/3951/8782 3208/3950/8781 3233/3946/8754
s 28
f 3218/4211/8732 3210/4207/8736 3237/4200/8760 3239/4206/8762
f 3244/4213/8766 3206/4217/8730 3205/4214/8729 3242/4210/8764
s 30
f 3202/3876/8783 3207/3871/8779 3245/4014/8770 3247/4016/8772
f 3250/4018/8774 3203/4019/8784 3202/3876/8783 3247/4016/8772
s 26
f 3228/4105/8745 3217/4110/8705 3204/4114/8724 3251/4111/8747
s 28
f 3218/4211/8732 3239/4206/8762 3242/4210/8764 3205/4214/8729
g default
v 6.501016 10.787150 0.000004
v 6.501016 10.787150 1.958613
v 6.501016 10.774904 2.046523
v 6.501016 10.739098 2.127740
v 6.501015 9.874058 3.527166
v 6.501015 9.838252 3.608383
v 6.501015 9.826006 3.696293
v 7.501015 9.826006 3.696293
v 7.501015 9.838252 3.608383
v 7.501015 9.874058 3.527166
v 7.501016 10.739098 2.127740
v 7.501016 10.774904 2.046523
v 7.501016 10.787150 1.958613
v 7.501016 10.787150 0.000004
v 7.466224 10.394478 2.046523
v 7.490825 10.404375 2.049335
v 7.501015 10.428268 2.056124
v 7.501015 10.389534 2.143982
v 7.490826 10.367712 2.132497
v 7.466224 10.358672 2.127740
v 6.535807 10.358672 2.127740
v 6.511206 10.367712 2.132497
v 6.501015 10.389534 2.143982
v 6.535807 10.394478 2.046523
v 6.511205 10.404375 2.049335
v 6.501015 10.428268 2.056124
v 7.466224 10.406725 1.958613
v 7.490825 10.416914 1.959319
v 7.501016 10.441516 1.961024
v 6.501016 10.441516 1.961024
v 6.511205 10.416914 1.959319
v 6.535807 10.406725 1.958613
v 6.501016 11.088662 2.111498
v 6.511205 11.110485 2.122983
v 6.535807 11.119524 2.127740
v 6.535807 11.155331 2.046523
v 6.511205 11.145433 2.043711
v 6.501016 11.121540 2.036923
v 6.535807 11.167576 1.958613
v 6.511205 11.157387 1.957906
v 6.501015 11.132785 1.956201
v 7.466224 11.119524 2.127740
v 7.490825 11.110485 2.122983
v 7.501016 11.088662 2.111498
v 7.466224 11.155331 2.046523
v 7.490825 11.145433 2.043711
v 7.501016 11.121540 2.036923
v 7.501015 11.132785 1.956201
v 7.490825 11.157387 1.957906
v 7.466224 11.167576 1.958613
v 7.466224 9.457827 3.608383
v 7.490826 9.467723 3.611195
v 7.501015 9.491616 3.617983
v 7.501016 9.480371 3.698705
v 7.490826 9.455770 3.697000
v 7.466224 9.445580 3.696293
v 6.535807 9.445580 3.696293
v 6.511206 9.455770 3.697000
v 6.501016 9.480371 3.698705
v 6.535807 9.457827 3.608383
v 6.511206 9.467723 3.611195
v 6.501015 9.491616 3.617983
v 7.466224 9.493632 3.527166
v 7.490826 9.502672 3.531923
v 7.501015 9.524494 3.543408
v 6.501015 9.524494 3.543408
v 6.511206 9.502672 3.531923
v 6.535807 9.493632 3.527166
v 6.501015 10.171640 3.693882
v 6.511205 10.196241 3.695587
v 6.535807 10.206432 3.696293
v 6.535807 10.218678 3.608383
v 6.511206 10.208781 3.605571
v 6.501016 10.184888 3.598783
v 6.535807 10.254484 3.527166
v 6.511205 10.245445 3.522409
v 6.501016 10.223622 3.510924
v 7.466224 10.206432 3.696293
v 7.490825 10.196241 3.695587
v 7.501015 10.171640 3.693882
v 7.466224 10.218678 3.608383
v 7.490826 10.208781 3.605571
v 7.501016 10.184888 3.598783
v 7.501016 10.223622 3.510924
v 7.490825 10.245445 3.522409
v 7.466224 10.254484 3.527166
v 6.501016 10.441516 0.000004
v 6.511206 10.416914 0.000004
v 6.535807 10.406725 0.000004
v 7.466224 10.406725 0.000004
v 7.490826 10.416914 0.000004
v 7.501016 10.441516 0.000004
v 6.535807 11.167576 0.000004
v 6.511206 11.157387 0.000004
v 6.501016 11.132785 0.000004
v 7.501016 11.132785 0.000004
v 7.490826 11.157387 0.000004
v 7.466224 11.167576 0.000004
v 7.501016 9.669899 6.544472
v 7.490825 9.652271 6.564269
v 7.466224 9.644968 6.572469
v 7.466224 10.007044 6.572469
v 7.490825 9.999741 6.564269
v 7.501016 9.982113 6.544472
v 6.501016 9.982113 6.544472
v 6.511205 9.999741 6.564269
v 6.535807 10.007044 6.572469
v 6.535807 9.644968 6.572469
v 6.511205 9.652271 6.564269
v 6.501016 9.669899 6.544472
v 7.466224 9.904051 6.624413
v 7.466224 9.826006 6.638047
v 7.466224 9.747961 6.624413
v 7.490826 9.904051 6.613582
v 7.490826 9.826006 6.627215
v 7.490826 9.747961 6.613582
v 7.501016 9.826006 6.578361
v 6.501016 9.826006 6.578361
v 6.511206 9.904051 6.613582
v 6.511206 9.826006 6.627215
v 6.511206 9.747961 6.613582
v 6.535807 9.747961 6.624413
v 6.535807 9.826006 6.638047
v 6.535807 9.904051 6.624413
v 7.501015 9.498845 6.301090
v 7.501015 9.480371 6.215382
v 7.501015 9.826006 6.226174
v 7.501015 9.826006 6.312597
v 7.490826 9.455770 6.221683
v 7.490825 9.473906 6.306179
v 7.466224 9.463741 6.308577
v 7.466224 9.445580 6.224117
v 6.535807 9.463742 6.308578
v 6.535807 9.445580 6.224116
v 6.511205 9.455770 6.221696
v 6.511206 9.473900 6.306166
v 6.501015 9.498845 6.301090
v 6.501015 9.480371 6.215382
v 6.501015 9.826006 6.312597
v 6.501015 9.826006 6.226174
v 6.501015 10.171640 6.215382
v 6.501015 10.153167 6.301090
v 6.511206 10.196241 6.221683
v 6.511205 10.178106 6.306179
v 6.535807 10.188271 6.308577
v 6.535807 10.206432 6.224117
v 7.466224 10.188270 6.308578
v 7.466224 10.206432 6.224116
v 7.490825 10.196241 6.221696
v 7.490826 10.178112 6.306166
v 7.501015 10.153167 6.301090
v 7.501015 10.171640 6.215382
v 6.501016 10.787150 -1.958604
v 6.501015 10.774904 -2.046515
v 6.501015 10.739098 -2.127732
v 6.501015 9.874058 -3.527158
v 6.501015 9.838252 -3.608375
v 6.501015 9.826006 -3.696285
v 7.501015 9.826006 -3.696285
v 7.501015 9.838252 -3.608375
v 7.501015 9.874058 -3.527158
v 7.501015 10.739098 -2.127732
v 7.501015 10.774904 -2.046515
v 7.501016 10.787150 -1.958604
v 7.466224 10.394478 -2.046515
v 7.490825 10.404375 -2.049326
v 7.501016 10.428268 -2.056116
v 7.501016 10.389534 -2.143974
v 7.490826 10.367712 -2.132489
v 7.466224 10.358672 -2.127731
v 6.535807 10.358672 -2.127731
v 6.511206 10.367712 -2.132489
v 6.501016 10.389534 -2.143974
v 6.535807 10.394478 -2.046515
v 6.511205 10.404375 -2.049326
v 6.501016 10.428268 -2.056116
v 7.466224 10.406725 -1.958605
v 7.490825 10.416914 -1.959311
v 7.501015 10.441516 -1.961016
v 6.501015 10.441516 -1.961016
v 6.511205 10.416914 -1.959311
v 6.535807 10.406725 -1.958605
v 6.501016 11.088662 -2.111490
v 6.511206 11.110485 -2.122975
v 6.535807 11.119524 -2.127731
v 6.535807 11.155331 -2.046515
v 6.511205 11.145433 -2.043703
v 6.501016 11.121540 -2.036914
v 6.535807 11.167576 -1.958605
v 6.511205 11.157387 -1.957899
v 6.501015 11.132785 -1.956192
v 7.466224 11.119524 -2.127731
v 7.490826 11.110485 -2.122975
v 7.501016 11.088662 -2.111490
v 7.466224 11.155331 -2.046515
v 7.490825 11.145433 -2.043703
v 7.501016 11.121540 -2.036914
v 7.501015 11.132785 -1.956192
v 7.490825 11.157387 -1.957899
v 7.466224 11.167576 -1.958605
v 7.466224 9.457827 -3.608375
v 7.490825 9.467723 -3.611187
v 7.501015 9.491616 -3.617975
v 7.501015 9.480371 -3.698697
v 7.490825 9.455770 -3.696991
v 7.466224 9.445580 -3.696285
v 6.535807 9.445580 -3.696285
v 6.511205 9.455770 -3.696991
v 6.501015 9.480371 -3.698697
v 6.535807 9.457827 -3.608375
v 6.511205 9.467723 -3.611187
v 6.501015 9.491616 -3.617975
v 7.466224 9.493632 -3.527158
v 7.490825 9.502672 -3.531915
v 7.501015 9.524494 -3.543399
v 6.501015 9.524494 -3.543399
v 6.511205 9.502672 -3.531915
v 6.535807 9.493632 -3.527158
v 6.501015 10.171640 -3.693874
v 6.511205 10.196241 -3.695579
v 6.535807 10.206432 -3.696285
v 6.535807 10.218678 -3.608375
v 6.511205 10.208781 -3.605563
v 6.501015 10.184888 -3.598774
v 6.535807 10.254484 -3.527158
v 6.511205 10.245445 -3.522400
v 6.501015 10.223622 -3.510916
v 7.466224 10.206432 -3.696285
v 7.490825 10.196241 -3.695579
v 7.501015 10.171640 -3.693874
v 7.466224 10.218678 -3.608375
v 7.490825 10.208781 -3.605563
v 7.501015 10.184888 -3.598774
v 7.501015 10.223622 -3.510916
v 7.490825 10.245445 -3.522400
v 7.466224 10.254484 -3.527158
v 7.501015 9.669899 -7.159889
v 7.490825 9.652271 -7.179685
v 7.466224 9.644968 -7.187885
v 7.466224 10.007044 -7.187885
v 7.490825 9.999741 -7.179685
v 7.501015 9.982113 -7.159889
v 6.501015 9.982113 -7.159889
v 6.511205 9.999741 -7.179685
v 6.535807 10.007044 -7.187885
v 6.535807 9.644968 -7.187885
v 6.511205 9.652271 -7.179685
v 6.501015 9.669899 -7.159889
v 7.466224 9.904051 -7.239830
v 7.466224 9.826006 -7.253464
v 7.466224 9.747961 -7.239830
v 7.490825 9.904051 -7.228999
v 7.490825 9.826006 -7.242632
v 7.490825 9.747961 -7.228999
v 7.501015 9.826006 -7.193778
v 6.501015 9.826006 -7.193778
v 6.511205 9.904051 -7.228999
v 6.511205 9.826006 -7.242632
v 6.511205 9.747961 -7.228999
v 6.535807 9.747961 -7.239830
v 6.535807 9.826006 -7.253464
v 6.535807 9.904051 -7.239830
v 7.501015 9.498845 -6.778493
v 7.501015 9.480371 -6.692786
v 7.501015 9.826006 -6.703578
v 7.501015 9.826006 -6.790000
v 7.490825 9.455770 -6.699086
v 7.490825 9.473906 -6.783582
v 7.466224 9.463741 -6.785980
v 7.466224 9.445580 -6.701520
v 6.535807 9.463742 -6.785981
v 6.535807 9.445580 -6.701519
v 6.511205 9.455770 -6.699100
v 6.511205 9.473900 -6.783569
v 6.501015 9.498845 -6.778493
v 6.501015 9.480371 -6.692786
v 6.501015 9.826006 -6.790000
v 6.501015 9.826006 -6.703578
v 6.501015 10.171640 -6.692786
v 6.501015 10.153167 -6.778493
v 6.511205 10.196241 -6.699086
v 6.511205 10.178106 -6.783582
v 6.535807 10.188271 -6.785980
v 6.535807 10.206432 -6.701520
v 7.466224 10.188270 -6.785981
v 7.466224 10.206432 -6.701519
v 7.490825 10.196241 -6.699100
v 7.490825 10.178112 -6.783569
v 7.501015 10.153167 -6.778493
v 7.501015 10.171640 -6.692786
vt 0.401809 0.839019
vt 0.401350 0.839019
vt 0.401350 0.837563
vt 0.401809 0.837563
vt 0.401350 0.840940
vt 0.401809 0.840803
vt 0.383997 0.837563
vt 0.383997 0.839019
vt 0.401350 0.836107
vt 0.401809 0.836107
vt 0.383997 0.840940
vt 0.401809 0.844130
vt 0.401351 0.844320
vt 0.383997 0.836108
vt 0.383538 0.839019
vt 0.383538 0.837563
vt 0.401809 0.834323
vt 0.401350 0.834186
vt 0.383997 0.844320
vt 0.383538 0.840804
vt 0.383997 0.834187
vt 0.383538 0.836108
vt 0.401809 0.830996
vt 0.401350 0.830806
vt 0.383538 0.844130
vt 0.383997 0.830807
vt 0.383538 0.834323
vt 0.383538 0.830996
vt 0.401809 0.574247
vt 0.401809 0.575702
vt 0.401350 0.575702
vt 0.401350 0.574247
vt 0.401809 0.577158
vt 0.401350 0.577158
vt 0.383997 0.575702
vt 0.383997 0.574247
vt 0.401351 0.572326
vt 0.401809 0.572462
vt 0.401809 0.578943
vt 0.401350 0.579079
vt 0.383997 0.577158
vt 0.383538 0.575702
vt 0.383538 0.574247
vt 0.383997 0.572326
vt 0.383997 0.579079
vt 0.383538 0.577158
vt 0.383538 0.572462
vt 0.383538 0.578943
vt 0.807515 0.453448
vt 0.809077 0.453445
vt 0.808989 0.453907
vt 0.807463 0.453910
vt 0.835374 0.453395
vt 0.835286 0.453857
vt 0.809022 0.471391
vt 0.807496 0.471394
vt 0.805811 0.453913
vt 0.805823 0.453451
vt 0.836812 0.453855
vt 0.836864 0.453392
vt 0.835319 0.471341
vt 0.809112 0.471853
vt 0.807549 0.471856
vt 0.805844 0.471397
vt 0.769007 0.453983
vt 0.769006 0.453521
vt 0.836845 0.471338
vt 0.838476 0.453389
vt 0.838464 0.453851
vt 0.835409 0.471803
vt 0.805858 0.471859
vt 0.769040 0.471466
vt 0.732202 0.454052
vt 0.732188 0.453590
vt 0.838497 0.471335
vt 0.836899 0.471800
vt 0.885917 0.453299
vt 0.885964 0.453762
vt 0.769040 0.471929
vt 0.732235 0.471536
vt 0.730550 0.454056
vt 0.730497 0.453593
vt 0.885997 0.471245
vt 0.838511 0.471797
vt 0.887505 0.453296
vt 0.887551 0.453759
vt 0.732223 0.471998
vt 0.730583 0.471539
vt 0.729024 0.454059
vt 0.728934 0.453596
vt 0.887584 0.471242
vt 0.885952 0.471707
vt 0.730531 0.472001
vt 0.729057 0.471542
vt 0.702728 0.454108
vt 0.702637 0.453646
vt 0.887540 0.471704
vt 0.728969 0.472004
vt 0.702761 0.471592
vt 0.701201 0.454111
vt 0.701148 0.453649
vt 0.702672 0.472054
vt 0.701234 0.471595
vt 0.699549 0.454114
vt 0.699535 0.453652
vt 0.701182 0.472057
vt 0.699583 0.471598
vt 0.643078 0.454221
vt 0.643123 0.453759
vt 0.699570 0.472060
vt 0.643111 0.471705
vt 0.641535 0.453762
vt 0.641491 0.454224
vt 0.643157 0.472167
vt 0.641524 0.471708
vt 0.633939 0.454238
vt 0.634092 0.453776
vt 0.641570 0.472170
vt 0.633972 0.471722
vt 0.634127 0.472184
vt 0.401350 0.752828
vt 0.401350 0.751313
vt 0.401809 0.751261
vt 0.401809 0.752739
vt 0.383997 0.752828
vt 0.383997 0.751313
vt 0.401350 0.749674
vt 0.401809 0.749661
vt 0.401809 0.778841
vt 0.401350 0.778929
vt 0.383997 0.778929
vt 0.383538 0.752739
vt 0.383538 0.751261
vt 0.383997 0.749674
vt 0.401350 0.713143
vt 0.401809 0.713143
vt 0.401350 0.780444
vt 0.401809 0.780392
vt 0.383997 0.780444
vt 0.383538 0.778841
vt 0.383538 0.749661
vt 0.383997 0.713143
vt 0.401350 0.676612
vt 0.401809 0.676625
vt 0.401350 0.782084
vt 0.401809 0.782071
vt 0.383997 0.782084
vt 0.383538 0.780392
vt 0.383538 0.713143
vt 0.383997 0.676612
vt 0.401350 0.674973
vt 0.401809 0.675025
vt 0.401809 0.829186
vt 0.401350 0.829231
vt 0.383997 0.829231
vt 0.383538 0.782071
vt 0.383538 0.676625
vt 0.383997 0.674973
vt 0.401350 0.673458
vt 0.401809 0.673547
vt 0.401809 0.830762
vt 0.383538 0.829186
vt 0.383538 0.675025
vt 0.383997 0.673458
vt 0.401350 0.647357
vt 0.401809 0.647445
vt 0.383538 0.830762
vt 0.383538 0.673546
vt 0.383997 0.647357
vt 0.401350 0.645842
vt 0.401809 0.645894
vt 0.383538 0.647445
vt 0.383997 0.645842
vt 0.401350 0.644202
vt 0.401809 0.644215
vt 0.383538 0.645894
vt 0.383997 0.644202
vt 0.401350 0.588150
vt 0.401809 0.588196
vt 0.383538 0.644215
vt 0.383997 0.588150
vt 0.401809 0.586620
vt 0.401350 0.586575
vt 0.383538 0.588196
vt 0.383997 0.586575
vt 0.401809 0.579232
vt 0.383538 0.586620
vt 0.383538 0.579232
vt 0.369939 0.751492
vt 0.369217 0.753131
vt 0.368809 0.752917
vt 0.369493 0.751366
vt 0.376404 0.751313
vt 0.375736 0.752828
vt 0.353082 0.779232
vt 0.352675 0.779018
vt 0.369727 0.749687
vt 0.370186 0.749719
vt 0.376633 0.749674
vt 0.382869 0.751134
vt 0.382256 0.752525
vt 0.359602 0.778929
vt 0.352023 0.780497
vt 0.352469 0.780623
vt 0.369727 0.713143
vt 0.370186 0.713143
vt 0.376633 0.713143
vt 0.383079 0.749629
vt 0.383315 0.751261
vt 0.382663 0.752739
vt 0.366122 0.778626
vt 0.358934 0.780444
vt 0.352259 0.782129
vt 0.351801 0.782097
vt 0.369727 0.676599
vt 0.370186 0.676567
vt 0.376633 0.676612
vt 0.383079 0.713143
vt 0.366529 0.778841
vt 0.365400 0.780265
vt 0.358706 0.782084
vt 0.352259 0.829068
vt 0.351801 0.829186
vt 0.369493 0.674920
vt 0.369939 0.674794
vt 0.376404 0.674973
vt 0.383079 0.676657
vt 0.365845 0.780392
vt 0.365152 0.782039
vt 0.358706 0.829270
vt 0.352604 0.830667
vt 0.352139 0.830762
vt 0.368809 0.673369
vt 0.369217 0.673155
vt 0.375736 0.673458
vt 0.382869 0.675152
vt 0.383538 0.676625
vt 0.365611 0.782071
vt 0.365152 0.829068
vt 0.358706 0.830881
vt 0.355794 0.835206
vt 0.355466 0.835575
vt 0.352675 0.647268
vt 0.353082 0.647054
vt 0.359602 0.647357
vt 0.382256 0.673761
vt 0.383315 0.675025
vt 0.365611 0.829186
vt 0.364808 0.830667
vt 0.358706 0.835838
vt 0.357250 0.836495
vt 0.352023 0.645789
vt 0.352469 0.645663
vt 0.358934 0.645842
vt 0.366122 0.647659
vt 0.382663 0.673546
vt 0.365273 0.830762
vt 0.361617 0.835206
vt 0.360162 0.836495
vt 0.358706 0.836749
vt 0.351801 0.644189
vt 0.352259 0.644157
vt 0.358706 0.644202
vt 0.365400 0.646021
vt 0.366529 0.647445
vt 0.361946 0.835575
vt 0.351801 0.588196
vt 0.352259 0.588313
vt 0.358706 0.588112
vt 0.365152 0.644247
vt 0.365845 0.645894
vt 0.352604 0.586715
vt 0.352139 0.586620
vt 0.358706 0.586500
vt 0.365152 0.588313
vt 0.365611 0.644215
vt 0.355466 0.579232
vt 0.355794 0.579601
vt 0.358706 0.578969
vt 0.364808 0.586715
vt 0.365611 0.588196
vt 0.357250 0.578312
vt 0.361617 0.579601
vt 0.365273 0.586620
vt 0.358706 0.578058
vt 0.360162 0.578312
vt 0.361946 0.579232
vt 0.415408 0.751492
vt 0.415161 0.749719
vt 0.415620 0.749687
vt 0.415854 0.751366
vt 0.408943 0.751313
vt 0.408715 0.749674
vt 0.415161 0.713143
vt 0.415620 0.713143
vt 0.416131 0.753131
vt 0.416538 0.752917
vt 0.409611 0.752828
vt 0.402478 0.751134
vt 0.402268 0.749629
vt 0.408715 0.713143
vt 0.415161 0.676567
vt 0.415620 0.676599
vt 0.432672 0.779018
vt 0.432265 0.779232
vt 0.425745 0.778929
vt 0.403091 0.752525
vt 0.402032 0.751261
vt 0.402268 0.713143
vt 0.408715 0.676612
vt 0.415408 0.674793
vt 0.415854 0.674920
vt 0.432878 0.780623
vt 0.433324 0.780497
vt 0.426413 0.780444
vt 0.419225 0.778626
vt 0.402684 0.752739
vt 0.402268 0.676657
vt 0.408943 0.674973
vt 0.416131 0.673155
vt 0.416538 0.673369
vt 0.433088 0.782129
vt 0.433547 0.782097
vt 0.426641 0.782084
vt 0.419948 0.780265
vt 0.418818 0.778841
vt 0.401809 0.676625
vt 0.402478 0.675152
vt 0.409611 0.673458
vt 0.432265 0.647054
vt 0.432672 0.647268
vt 0.433547 0.829186
vt 0.433088 0.829068
vt 0.426642 0.829270
vt 0.420195 0.782039
vt 0.419502 0.780392
vt 0.402032 0.675025
vt 0.403091 0.673761
vt 0.425745 0.647357
vt 0.432878 0.645663
vt 0.433324 0.645789
vt 0.433209 0.830762
vt 0.432743 0.830667
vt 0.426642 0.830881
vt 0.420195 0.829068
vt 0.419736 0.782071
vt 0.402684 0.673546
vt 0.419225 0.647659
vt 0.426413 0.645842
vt 0.433088 0.644157
vt 0.433547 0.644189
vt 0.429882 0.835575
vt 0.429553 0.835206
vt 0.426642 0.835838
vt 0.420539 0.830667
vt 0.419736 0.829186
vt 0.418818 0.647445
vt 0.419948 0.646021
vt 0.426641 0.644202
vt 0.433088 0.588313
vt 0.433546 0.588195
vt 0.428097 0.836495
vt 0.423730 0.835206
vt 0.420074 0.830762
vt 0.419502 0.645894
vt 0.420195 0.644247
vt 0.426641 0.588112
vt 0.433208 0.586620
vt 0.432743 0.586715
vt 0.426642 0.836749
vt 0.425186 0.836495
vt 0.423401 0.835575
vt 0.419736 0.644215
vt 0.420195 0.588313
vt 0.426641 0.586500
vt 0.429553 0.579601
vt 0.429881 0.579232
vt 0.419736 0.588196
vt 0.420539 0.586715
vt 0.426641 0.578969
vt 0.428097 0.578312
vt 0.420074 0.586620
vt 0.423730 0.579601
vt 0.426641 0.578058
vt 0.425185 0.578312
vt 0.423401 0.579232
vn 0.999690 -0.023944 -0.006801
vn 0.999720 -0.020206 -0.012284
vn 0.923955 -0.326843 -0.198701
vn 0.925175 -0.365093 -0.103723
vn 0.385831 -0.887444 -0.252144
vn 0.382846 -0.789254 -0.480112
vn 0.010857 -0.854256 -0.519740
vn 0.011258 -0.961866 -0.273288
vn -0.999690 -0.023941 -0.006804
vn -0.999649 -0.026483 -0.000167
vn -0.923951 -0.382504 -0.002403
vn -0.925169 -0.365104 -0.103733
vn -0.385831 -0.887447 -0.252136
vn -0.382775 -0.923825 -0.005590
vn -0.010855 -0.999923 -0.005985
vn -0.011258 -0.961866 -0.273288
vn -0.010492 0.854257 0.519746
vn -0.010295 0.961878 0.273286
vn -0.385819 0.887452 0.252136
vn -0.382821 0.789191 0.480235
vn -0.923958 0.326689 0.198935
vn -0.925181 0.365075 0.103729
vn -0.999460 0.031609 0.008982
vn -0.998791 0.041985 0.025567
vn 0.999460 0.031612 0.008980
vn 0.999593 0.028526 0.000162
vn 0.923932 0.382551 0.002175
vn 0.925156 0.365137 0.103736
vn 0.385829 0.887446 0.252142
vn 0.382771 0.923827 0.005465
vn 0.010490 0.999927 0.005981
vn 0.010295 0.961878 0.273286
vn 0.999460 -0.031608 -0.008984
vn 0.999594 -0.028482 -0.000127
vn 0.923925 -0.382571 -0.001704
vn 0.925179 -0.365080 -0.103730
vn 0.385822 -0.887450 -0.252140
vn 0.382810 -0.923817 -0.004278
vn 0.010488 -0.999934 -0.004681
vn 0.010295 -0.961877 -0.273289
vn -0.999460 -0.031611 -0.008978
vn -0.998791 -0.041995 -0.025570
vn -0.923920 -0.326781 -0.198962
vn -0.925166 -0.365113 -0.103734
vn -0.385835 -0.887446 -0.252135
vn -0.382853 -0.789176 -0.480235
vn -0.010493 -0.854257 -0.519745
vn -0.010295 -0.961877 -0.273289
vn -0.010850 0.999930 0.004683
vn -0.011257 0.961868 0.273282
vn -0.385821 0.887452 0.252132
vn -0.382811 0.923817 0.004376
vn -0.923915 0.382594 0.001885
vn -0.925178 0.365084 0.103728
vn -0.999690 0.023943 0.006802
vn -0.999649 0.026483 0.000131
vn 0.999690 0.023942 0.006803
vn 0.999720 0.020207 0.012285
vn 0.923937 0.326883 0.198717
vn 0.925171 0.365098 0.103737
vn 0.385821 0.887447 0.252151
vn 0.382832 0.789262 0.480110
vn 0.010856 0.854256 0.519740
vn 0.011257 0.961868 0.273282
vn -0.010857 -0.854256 -0.519740
vn 0.010855 -0.999923 -0.005985
vn -0.010488 -0.999934 -0.004681
vn 0.010493 -0.854257 -0.519745
vn -0.010670 -0.999943 0.000000
vn 0.010670 -0.999943 -0.000000
vn -1.000000 0.000000 -0.000000
vn -0.999621 -0.027515 -0.000000
vn -1.000000 0.000000 -0.000000
vn 0.010667 0.999943 0.000000
vn -0.010666 0.999943 0.000000
vn -0.010490 0.999927 0.005981
vn 0.999621 -0.027518 0.000000
vn 1.000000 0.000000 0.000000
vn 1.000000 -0.000000 0.000000
vn 0.999649 -0.026486 -0.000166
vn -0.999720 -0.020208 -0.012285
vn -1.000000 0.000002 0.000000
vn -1.000000 0.000001 0.000000
vn -0.010856 0.854256 0.519740
vn 0.010492 0.854257 0.519746
vn 1.000000 -0.000001 -0.000000
vn 1.000000 -0.000001 -0.000000
vn 0.998791 -0.041987 -0.025566
vn -1.000000 0.000002 -0.000001
vn 1.000000 -0.000001 0.000001
vn -0.999594 -0.028484 -0.000127
vn -1.000000 -0.000002 0.000000
vn -1.000000 0.000000 0.000001
vn 0.010850 0.999930 0.004683
vn 1.000000 -0.000000 -0.000001
vn 1.000000 0.000001 -0.000000
vn -0.999622 0.027508 -0.000000
vn -0.999593 0.028525 0.000162
vn -0.999720 0.020205 0.012284
vn 0.999649 0.026484 0.000131
vn 0.998791 0.041993 0.025569
vn 0.999622 0.027509 0.000000
vn 0.382779 -0.923823 -0.005591
vn 0.923936 -0.382540 -0.002402
vn -0.923926 -0.326910 -0.198722
vn -0.382857 -0.789251 -0.480108
vn 0.382646 -0.923895 -0.000001
vn 0.923880 -0.382683 0.000000
vn -0.923895 -0.382646 -0.000000
vn -0.382643 -0.923896 0.000001
vn -0.382781 0.923823 0.005466
vn -0.923937 0.382539 0.002175
vn -0.382652 0.923893 0.000001
vn -0.923886 0.382669 -0.000000
vn 0.923930 0.326757 0.198956
vn 0.382830 0.789185 0.480238
vn 0.923881 0.382679 0.000000
vn 0.382642 0.923897 0.000000
vn 0.382842 -0.789178 -0.480240
vn 0.923949 -0.326714 -0.198940
vn -0.923923 -0.382575 -0.001704
vn -0.382802 -0.923821 -0.004277
vn -0.382824 0.789267 0.480108
vn -0.923964 0.326819 0.198696
vn 0.923932 0.382552 0.001886
vn 0.382812 0.923816 0.004377
vn 0.999810 0.000000 0.019503
vn 0.972374 0.063532 0.224616
vn 0.978933 0.000000 0.204180
vn 0.972374 -0.063532 0.224619
vn -0.390883 -0.323240 0.861816
vn -0.010250 -0.340285 0.940267
vn -0.010853 -0.000000 0.999941
vn -0.402971 -0.000000 0.915213
vn -0.010250 0.340285 0.940267
vn -0.390884 0.323240 0.861815
vn 0.010250 -0.340285 0.940267
vn -0.009596 -0.450384 0.892784
vn 0.009596 -0.450384 0.892783
vn 0.009597 0.450388 0.892782
vn -0.009597 0.450387 0.892782
vn 0.010250 0.340285 0.940267
vn 0.390874 0.323250 0.861816
vn 0.380958 0.419838 0.823776
vn 0.949623 0.218774 0.224397
vn 0.998874 0.032408 0.034646
vn 0.998874 -0.032409 0.034646
vn 0.949623 -0.218774 0.224395
vn 0.380955 -0.419834 0.823779
vn 0.390873 -0.323248 0.861817
vn -0.998874 0.032408 0.034648
vn -0.999810 0.000000 0.019506
vn -0.972375 0.063533 0.224612
vn -0.949631 0.218750 0.224388
vn -0.380965 0.419822 0.823781
vn -0.380965 -0.419822 0.823781
vn -0.949625 -0.218769 0.224395
vn -0.972376 -0.063529 0.224610
vn -0.998874 -0.032410 0.034649
vn 0.402958 0.000002 0.915218
vn 0.010853 0.000000 0.999941
vn -0.978933 0.000002 0.204180
vn 0.998280 -0.050400 0.029934
vn 0.927052 -0.328829 0.180130
vn 0.924177 -0.381951 0.003201
vn 0.999528 -0.030711 0.000185
vn 1.000000 0.000001 0.000000
vn 1.000000 0.000000 -0.000001
vn 0.999528 0.030727 0.000184
vn 0.998280 0.050404 0.029939
vn 0.388673 -0.797019 0.462270
vn 0.010036 -0.867912 0.496617
vn 0.010099 -0.999925 0.006963
vn 0.383197 -0.923647 0.006045
vn -0.010039 -0.867910 0.496619
vn -0.010102 -0.999925 0.006963
vn -0.388672 -0.797030 0.462252
vn -0.383184 -0.923652 0.006048
vn -0.927056 -0.328826 0.180113
vn -0.998280 -0.050405 0.029941
vn -0.999528 -0.030720 0.000184
vn -0.924176 -0.381953 0.003202
vn -1.000000 0.000000 0.000001
vn -1.000000 -0.000002 -0.000000
vn -0.998281 0.050396 0.029934
vn -0.999528 0.030720 0.000184
vn -0.927062 0.328801 0.180126
vn -0.924163 0.381986 0.003197
vn -0.388668 0.797019 0.462275
vn -0.010036 0.867911 0.496618
vn -0.010101 0.999925 0.006963
vn -0.383195 0.923648 0.006044
vn 0.010039 0.867911 0.496619
vn 0.010105 0.999925 0.006963
vn 0.388661 0.797042 0.462241
vn 0.383192 0.923649 0.006047
vn 0.927055 0.328831 0.180110
vn 0.924181 0.381941 0.003198
vn 0.382964 -0.760725 0.524058
vn 0.009933 -0.824271 0.566108
vn -0.382958 0.760725 0.524062
vn -0.009933 0.824271 0.566108
vn -0.009935 -0.824271 0.566108
vn -0.382989 -0.760710 0.524061
vn 0.009935 0.824271 0.566108
vn 0.382976 0.760726 0.524047
vn 0.999690 -0.023943 0.006803
vn 0.925175 -0.365091 0.103732
vn 0.923950 -0.326848 0.198713
vn 0.999720 -0.020205 0.012284
vn 0.385825 -0.887448 0.252142
vn 0.011258 -0.961866 0.273289
vn 0.010857 -0.854256 0.519740
vn 0.382851 -0.789256 0.480104
vn -0.999690 -0.023944 0.006803
vn -0.925175 -0.365091 0.103724
vn -0.923944 -0.382520 0.002403
vn -0.999649 -0.026485 0.000166
vn -0.385830 -0.887447 0.252137
vn -0.011258 -0.961866 0.273289
vn -0.010855 -0.999923 0.005985
vn -0.382779 -0.923823 0.005590
vn -0.010492 0.854256 -0.519746
vn -0.382826 0.789180 -0.480249
vn -0.385815 0.887453 -0.252137
vn -0.010294 0.961878 -0.273286
vn -0.923948 0.326713 -0.198947
vn -0.998791 0.041989 -0.025568
vn -0.999460 0.031609 -0.008981
vn -0.925181 0.365076 -0.103734
vn 0.999460 0.031610 -0.008981
vn 0.925162 0.365122 -0.103732
vn 0.923936 0.382540 -0.002175
vn 0.999593 0.028525 -0.000162
vn 0.385825 0.887448 -0.252142
vn 0.010295 0.961878 -0.273287
vn 0.010490 0.999927 -0.005981
vn 0.382769 0.923828 -0.005465
vn 0.999460 -0.031609 0.008981
vn 0.925169 -0.365106 0.103731
vn 0.923917 -0.382590 0.001440
vn 0.999595 -0.028475 0.000107
vn 0.385832 -0.887445 0.252139
vn 0.010295 -0.961877 0.273290
vn 0.010489 -0.999937 0.003958
vn 0.382800 -0.923824 0.003617
vn -0.999460 -0.031610 0.008981
vn -0.925169 -0.365106 0.103731
vn -0.923931 -0.326758 0.198950
vn -0.998791 -0.041995 0.025568
vn -0.385827 -0.887448 0.252137
vn -0.010295 -0.961877 0.273290
vn -0.010493 -0.854257 0.519745
vn -0.382861 -0.789168 0.480241
vn -0.010849 0.999933 -0.003960
vn -0.382794 0.923826 -0.003701
vn -0.385821 0.887449 -0.252143
vn -0.011257 0.961868 -0.273282
vn -0.923926 0.382567 -0.001595
vn -0.999649 0.026497 -0.000110
vn -0.999690 0.023943 -0.006803
vn -0.925174 0.365093 -0.103733
vn 0.999690 0.023943 -0.006803
vn 0.925174 0.365092 -0.103733
vn 0.923948 0.326859 -0.198707
vn 0.999720 0.020205 -0.012284
vn 0.385821 0.887450 -0.252142
vn 0.011258 0.961868 -0.273282
vn 0.010856 0.854256 -0.519739
vn 0.382809 0.789276 -0.480105
vn -0.010857 -0.854256 0.519740
vn 0.010855 -0.999923 0.005985
vn -0.010489 -0.999937 0.003958
vn 0.010493 -0.854257 0.519745
vn -0.010670 -0.999943 -0.000000
vn 0.010670 -0.999943 0.000000
vn -1.000000 0.000000 0.000000
vn -1.000000 0.000000 0.000000
vn -0.999621 -0.027517 0.000000
vn 0.010666 0.999943 -0.000000
vn -0.010490 0.999927 -0.005981
vn -0.010666 0.999943 -0.000000
vn 0.999621 -0.027517 -0.000000
vn 0.999649 -0.026485 0.000166
vn 1.000000 -0.000000 -0.000000
vn 1.000000 0.000000 -0.000000
vn -0.999720 -0.020211 0.012285
vn -1.000000 0.000000 0.000000
vn -1.000000 -0.000001 0.000000
vn 0.010492 0.854257 -0.519745
vn -0.010856 0.854256 -0.519740
vn 1.000000 -0.000001 -0.000000
vn 0.998791 -0.041987 0.025568
vn 1.000000 0.000001 -0.000000
vn -1.000000 0.000001 -0.000000
vn 1.000000 -0.000002 0.000000
vn -0.999594 -0.028479 0.000107
vn -1.000000 0.000000 0.000000
vn -1.000000 -0.000000 0.000000
vn 0.010849 0.999933 -0.003960
vn 1.000000 0.000000 0.000000
vn 1.000000 0.000000 0.000000
vn -0.999622 0.027508 0.000000
vn -0.999593 0.028525 -0.000162
vn -0.999720 0.020207 -0.012285
vn 0.999649 0.026498 -0.000110
vn 0.998791 0.041989 -0.025568
vn 0.999622 0.027508 -0.000000
vn 0.382773 -0.923826 0.005590
vn 0.923944 -0.382521 0.002403
vn -0.923937 -0.326886 0.198710
vn -0.382866 -0.789243 0.480113
vn 0.382641 -0.923897 0.000000
vn 0.923888 -0.382663 -0.000000
vn -0.923888 -0.382663 0.000000
vn -0.382647 -0.923895 -0.000000
vn -0.382781 0.923823 -0.005466
vn -0.923938 0.382537 -0.002175
vn -0.382652 0.923892 -0.000001
vn -0.923886 0.382668 0.000000
vn 0.923941 0.326732 -0.198946
vn 0.382806 0.789200 -0.480232
vn 0.923886 0.382668 -0.000000
vn 0.382639 0.923898 -0.000000
vn 0.382848 -0.789180 0.480232
vn 0.923944 -0.326721 0.198952
vn -0.923909 -0.382609 0.001440
vn -0.382784 -0.923831 0.003617
vn -0.382829 0.789256 -0.480121
vn -0.923953 0.326842 -0.198708
vn 0.923918 0.382587 -0.001595
vn 0.382795 0.923826 -0.003701
vn 0.999917 -0.000000 -0.012916
vn 0.972374 -0.063529 -0.224619
vn 0.978932 0.000000 -0.204186
vn 0.972374 0.063524 -0.224617
vn -0.390868 -0.323251 -0.861818
vn -0.402965 0.000000 -0.915216
vn -0.010853 -0.000000 -0.999941
vn -0.010250 -0.340285 -0.940267
vn -0.390869 0.323252 -0.861818
vn -0.010250 0.340285 -0.940267
vn 0.010250 -0.340285 -0.940267
vn 0.009596 -0.450384 -0.892783
vn -0.009596 -0.450384 -0.892783
vn 0.009596 0.450388 -0.892782
vn 0.010250 0.340285 -0.940267
vn -0.009596 0.450388 -0.892782
vn 0.380945 0.419841 -0.823780
vn 0.390869 0.323252 -0.861818
vn 0.949494 0.253693 -0.184666
vn 0.999000 0.036483 -0.025837
vn 0.999000 -0.036483 -0.025837
vn 0.949493 -0.253696 -0.184666
vn 0.380944 -0.419839 -0.823782
vn 0.390868 -0.323251 -0.861819
vn -0.999000 0.036485 -0.025837
vn -0.949492 0.253701 -0.184665
vn -0.972373 0.063531 -0.224619
vn -0.999917 0.000000 -0.012916
vn -0.380945 0.419841 -0.823781
vn -0.380943 -0.419840 -0.823782
vn -0.949490 -0.253707 -0.184666
vn -0.999000 -0.036485 -0.025837
vn -0.972374 -0.063528 -0.224617
vn 0.010853 -0.000000 -0.999941
vn 0.402965 0.000000 -0.915216
vn -0.978932 0.000000 -0.204186
vn 0.998705 -0.047054 -0.019367
vn 0.999528 -0.030710 -0.000156
vn 0.924132 -0.382065 -0.002709
vn 0.924806 -0.352978 -0.141913
vn 1.000000 -0.000000 0.000000
vn 1.000000 -0.000000 0.000000
vn 0.998704 0.047061 -0.019372
vn 0.999528 0.030725 -0.000156
vn 0.383666 -0.854203 -0.350909
vn 0.383127 -0.923682 -0.005109
vn 0.010094 -0.999932 -0.005887
vn 0.010222 -0.925234 -0.379259
vn -0.010097 -0.999932 -0.005887
vn -0.010225 -0.925234 -0.379259
vn -0.383108 -0.923689 -0.005112
vn -0.383638 -0.854223 -0.350892
vn -0.924806 -0.352982 -0.141904
vn -0.924125 -0.382082 -0.002710
vn -0.999528 -0.030721 -0.000156
vn -0.998704 -0.047062 -0.019372
vn -1.000000 -0.000000 0.000000
vn -1.000000 0.000000 0.000000
vn -0.999528 0.030717 -0.000156
vn -0.998705 0.047055 -0.019367
vn -0.924136 0.382053 -0.002706
vn -0.924804 0.352986 -0.141912
vn -0.383661 0.854207 -0.350905
vn -0.383119 0.923685 -0.005108
vn -0.010096 0.999932 -0.005887
vn -0.010222 0.925234 -0.379258
vn 0.010099 0.999932 -0.005887
vn 0.010225 0.925234 -0.379259
vn 0.383117 0.923686 -0.005111
vn 0.383640 0.854220 -0.350896
vn 0.924810 0.352971 -0.141904
vn 0.924129 0.382070 -0.002707
vn 0.009446 -0.911569 -0.411038
vn 0.381057 -0.842923 -0.379837
vn -0.009446 0.911569 -0.411038
vn -0.381050 0.842929 -0.379832
vn -0.009448 -0.911569 -0.411038
vn -0.381043 -0.842933 -0.379830
vn 0.009447 0.911569 -0.411038
vn 0.381047 0.842929 -0.379834
s 1
g all Sunmao_004 tuijia_004
usemtl phong1SG
f 3269/4406/8785 3270/4407/8786 3271/4408/8787 3268/4409/8788
s 2
f 3268/4266/8789 3271/4267/8790 3272/4268/8791 3267/4269/8792
s 3
f 3278/4505/8793 3282/4506/8794 3283/4507/8795 3277/4508/8796
s 2
f 3277/4280/8797 3283/4288/8798 3284/4281/8799 3276/4273/8800
s 5
f 3287/4338/8801 3288/4339/8802 3289/4340/8803 3286/4341/8804
s 3
f 3286/4534/8805 3289/4525/8806 3290/4516/8807 3285/4524/8808
s 1
f 3299/4417/8809 3300/4425/8810 3301/4358/8811 3298/4426/8812
s 5
f 3298/4350/8813 3301/4358/8814 3302/4351/8815 3297/4343/8816
s 1
f 3305/4421/8817 3306/4430/8818 3307/4431/8819 3304/4420/8820
s 2
f 3304/4277/8821 3307/4285/8822 3308/4286/8823 3303/4276/8824
s 3
f 3314/4530/8825 3318/4522/8826 3319/4521/8827 3313/4531/8828
s 2
f 3313/4293/8829 3319/4287/8830 3320/4278/8831 3312/4284/8832
s 5
f 3323/4362/8833 3324/4354/8834 3325/4355/8835 3322/4363/8836
s 3
f 3322/4563/8837 3325/4553/8838 3326/4542/8839 3321/4552/8840
s 1
f 3335/4437/8841 3336/4428/8842 3337/4436/8843 3334/4445/8844
s 5
f 3334/4365/8845 3337/4357/8846 3338/4348/8847 3333/4356/8848
s 2
f 3272/4268/8791 3273/4272/8849 3276/4273/8800 3267/4269/8792
f 3267/4269/8792 3276/4273/8800 3284/4281/8799 3279/4274/8850
f 3308/4286/8823 3309/4292/8851 3312/4284/8832 3303/4276/8824
f 3303/4276/8824 3312/4284/8832 3320/4278/8831 3315/4271/8852
f 3341/4289/8853 3342/4282/8854 3279/4274/8850 3284/4281/8799
s 3
f 3253/4518/8855 3339/4511/8856 3282/4506/8794 3254/4510/8857
s 5
f 3350/4359/8858 3345/4352/8859 3291/4344/8860 3302/4351/8815
s 1
f 3344/4423/8861 3266/4424/8862 3265/4416/8863 3281/4415/8864
s 2
f 3272/4268/8791 3315/4271/8852 3320/4278/8831 3273/4272/8849
s 3
f 3275/4513/8865 3318/4522/8826 3257/4523/8866 3256/4515/8867
s 5
f 3287/4338/8801 3327/4347/8868 3338/4348/8847 3294/4342/8869
s 1
f 3263/4411/8870 3262/4419/8871 3317/4412/8872 3270/4407/8786
s 3
f 3275/4513/8865 3256/4515/8867 3255/4509/8873 3278/4505/8793
f 3278/4505/8793 3255/4509/8873 3254/4510/8857 3282/4506/8794
s 5
f 3287/4338/8801 3294/4342/8869 3297/4343/8816 3288/4339/8802
f 3288/4339/8802 3297/4343/8816 3302/4351/8815 3291/4344/8860
s 1
f 3281/4415/8864 3265/4416/8863 3264/4410/8874 3269/4406/8785
f 3269/4406/8785 3264/4410/8874 3263/4411/8870 3270/4407/8786
s 3
f 3311/4539/8875 3259/4541/8876 3258/4532/8877 3314/4530/8825
f 3314/4530/8825 3258/4532/8877 3257/4523/8866 3318/4522/8826
s 5
f 3323/4362/8833 3330/4364/8878 3333/4356/8848 3324/4354/8834
f 3324/4354/8834 3333/4356/8848 3338/4348/8847 3327/4347/8868
s 1
f 3317/4412/8872 3262/4419/8871 3261/4429/8879 3305/4421/8817
f 3305/4421/8817 3261/4429/8879 3260/4438/8880 3306/4430/8818
s 3
f 3347/4526/8881 3253/4518/8855 3254/4510/8857 3293/4517/8882
f 3255/4509/8873 3290/4516/8807 3293/4517/8882 3254/4510/8857
f 3256/4515/8867 3285/4524/8808 3290/4516/8807 3255/4509/8873
f 3257/4523/8866 3329/4533/8883 3285/4524/8808 3256/4515/8867
f 3258/4532/8877 3326/4542/8839 3329/4533/8883 3257/4523/8866
f 3259/4541/8876 3321/4552/8840 3326/4542/8839 3258/4532/8877
s 1
f 3261/4429/8879 3335/4437/8841 3332/4446/8884 3260/4438/8880
f 3262/4419/8871 3336/4428/8842 3335/4437/8841 3261/4429/8879
f 3296/4418/8885 3336/4428/8842 3262/4419/8871 3263/4411/8870
f 3264/4410/8874 3299/4417/8809 3296/4418/8885 3263/4411/8870
f 3265/4416/8863 3300/4425/8810 3299/4417/8809 3264/4410/8874
f 3266/4424/8862 3348/4435/8886 3300/4425/8810 3265/4416/8863
s 2
f 3267/4269/8792 3279/4274/8850 3280/4275/8887 3268/4266/8789
s 1
f 3268/4409/8788 3280/4414/8888 3281/4415/8864 3269/4406/8785
s 3
f 3275/4513/8865 3278/4505/8793 3277/4508/8796 3274/4514/8889
s 2
f 3274/4279/8890 3277/4280/8797 3276/4273/8800 3273/4272/8849
f 3279/4274/8850 3342/4282/8854 3343/4283/8891 3280/4275/8887
s 1
f 3280/4414/8888 3343/4422/8892 3344/4423/8861 3281/4415/8864
s 3
f 3282/4506/8794 3339/4511/8856 3340/4512/8893 3283/4507/8795
s 2
f 3283/4288/8798 3340/4296/8894 3341/4289/8853 3284/4281/8799
s 5
f 3288/4339/8802 3291/4344/8860 3292/4345/8895 3289/4340/8803
s 3
f 3289/4525/8806 3292/4345/8896 3293/4517/8882 3290/4516/8807
s 5
f 3291/4344/8860 3345/4352/8859 3346/4353/8897 3292/4345/8895
s 3
f 3292/4345/8896 3346/4353/8898 3347/4526/8881 3293/4517/8882
s 1
f 3296/4418/8885 3299/4417/8809 3298/4426/8812 3295/4427/8899
s 5
f 3295/4349/8900 3298/4350/8813 3297/4343/8816 3294/4342/8869
s 1
f 3300/4425/8810 3348/4435/8886 3349/4366/8901 3301/4358/8811
s 5
f 3301/4358/8814 3349/4366/8902 3350/4359/8858 3302/4351/8815
s 2
f 3303/4276/8824 3315/4271/8852 3316/4270/8903 3304/4277/8821
s 1
f 3304/4420/8820 3316/4413/8904 3317/4412/8872 3305/4421/8817
s 3
f 3311/4539/8875 3314/4530/8825 3313/4531/8828 3310/4540/8905
s 2
f 3310/4301/8906 3313/4293/8829 3312/4284/8832 3309/4292/8851
s 1
f 3270/4407/8786 3317/4412/8872 3316/4413/8904 3271/4408/8787
s 2
f 3271/4267/8790 3316/4270/8903 3315/4271/8852 3272/4268/8791
f 3273/4272/8849 3320/4278/8831 3319/4287/8830 3274/4279/8890
s 3
f 3274/4514/8889 3319/4521/8827 3318/4522/8826 3275/4513/8865
s 5
f 3324/4354/8834 3327/4347/8868 3328/4346/8907 3325/4355/8835
s 3
f 3325/4553/8838 3328/4543/8908 3329/4533/8883 3326/4542/8839
f 3285/4524/8808 3329/4533/8883 3328/4543/8908 3286/4534/8805
s 5
f 3286/4341/8804 3328/4346/8907 3327/4347/8868 3287/4338/8801
s 1
f 3332/4446/8884 3335/4437/8841 3334/4445/8844 3331/4455/8909
s 5
f 3331/4373/8910 3334/4365/8845 3333/4356/8848 3330/4364/8878
f 3294/4342/8869 3338/4348/8847 3337/4357/8846 3295/4349/8900
s 1
f 3295/4427/8899 3337/4436/8843 3336/4428/8842 3296/4418/8885
f 3369/4467/8911 3366/4476/8912 3367/4477/8913 3368/4468/8914
s 22
f 3373/4218/8915 3374/4219/8916 3375/4220/8917 3372/4221/8918
f 3372/4221/8918 3375/4220/8917 3376/4226/8919 3371/4227/8920
f 3365/4225/8921 3374/4219/8916 3360/4222/8922 3353/4228/8923
f 3354/4238/8924 3359/4235/8925 3376/4226/8919 3363/4231/8926
f 3354/4238/8924 3363/4231/8926 3366/4239/8927 3355/4244/8928
s 1
f 3355/4483/8929 3366/4476/8912 3369/4467/8911 3356/4475/8930
f 3351/4458/8931 3369/4467/8911 3368/4468/8914 3352/4459/8932
s 22
f 3352/4237/8933 3368/4232/8934 3365/4225/8921 3353/4228/8923
s 3
f 3357/4580/8935 3370/4571/8936 3371/4588/8937 3358/4589/8938
s 22
f 3358/4234/8939 3371/4227/8920 3376/4226/8919 3359/4235/8925
f 3360/4222/8922 3374/4219/8916 3373/4218/8915 3361/4223/8940
s 3
f 3361/4569/8941 3373/4579/8942 3370/4571/8936 3362/4570/8943
s 22
f 3365/4225/8921 3368/4232/8934 3367/4233/8944 3364/4224/8945
f 3364/4224/8945 3367/4233/8944 3366/4239/8927 3363/4231/8926
s 3
f 3372/4587/8946 3371/4588/8937 3370/4571/8936 3373/4579/8942
s 22
f 3363/4231/8926 3376/4226/8919 3375/4220/8917 3364/4224/8945
f 3364/4224/8945 3375/4220/8917 3374/4219/8916 3365/4225/8921
s 1
f 3377/4448/8947 3382/4449/8948 3381/4440/8949 3378/4439/8950
f 3378/4439/8950 3379/4447/8951 3380/4457/8952 3377/4448/8947
f 3379/4447/8951 3404/4456/8953 3403/4466/8954 3380/4457/8952
s 2
f 3382/4302/8955 3383/4303/8956 3384/4295/8957 3381/4294/8958
f 3383/4303/8956 3385/4308/8959 3386/4300/8960 3384/4295/8957
f 3385/4308/8959 3388/4314/8961 3387/4309/8962 3386/4300/8960
s 3
f 3388/4559/8963 3389/4560/8964 3390/4550/8965 3387/4549/8966
f 3389/4560/8964 3391/4561/8967 3392/4551/8968 3390/4550/8965
f 3391/4561/8967 3394/4572/8969 3393/4562/8970 3392/4551/8968
f 3394/4572/8969 3396/4581/8971 3395/4573/8972 3393/4562/8970
s 5
f 3396/4378/8973 3397/4241/8974 3398/4371/8975 3395/4370/8976
f 3397/4241/8974 3399/4243/8977 3400/4372/8978 3398/4371/8975
f 3399/4243/8977 3402/4384/8979 3401/4379/8980 3400/4372/8978
s 1
f 3402/4474/8981 3403/4466/8954 3404/4456/8953 3401/4465/8982
s 2
f 3382/4242/8955 3352/4237/8983 3353/4228/8984 3383/4236/8956
s 3
f 3388/4559/8963 3361/4569/8941 3362/4570/8943 3389/4560/8964
s 5
f 3396/4240/8973 3358/4234/8985 3359/4235/8986 3397/4241/8974
s 1
f 3402/4474/8981 3355/4483/8929 3356/4475/8930 3403/4466/8954
f 3260/4438/8880 3379/4447/8951 3378/4439/8950 3306/4430/8818
s 5
f 3323/4362/8833 3398/4371/8975 3400/4372/8978 3330/4364/8878
s 3
f 3311/4539/8875 3390/4550/8965 3392/4551/8968 3259/4541/8876
s 2
f 3308/4286/8823 3384/4295/8957 3386/4300/8960 3309/4292/8851
s 3
f 3392/4551/8968 3393/4562/8970 3321/4552/8840 3259/4541/8876
s 1
f 3332/4446/8884 3404/4456/8953 3379/4447/8951 3260/4438/8880
f 3306/4430/8818 3378/4439/8950 3381/4440/8949 3307/4431/8819
s 2
f 3307/4285/8822 3381/4294/8958 3384/4295/8957 3308/4286/8823
f 3309/4292/8851 3386/4300/8960 3387/4309/8962 3310/4301/8906
s 3
f 3310/4540/8905 3387/4549/8966 3390/4550/8965 3311/4539/8875
f 3321/4552/8840 3393/4562/8970 3395/4573/8972 3322/4563/8837
s 5
f 3322/4363/8836 3395/4370/8976 3398/4371/8975 3323/4362/8833
f 3330/4364/8878 3400/4372/8978 3401/4379/8980 3331/4373/8910
s 1
f 3331/4455/8909 3401/4465/8982 3404/4456/8953 3332/4446/8884
f 3380/4457/8952 3369/4467/8911 3351/4458/8931 3377/4448/8947
f 3382/4449/8948 3377/4448/8947 3351/4458/8931 3352/4459/8932
s 2
f 3360/4222/8987 3385/4230/8959 3383/4236/8956 3353/4228/8984
f 3388/4229/8961 3385/4230/8959 3360/4222/8987 3361/4223/8988
s 3
f 3370/4571/8936 3391/4561/8967 3389/4560/8964 3362/4570/8943
f 3396/4581/8971 3394/4572/8969 3357/4580/8935 3358/4589/8938
s 5
f 3354/4238/8989 3399/4243/8977 3397/4241/8974 3359/4235/8986
f 3402/4245/8979 3399/4243/8977 3354/4238/8989 3355/4244/8990
s 1
f 3380/4457/8952 3403/4466/8954 3356/4475/8930 3369/4467/8911
s 3
f 3370/4571/8936 3357/4580/8935 3394/4572/8969 3391/4561/8967
s 26
f 3419/4442/8991 3418/4441/8992 3421/4450/8993 3420/4451/8994
s 27
f 3418/4299/8995 3417/4298/8996 3422/4306/8997 3421/4307/8998
s 28
f 3428/4528/8999 3427/4529/9000 3433/4520/9001 3432/4519/9002
s 27
f 3427/4310/9003 3426/4305/9004 3434/4297/9005 3433/4304/9006
s 30
f 3437/4376/9007 3436/4377/9008 3439/4369/9009 3438/4368/9010
s 28
f 3436/4564/9011 3435/4555/9012 3440/4545/9013 3439/4554/9014
s 26
f 3449/4453/9015 3448/4464/9016 3451/4454/9017 3450/4444/9018
s 30
f 3448/4380/9019 3447/4375/9020 3452/4367/9021 3451/4374/9022
s 26
f 3455/4470/9023 3454/4469/9024 3457/4478/9025 3456/4479/9026
s 27
f 3454/4318/9027 3453/4317/9028 3458/4321/9029 3457/4322/9030
s 28
f 3464/4557/9031 3463/4558/9032 3469/4548/9033 3468/4547/9034
s 27
f 3463/4323/9035 3462/4320/9036 3470/4316/9037 3469/4319/9038
s 30
f 3473/4391/9039 3472/4392/9040 3475/4388/9041 3474/4387/9042
s 28
f 3472/4590/9043 3471/4583/9044 3476/4575/9045 3475/4582/9046
s 26
f 3485/4481/9047 3484/4488/9048 3487/4482/9049 3486/4472/9050
s 30
f 3484/4393/9051 3483/4390/9052 3488/4386/9053 3487/4389/9054
s 27
f 3422/4306/8997 3417/4298/8996 3426/4305/9004 3423/4311/9055
f 3417/4298/8996 3429/4290/9056 3434/4297/9005 3426/4305/9004
f 3458/4321/9029 3453/4317/9028 3462/4320/9036 3459/4324/9057
f 3453/4317/9028 3465/4312/9058 3470/4316/9037 3462/4320/9036
f 3341/4289/9059 3434/4297/9005 3429/4290/9056 3342/4282/9060
s 28
f 3253/4518/9061 3405/4527/9062 3432/4519/9002 3339/4511/9063
s 30
f 3350/4359/9064 3452/4367/9021 3441/4360/9065 3345/4352/9066
s 26
f 3344/4423/9067 3431/4433/9068 3416/4434/9069 3266/4424/9070
s 27
f 3422/4306/8997 3423/4311/9055 3470/4316/9037 3465/4312/9058
s 28
f 3425/4537/9071 3407/4546/9072 3408/4556/9073 3468/4547/9034
s 30
f 3437/4376/9007 3444/4381/9074 3488/4386/9053 3477/4382/9075
s 26
f 3414/4452/9076 3420/4451/8994 3467/4461/9077 3413/4462/9078
s 28
f 3425/4537/9071 3428/4528/8999 3406/4536/9079 3407/4546/9072
f 3428/4528/8999 3432/4519/9002 3405/4527/9062 3406/4536/9079
s 30
f 3437/4376/9007 3438/4368/9010 3447/4375/9020 3444/4381/9074
f 3438/4368/9010 3441/4360/9065 3452/4367/9021 3447/4375/9020
s 26
f 3431/4433/9068 3419/4442/8991 3415/4443/9080 3416/4434/9069
f 3419/4442/8991 3420/4451/8994 3414/4452/9076 3415/4443/9080
s 28
f 3461/4567/9081 3464/4557/9031 3409/4566/9082 3410/4576/9083
f 3464/4557/9031 3468/4547/9034 3408/4556/9073 3409/4566/9082
s 30
f 3473/4391/9039 3474/4387/9042 3483/4390/9052 3480/4394/9084
f 3474/4387/9042 3477/4382/9075 3488/4386/9053 3483/4390/9052
s 26
f 3467/4461/9077 3455/4470/9023 3412/4471/9085 3413/4462/9078
f 3455/4470/9023 3456/4479/9026 3411/4480/9086 3412/4471/9085
s 28
f 3347/4526/9087 3443/4535/9088 3405/4527/9062 3253/4518/9061
f 3406/4536/9079 3405/4527/9062 3443/4535/9088 3440/4545/9013
f 3407/4546/9072 3406/4536/9079 3440/4545/9013 3435/4555/9012
f 3408/4556/9073 3407/4546/9072 3435/4555/9012 3479/4565/9089
f 3409/4566/9082 3408/4556/9073 3479/4565/9089 3476/4575/9045
f 3410/4576/9083 3409/4566/9082 3476/4575/9045 3471/4583/9044
s 26
f 3412/4471/9085 3411/4480/9086 3482/4487/9090 3485/4481/9047
f 3413/4462/9078 3412/4471/9085 3485/4481/9047 3486/4472/9050
f 3446/4463/9091 3414/4452/9076 3413/4462/9078 3486/4472/9050
f 3415/4443/9080 3414/4452/9076 3446/4463/9091 3449/4453/9015
f 3416/4434/9069 3415/4443/9080 3449/4453/9015 3450/4444/9018
f 3266/4424/9070 3416/4434/9069 3450/4444/9018 3348/4435/9092
s 27
f 3417/4298/8996 3418/4299/8995 3430/4291/9093 3429/4290/9056
s 26
f 3418/4441/8992 3419/4442/8991 3431/4433/9068 3430/4432/9094
s 28
f 3425/4537/9071 3424/4538/9095 3427/4529/9000 3428/4528/8999
s 27
f 3424/4315/9096 3423/4311/9055 3426/4305/9004 3427/4310/9003
f 3429/4290/9056 3430/4291/9093 3343/4283/9097 3342/4282/9060
s 26
f 3430/4432/9094 3431/4433/9068 3344/4423/9067 3343/4422/9098
s 28
f 3432/4519/9002 3433/4520/9001 3340/4512/9099 3339/4511/9063
s 27
f 3433/4304/9006 3434/4297/9005 3341/4289/9059 3340/4296/9100
s 30
f 3438/4368/9010 3439/4369/9009 3442/4361/9101 3441/4360/9065
s 28
f 3439/4554/9014 3440/4545/9013 3443/4535/9088 3442/4544/9102
s 30
f 3441/4360/9065 3442/4361/9101 3346/4353/9103 3345/4352/9066
s 28
f 3442/4544/9102 3443/4535/9088 3347/4526/9087 3346/4353/9104
s 26
f 3446/4463/9091 3445/4473/9105 3448/4464/9016 3449/4453/9015
s 30
f 3445/4385/9106 3444/4381/9074 3447/4375/9020 3448/4380/9019
s 26
f 3450/4444/9018 3451/4454/9017 3349/4366/9107 3348/4435/9092
s 30
f 3451/4374/9022 3452/4367/9021 3350/4359/9064 3349/4366/9108
s 27
f 3453/4317/9028 3454/4318/9027 3466/4313/9109 3465/4312/9058
s 26
f 3454/4469/9024 3455/4470/9023 3467/4461/9077 3466/4460/9110
s 28
f 3461/4567/9081 3460/4568/9111 3463/4558/9032 3464/4557/9031
s 27
f 3460/4327/9112 3459/4324/9057 3462/4320/9036 3463/4323/9035
s 26
f 3420/4451/8994 3421/4450/8993 3466/4460/9110 3467/4461/9077
s 27
f 3421/4307/8998 3422/4306/8997 3465/4312/9058 3466/4313/9109
f 3423/4311/9055 3424/4315/9096 3469/4319/9038 3470/4316/9037
s 28
f 3424/4538/9095 3425/4537/9071 3468/4547/9034 3469/4548/9033
s 30
f 3474/4387/9042 3475/4388/9041 3478/4383/9113 3477/4382/9075
s 28
f 3475/4582/9046 3476/4575/9045 3479/4565/9089 3478/4574/9114
f 3435/4555/9012 3436/4564/9011 3478/4574/9114 3479/4565/9089
s 30
f 3436/4377/9008 3437/4376/9007 3477/4382/9075 3478/4383/9113
s 26
f 3482/4487/9090 3481/4493/9115 3484/4488/9048 3485/4481/9047
s 30
f 3481/4397/9116 3480/4394/9084 3483/4390/9052 3484/4393/9051
f 3444/4381/9074 3445/4385/9106 3487/4389/9054 3488/4386/9053
s 26
f 3445/4473/9105 3446/4463/9091 3486/4472/9050 3487/4482/9049
f 3507/4496/9117 3506/4499/9118 3505/4502/9119 3504/4503/9120
s 46
f 3511/4246/9121 3510/4247/9122 3513/4248/9123 3512/4249/9124
f 3510/4247/9122 3509/4250/9125 3514/4251/9126 3513/4248/9123
f 3503/4253/9127 3491/4261/9128 3498/4254/9129 3512/4249/9124
f 3492/4262/9130 3501/4258/9131 3514/4251/9126 3497/4257/9132
f 3492/4262/9130 3493/4265/9133 3504/4263/9134 3501/4258/9131
s 26
f 3493/4504/9135 3494/4500/9136 3507/4496/9117 3504/4503/9120
f 3489/4495/9137 3490/4494/9138 3506/4499/9118 3507/4496/9117
s 46
f 3490/4264/9139 3491/4261/9128 3503/4253/9127 3506/4260/9140
s 28
f 3495/4600/9141 3496/4603/9142 3509/4602/9143 3508/4597/9144
s 46
f 3496/4256/9145 3497/4257/9132 3514/4251/9126 3509/4250/9125
f 3498/4254/9129 3499/4255/9146 3511/4246/9121 3512/4249/9124
s 28
f 3499/4594/9147 3500/4593/9148 3508/4597/9144 3511/4598/9149
s 46
f 3503/4253/9127 3502/4252/9150 3505/4259/9151 3506/4260/9140
f 3502/4252/9150 3501/4258/9131 3504/4263/9134 3505/4259/9151
s 28
f 3510/4601/9152 3511/4598/9149 3508/4597/9144 3509/4602/9143
s 46
f 3501/4258/9131 3502/4252/9150 3513/4248/9123 3514/4251/9126
f 3502/4252/9150 3503/4253/9127 3512/4249/9124 3513/4248/9123
s 26
f 3515/4489/9153 3516/4485/9154 3519/4484/9155 3520/4490/9156
f 3516/4485/9154 3515/4489/9153 3518/4491/9157 3517/4486/9158
f 3517/4486/9158 3518/4491/9157 3541/4497/9159 3542/4492/9160
s 27
f 3520/4329/9161 3519/4326/9162 3522/4325/9163 3521/4330/9164
f 3521/4330/9164 3522/4325/9163 3524/4328/9165 3523/4332/9166
f 3523/4332/9166 3524/4328/9165 3525/4331/9167 3526/4335/9168
s 28
f 3526/4585/9169 3525/4578/9170 3528/4577/9171 3527/4586/9172
f 3527/4586/9172 3528/4577/9171 3530/4584/9173 3529/4592/9174
f 3529/4592/9174 3530/4584/9173 3531/4591/9175 3532/4596/9176
f 3532/4596/9176 3531/4591/9175 3533/4595/9177 3534/4599/9178
s 30
f 3534/4399/9179 3533/4396/9180 3536/4395/9181 3535/4400/9182
f 3535/4400/9182 3536/4395/9181 3538/4398/9183 3537/4402/9184
f 3537/4402/9184 3538/4398/9183 3539/4401/9185 3540/4404/9186
s 26
f 3540/4501/9187 3539/4498/9188 3542/4492/9160 3541/4497/9159
s 27
f 3520/4329/9161 3521/4330/9164 3491/4333/9189 3490/4334/9190
s 28
f 3526/4585/9169 3527/4586/9172 3500/4593/9148 3499/4594/9147
s 30
f 3534/4399/9179 3535/4400/9182 3497/4257/9191 3496/4403/9192
s 26
f 3540/4501/9187 3541/4497/9159 3494/4500/9136 3493/4504/9135
f 3411/4480/9086 3456/4479/9026 3516/4485/9154 3517/4486/9158
s 30
f 3473/4391/9039 3480/4394/9084 3538/4398/9183 3536/4395/9181
s 28
f 3461/4567/9081 3410/4576/9083 3530/4584/9173 3528/4577/9171
s 27
f 3458/4321/9029 3459/4324/9057 3524/4328/9165 3522/4325/9163
s 28
f 3530/4584/9173 3410/4576/9083 3471/4583/9044 3531/4591/9175
s 26
f 3482/4487/9090 3411/4480/9086 3517/4486/9158 3542/4492/9160
f 3456/4479/9026 3457/4478/9025 3519/4484/9155 3516/4485/9154
s 27
f 3457/4322/9030 3458/4321/9029 3522/4325/9163 3519/4326/9162
f 3459/4324/9057 3460/4327/9112 3525/4331/9167 3524/4328/9165
s 28
f 3460/4568/9111 3461/4567/9081 3528/4577/9171 3525/4578/9170
f 3471/4583/9044 3472/4590/9043 3533/4595/9177 3531/4591/9175
s 30
f 3472/4392/9040 3473/4391/9039 3536/4395/9181 3533/4396/9180
f 3480/4394/9084 3481/4397/9116 3539/4401/9185 3538/4398/9183
s 26
f 3481/4493/9115 3482/4487/9090 3542/4492/9160 3539/4498/9188
f 3518/4491/9157 3515/4489/9153 3489/4495/9137 3507/4496/9117
f 3520/4490/9156 3490/4494/9138 3489/4495/9137 3515/4489/9153
s 27
f 3498/4336/9193 3491/4333/9189 3521/4330/9164 3523/4332/9166
f 3526/4335/9168 3499/4337/9194 3498/4336/9193 3523/4332/9166
s 28
f 3508/4597/9144 3500/4593/9148 3527/4586/9172 3529/4592/9174
f 3534/4599/9178 3496/4603/9142 3495/4600/9141 3532/4596/9176
s 30
f 3492/4262/9195 3497/4257/9191 3535/4400/9182 3537/4402/9184
f 3540/4404/9186 3493/4405/9196 3492/4262/9195 3537/4402/9184
s 26
f 3518/4491/9157 3507/4496/9117 3494/4500/9136 3541/4497/9159
s 28
f 3508/4597/9144 3529/4592/9174 3532/4596/9176 3495/4600/9141
g default
v 7.552675 14.150694 -6.411959
v 7.535383 14.150705 -6.404811
v 7.535393 14.168003 -6.411968
v 7.535403 14.175177 -6.429248
v 7.552683 14.167999 -6.429240
v 7.559839 14.150699 -6.429243
v 7.552680 14.151390 -7.537394
v 7.559839 14.151381 -7.520109
v 7.552679 14.168663 -7.520108
v 7.535394 14.175821 -7.520108
v 7.535394 14.168671 -7.537393
v 7.535395 14.151392 -7.544553
v 6.464844 14.151664 -6.413031
v 6.457686 14.151664 -6.430313
v 6.464850 14.168929 -6.430319
v 6.482141 14.176070 -6.430315
v 6.482133 14.168921 -6.413023
v 6.482122 14.151651 -6.405860
v 6.464509 14.151248 -7.537393
v 6.481794 14.151247 -7.544554
v 6.481792 14.168538 -7.537396
v 6.481793 14.175704 -7.520114
v 6.464511 14.168542 -7.520110
v 6.457354 14.151253 -7.520106
v 7.549502 14.164816 -6.415135
v 7.549507 14.165494 -7.534220
v 6.468025 14.165757 -6.416209
v 6.467685 14.165359 -7.534218
v 6.266442 12.653197 -6.175732
v 6.257754 12.676024 -6.206084
v 6.237592 12.642811 -6.185366
v 6.228072 12.652883 -6.214749
v 6.295957 12.675997 -6.206046
v 6.257742 12.676016 -6.245073
v 6.277512 12.596992 -6.164251
v 6.216892 12.595949 -6.225902
v 6.234645 12.596512 -6.182306
v 7.759428 12.639453 -6.174901
v 6.227546 12.639692 -7.744538
v 6.235249 10.386639 -6.182604
v 6.279567 10.386639 -6.164247
v 7.759839 12.674916 -6.204588
v 7.759052 12.594120 -6.164248
v 6.257285 12.675667 -7.744554
v 6.216893 12.594250 -7.744554
v 7.761679 14.420636 -7.723560
v 7.724146 14.418932 -7.759701
v 7.796879 12.633781 -6.185977
v 6.216891 10.386639 -6.226923
v 7.805254 12.657843 -6.214589
v 6.238677 12.634056 -7.782230
v 7.761723 14.447482 -7.759732
v 7.761217 14.428683 -7.798892
v 7.799239 14.426743 -7.759563
v 6.267269 12.658504 -7.790523
v 7.804982 12.596502 -6.183873
v 7.792510 14.428959 -7.791888
v 7.823302 12.614693 -6.224438
v 6.236592 12.596666 -7.790519
v 7.823302 14.368249 -7.759366
v 6.277057 12.615129 -7.808819
v 7.760626 14.367933 -7.822773
v 7.803273 14.385148 -7.802547
v 7.804944 10.386639 -6.182603
v 6.235249 10.386639 -7.790462
v 7.823301 10.386639 -6.226922
v 6.279568 10.386639 -7.808820
v 6.225439 10.209951 -6.474783
v 6.216891 10.252344 -6.338618
v 6.390907 10.242462 -6.164247
v 6.527415 10.209925 -6.172974
v 6.216891 10.311798 -6.427322
v 6.493101 10.312101 -6.164247
v 7.760625 10.386639 -6.164246
v 6.225121 10.188306 -6.466554
v 6.518325 10.187983 -6.172593
v 6.224914 10.221331 -6.499517
v 6.551944 10.221513 -6.172424
v 6.533854 10.204382 -6.175872
v 6.228341 10.204313 -6.481358
v 6.553582 10.213662 -6.175457
v 6.227933 10.213535 -6.501143
v 6.525983 10.183632 -6.176056
v 6.228565 10.183643 -6.473731
v 6.536550 10.199999 -6.182879
v 6.235354 10.199898 -6.484103
v 6.554397 10.208626 -6.182172
v 6.234648 10.208519 -6.501949
v 6.529200 10.179494 -6.183867
v 6.236438 10.179377 -6.476748
v 6.391263 9.416101 -6.164247
v 6.216891 9.404623 -6.338263
v 6.546487 10.092707 -6.464658
v 6.517537 10.092781 -6.493873
v 6.565010 10.099672 -6.469047
v 6.521690 10.099672 -6.512366
v 7.804945 10.386639 -7.790462
v 6.518890 9.464760 -6.172456
v 6.225224 9.463552 -6.465458
v 7.565861 10.311798 -6.164246
v 6.228626 9.468222 -6.473278
v 6.216892 10.312101 -7.546064
v 6.529388 9.472603 -6.183656
v 6.539177 10.074966 -6.460338
v 6.513460 10.075306 -6.486534
v 7.526190 10.221319 -6.172269
v 6.228104 10.213657 -7.472120
v 7.524560 10.213531 -6.175290
v 6.234825 10.208622 -7.471286
v 6.216892 10.386639 -7.746144
v 6.531499 10.071518 -6.478650
v 6.539520 10.089638 -6.486789
v 6.563025 10.094972 -6.487635
v 6.540279 10.094973 -6.510381
v 6.559689 10.093548 -6.507045
v 6.539177 9.577045 -6.460338
v 6.512982 9.577045 -6.486534
v 6.526274 9.468655 -6.175890
v 6.236271 9.472427 -6.476547
v 6.531323 9.580707 -6.478679
v 7.512474 10.099878 -6.468457
v 6.521101 10.099878 -7.459830
v 6.225070 10.221497 -7.473763
v 7.523735 10.208515 -6.182010
v 6.527242 9.442302 -6.172788
v 6.279567 9.275820 -6.164247
v 6.225606 9.442192 -6.474393
v 6.216891 9.275820 -6.226923
v 6.533947 9.447767 -6.175701
v 6.228516 9.447658 -6.481105
v 6.216891 9.345134 -6.427002
v 6.493412 9.345438 -6.164247
v 6.536747 9.452124 -6.182722
v 6.235524 9.452013 -6.483918
v 6.539441 10.095141 -7.459849
v 7.512502 10.095140 -6.486793
v 6.552166 9.430700 -6.172225
v 6.225024 9.430525 -6.499304
v 6.554593 9.443488 -6.181990
v 6.234799 9.443380 -6.501786
v 6.553788 9.438482 -6.175272
v 6.228083 9.438356 -6.500948
v 6.558298 10.093548 -7.459876
v 7.512537 10.093547 -6.505642
v 6.546487 9.559305 -6.464658
v 6.516902 9.559168 -6.494213
v 6.565010 9.552340 -6.469047
v 6.520954 9.552081 -6.513455
v 6.539312 9.562403 -6.487011
v 7.550679 10.210861 -6.172750
v 6.563025 9.557039 -6.487635
v 6.539987 9.556953 -6.511085
v 6.225613 10.210062 -7.498488
v 6.559689 9.558464 -6.507045
v 7.544271 10.204570 -6.175659
v 6.228513 10.204424 -7.491907
v 7.541597 10.199922 -6.182661
v 6.235515 10.200013 -7.489149
v 6.225229 10.188829 -7.507533
v 7.559828 10.185266 -6.172375
v 7.552218 10.182837 -6.175776
v 6.228638 10.183887 -7.499765
v 7.548990 10.179561 -6.183240
v 6.236323 10.179560 -7.496527
v 7.677273 10.249929 -6.164246
v 6.216892 10.252613 -7.634804
v 6.227919 9.438486 -7.471915
v 7.524763 9.438360 -6.175441
v 7.523931 9.443384 -6.182165
v 6.224871 9.430712 -7.473543
v 7.531357 10.091714 -6.468108
v 6.520752 10.091715 -7.478713
v 7.566173 9.345134 -6.164246
v 6.234643 9.443491 -7.471091
v 7.512474 9.552134 -6.468457
v 7.552438 9.468355 -6.175894
v 6.225097 9.463903 -7.506890
v 6.236110 9.472536 -7.496338
v 7.549177 9.472385 -6.183501
v 7.539177 10.071991 -6.467760
v 6.520404 10.071992 -7.486533
v 7.512494 9.556870 -6.486796
v 6.539437 9.556870 -7.459857
v 7.512520 9.558464 -6.505654
v 6.558286 9.558464 -7.459892
v 7.659141 9.423082 -6.164246
v 6.216892 9.404891 -7.634448
v 6.538873 10.087145 -7.478719
v 7.531366 10.087140 -6.486239
v 6.558188 10.085712 -7.478725
v 7.531374 10.085703 -6.505549
v 6.538163 10.067829 -7.486533
v 7.539177 10.067812 -6.485547
v 7.526403 9.430534 -6.172379
v 7.823302 10.386639 -7.746144
v 7.760626 10.386639 -7.808820
v 6.558094 10.066795 -7.486533
v 7.539177 10.066765 -6.505471
v 6.520404 9.580020 -7.486533
v 6.216892 9.345438 -7.545744
v 6.228471 9.468396 -7.499451
v 7.560261 9.464070 -6.172396
v 6.521101 9.552134 -7.459830
v 6.235249 9.275820 -6.182604
v 6.260486 6.249790 -6.183328
v 7.539177 9.580020 -6.467760
v 7.512505 10.093547 -7.459860
v 7.531365 10.085734 -7.459860
v 6.235358 9.452110 -7.488951
v 7.541794 9.451985 -6.182834
v 6.228343 9.447762 -7.491762
v 7.544446 9.447473 -6.175838
v 6.225433 9.442297 -7.498476
v 7.550776 9.441543 -6.172926
v 7.512505 10.085734 -7.478721
v 7.539178 10.066874 -7.459860
v 6.520757 9.560300 -7.478714
v 7.531357 9.560297 -6.468108
v 7.760625 9.275820 -6.164246
v 7.531363 9.564867 -6.486228
v 6.538885 9.564873 -7.478722
v 7.539177 9.584183 -6.485518
v 6.538191 9.584200 -7.486533
v 7.531370 9.566299 -6.505544
v 6.558193 9.566309 -7.478730
v 7.539177 9.585217 -6.505450
v 6.558115 9.585247 -7.486533
v 6.216892 9.275820 -7.746144
v 7.512505 10.066874 -7.486533
v 7.512505 9.585137 -7.486533
v 7.512505 9.558464 -7.459860
v 7.531365 9.566277 -7.459860
v 7.512505 9.566277 -7.478721
v 7.527899 10.082269 -7.475255
v 7.531365 10.066875 -7.478721
v 7.539178 9.585137 -7.459860
v 6.216167 6.250109 -6.201685
v 7.527899 9.569742 -7.475255
v 7.531365 9.585136 -7.478721
v 6.197810 6.250059 -7.746144
v 6.216167 6.250109 -7.790463
v 6.178729 3.224298 -7.746145
v 6.260486 6.249790 -7.808820
v 6.197085 3.224397 -7.790464
v 6.178729 3.224298 -6.265087
v 6.193581 3.186687 -6.220767
v 6.197085 3.224397 -6.220767
v 6.237785 3.186230 -6.202410
v 6.241405 3.223760 -6.202410
v 6.175266 3.186772 -6.265087
v 6.183185 3.150079 -6.220767
v 6.227049 3.148899 -6.202410
v 6.164995 3.150513 -6.265087
v 6.241405 3.223760 -7.808820
v 5.764725 2.112493 -6.265087
v 5.775294 2.075360 -6.220767
v 5.783121 2.112596 -6.220767
v 5.819645 2.075123 -6.202410
v 5.827358 2.112383 -6.202410
v 5.756931 2.075321 -6.265087
v 5.779672 2.037646 -6.220767
v 5.761329 2.037598 -6.265087
v 5.824194 2.036934 -6.202410
v 6.193581 3.186687 -7.790464
v 6.175266 3.186772 -7.746145
v 6.183185 3.150079 -7.790464
v 6.164996 3.150513 -7.746145
v 6.237785 3.186230 -7.808820
v 6.227049 3.148899 -7.808820
v 5.764724 2.112487 -7.746145
v 5.775290 2.075360 -7.790464
v 5.756931 2.075321 -7.746145
v 5.783111 2.112568 -7.790464
v 5.761328 2.037603 -7.746145
v 5.779664 2.037674 -7.790464
v 5.819645 2.075123 -7.808820
v 5.827358 2.112383 -7.808820
v 5.824194 2.036934 -7.808820
v 6.301299 0.141285 -7.746145
v 7.757710 1.664111 -6.202410
v 7.802025 1.664094 -6.220767
v 7.760626 1.701762 -6.202410
v 7.804945 1.701734 -6.220767
v 7.749031 1.627259 -6.202410
v 7.793337 1.627221 -6.220767
v 6.319656 0.141285 -7.790463
v 7.820407 1.664155 -6.265086
v 7.823302 1.701668 -6.265086
v 7.811792 1.627530 -6.265086
v 6.327801 0.105111 -6.228913
v 6.363975 0.141285 -6.202410
v 6.319656 0.141285 -6.220767
v 6.301299 0.141285 -6.265087
v 6.363975 0.096966 -6.220767
v 6.319656 0.096966 -6.265087
v 6.363975 0.078609 -6.265087
v 6.363975 0.141285 -7.808820
v 7.320585 0.141285 -6.220767
v 7.276267 0.141285 -6.202410
v 7.312440 0.105111 -6.228913
v 7.276267 0.096966 -6.220767
v 7.338943 0.141285 -6.265086
v 7.276267 0.078609 -6.265086
v 7.320585 0.096966 -6.265086
v 7.823302 1.701668 -7.746145
v 7.820407 1.664155 -7.746145
v 7.804945 1.701734 -7.790463
v 7.802026 1.664094 -7.790463
v 7.760626 1.701762 -7.808820
v 7.757710 1.664111 -7.808820
v 7.811792 1.627530 -7.746145
v 7.793337 1.627221 -7.790463
v 7.749031 1.627259 -7.808820
v 6.327801 0.105111 -7.782318
v 6.319656 0.096966 -7.746145
v 6.363975 0.078609 -7.746145
v 6.363975 0.096966 -7.790463
v 7.312440 0.105111 -7.782318
v 7.276267 0.141285 -7.808820
v 7.320585 0.141285 -7.790463
v 7.338943 0.141285 -7.746145
v 7.276267 0.096966 -7.790463
v 7.320585 0.096966 -7.746145
v 7.276267 0.078609 -7.746145
v 7.804944 9.275820 -6.182603
v 6.235249 9.275820 -7.790462
v 7.823301 9.275820 -6.226922
v 6.279568 9.275820 -7.808820
v 6.197810 6.250059 -6.246005
v 7.823302 9.275820 -7.746144
v 7.760626 9.275820 -7.808820
v 7.760626 6.249714 -6.183328
v 7.804945 9.275820 -7.790462
v 7.804944 6.249714 -6.201685
v 7.823301 6.249714 -6.246004
v 7.823302 6.249714 -7.746144
v 7.760626 6.249714 -7.808820
v 7.804945 6.249714 -7.790463
v 7.760626 3.223608 -6.202410
v 7.804945 3.223608 -6.220767
v 7.823302 3.223608 -6.265086
v 7.760626 3.186128 -6.202410
v 7.760626 3.148647 -6.202410
v 7.760626 3.223608 -7.808820
v 7.823302 3.223608 -7.746145
v 7.804945 3.186128 -6.220767
v 7.804945 3.148647 -6.220767
v 7.804945 3.223608 -7.790463
v 7.823302 3.186128 -6.265086
v 7.823302 3.148647 -6.265086
v 7.760626 3.186128 -7.808820
v 7.823302 3.186128 -7.746145
v 7.760626 3.148647 -7.808820
v 7.823302 3.148647 -7.746145
v 7.804945 3.186128 -7.790463
v 7.804945 3.148647 -7.790463
v 6.257294 12.675673 -7.714426
v 6.300790 12.719292 -7.744589
v 7.759898 12.721960 -6.252642
v 7.728632 12.674939 -6.204619
v 6.486395 12.889767 -6.405856
v 6.484910 12.881034 -6.404273
v 6.480716 12.873975 -6.399864
v 7.535383 12.889829 -6.404811
v 7.536888 12.881069 -6.403253
v 7.541078 12.874050 -6.398912
v 6.481794 12.894274 -7.544554
v 6.479511 12.881860 -7.547076
v 6.473259 12.872513 -7.553986
v 7.535395 13.974147 -7.544553
v 7.538976 13.965612 -7.548370
v 7.545881 13.966292 -7.555730
v 7.559839 13.975207 -7.520109
v 7.563658 13.966665 -7.523695
v 7.571023 13.967346 -7.530609
v 7.559839 12.894036 -6.429243
v 7.562344 12.881845 -6.427032
v 7.569202 12.872695 -6.420978
v 6.457689 12.889830 -6.428720
v 6.456129 12.881071 -6.427277
v 6.451775 12.874059 -6.423275
v 6.457354 12.889835 -7.520106
v 6.455793 12.881076 -7.521621
v 6.451450 12.874063 -7.525840
v 7.552674 12.889687 -6.411959
v 7.554224 12.881102 -6.410408
v 7.558522 12.874304 -6.406105
v 7.552473 13.985950 -7.537187
v 7.556225 13.977601 -7.540927
v 7.563450 13.978480 -7.548129
v 6.464844 12.889751 -6.413030
v 6.463294 12.881127 -6.411481
v 6.458996 12.874332 -6.407186
v 6.464509 12.889690 -7.537393
v 6.462956 12.881105 -7.538945
v 6.458648 12.874313 -7.543252
vt 0.236027 0.915180
vt 0.235994 0.914265
vt 0.330785 0.036722
vt 0.331116 0.036875
vt 0.345045 0.051376
vt 0.316823 0.051108
vt 0.330954 0.036555
vt 0.330791 0.036559
vt 0.347884 0.020743
vt 0.361836 0.035259
vt 0.345284 0.051625
vt 0.316523 0.051260
vt 0.347664 0.020513
vt 0.347984 0.020611
vt 0.361974 0.035165
vt 0.362077 0.035506
vt 0.347779 0.020401
vt 0.258320 0.910420
vt 0.278937 0.912593
vt 0.362196 0.035419
vt 0.347878 0.020313
vt 0.282970 0.907768
vt 0.257702 0.905158
vt 0.279267 0.912734
vt 0.257348 0.904823
vt 0.283537 0.907812
vt 0.283598 0.906958
vt 0.257436 0.904508
vt 0.257340 0.904293
vt 0.283453 0.908960
vt 0.279507 0.912985
vt 0.284339 0.906994
vt 0.257953 0.903626
vt 0.283708 0.906098
vt 0.257318 0.903620
vt 0.284422 0.907727
vt 0.281576 0.950659
vt 0.277206 0.941741
vt 0.284597 0.906204
vt 0.259195 0.865160
vt 0.286269 0.866764
vt 0.258330 0.865125
vt 0.282389 0.951294
vt 0.299744 0.068101
vt 0.299809 0.040139
vt 0.287134 0.866818
vt 0.262838 0.864026
vt 0.282767 0.865211
vt 0.259882 0.845264
vt 0.259013 0.845236
vt 0.287529 0.846258
vt 0.288407 0.846296
vt 0.263772 0.862224
vt 0.264216 0.862474
vt 0.281560 0.863502
vt 0.281991 0.863289
vt 0.261288 0.862850
vt 0.261809 0.847656
vt 0.261137 0.790109
vt 0.262013 0.790134
vt 0.284402 0.864189
vt 0.285354 0.848536
vt 0.289406 0.791029
vt 0.290283 0.791061
vt 0.263907 0.862125
vt 0.264254 0.862326
vt 0.263636 0.861807
vt 0.281539 0.863351
vt 0.282150 0.862893
vt 0.281867 0.863182
vt 0.264256 0.848434
vt 0.264068 0.848803
vt 0.263250 0.734803
vt 0.264130 0.734829
vt 0.282957 0.849497
vt 0.282848 0.849109
vt 0.291202 0.735711
vt 0.292078 0.735744
vt 0.263992 0.862000
vt 0.264278 0.862178
vt 0.263782 0.861728
vt 0.281532 0.863201
vt 0.281999 0.862793
vt 0.281774 0.863073
vt 0.264378 0.848550
vt 0.264217 0.848892
vt 0.263471 0.846648
vt 0.264727 0.848250
vt 0.263332 0.734107
vt 0.264158 0.734143
vt 0.283820 0.847385
vt 0.282801 0.849570
vt 0.282438 0.848887
vt 0.282718 0.849203
vt 0.292086 0.735078
vt 0.291224 0.735021
vt 0.281861 0.862708
vt 0.264751 0.848403
vt 0.264461 0.848673
vt 0.264328 0.848991
vt 0.263521 0.733473
vt 0.237284 0.597456
vt 0.282402 0.849037
vt 0.282625 0.849301
vt 0.282673 0.849639
vt 0.209165 0.596470
vt 0.210035 0.596610
vt 0.264761 0.848556
vt 0.237529 0.617835
vt 0.236648 0.617926
vt 0.282381 0.849188
vt 0.209398 0.617079
vt 0.208524 0.616934
vt 0.237528 0.618636
vt 0.236625 0.618621
vt 0.208475 0.617734
vt 0.209377 0.617775
vt 0.237483 0.619433
vt 0.236605 0.619317
vt 0.209355 0.618471
vt 0.208472 0.618532
vt 0.236362 0.655741
vt 0.235486 0.655621
vt 0.208226 0.654763
vt 0.207345 0.654829
vt 0.236171 0.656431
vt 0.235459 0.656505
vt 0.208198 0.655646
vt 0.207492 0.655532
vt 0.227953 0.905171
vt 0.228849 0.904899
vt 0.228924 0.905583
vt 0.228107 0.905985
vt 0.228880 0.864511
vt 0.229751 0.864534
vt 0.198988 0.936413
vt 0.199036 0.937572
vt 0.230360 0.844361
vt 0.229488 0.844332
vt 0.201200 0.863708
vt 0.198116 0.936698
vt 0.198077 0.937645
vt 0.201822 0.843426
vt 0.231124 0.789164
vt 0.232000 0.789196
vt 0.200324 0.863683
vt 0.200947 0.843397
vt 0.203732 0.788181
vt 0.232806 0.733829
vt 0.233684 0.733860
vt 0.202856 0.788150
vt 0.205721 0.732873
vt 0.232829 0.733143
vt 0.233706 0.733172
vt 0.204844 0.732842
vt 0.205746 0.732189
vt 0.232852 0.732457
vt 0.233729 0.732486
vt 0.204870 0.732157
vt 0.205770 0.731504
vt 0.233747 0.706012
vt 0.234593 0.706026
vt 0.204893 0.731473
vt 0.206677 0.705089
vt 0.233793 0.705337
vt 0.234640 0.705338
vt 0.205832 0.705046
vt 0.206676 0.704413
vt 0.233843 0.704660
vt 0.234752 0.704602
vt 0.205832 0.704357
vt 0.206673 0.703736
vt 0.234834 0.675951
vt 0.235715 0.675877
vt 0.205770 0.703617
vt 0.207584 0.675058
vt 0.234864 0.675067
vt 0.235568 0.675181
vt 0.206711 0.674926
vt 0.207612 0.674176
vt 0.206906 0.674242
vt 0.582303 0.051503
vt 0.582666 0.051599
vt 0.579167 0.056765
vt 0.578716 0.056643
vt 0.581685 0.050400
vt 0.582827 0.051153
vt 0.593089 0.053954
vt 0.593917 0.060233
vt 0.579040 0.056921
vt 0.578644 0.056796
vt 0.593106 0.053517
vt 0.593514 0.053944
vt 0.594372 0.060342
vt 0.593957 0.060427
vt 0.593527 0.053468
vt 0.594422 0.060523
vt 0.561497 0.049418
vt 0.561506 0.049279
vt 0.561680 0.049497
vt 0.561657 0.049578
vt 0.551163 0.044525
vt 0.551276 0.044432
vt 0.562737 0.044023
vt 0.563137 0.044221
vt 0.550987 0.044507
vt 0.551024 0.044428
vt 0.554393 0.040223
vt 0.562842 0.043685
vt 0.563246 0.043855
vt 0.553988 0.040056
vt 0.554573 0.039930
vt 0.563017 0.043334
vt 0.563398 0.043492
vt 0.554186 0.039744
vt 0.554715 0.039575
vt 0.569840 0.026918
vt 0.570177 0.027053
vt 0.554349 0.039399
vt 0.561891 0.023567
vt 0.569986 0.026582
vt 0.570288 0.026764
vt 0.561561 0.023423
vt 0.562033 0.023224
vt 0.561687 0.023117
vt 0.316890 0.023003
vt 0.317133 0.022760
vt 0.330633 0.036398
vt 0.330478 0.036556
vt 0.316649 0.022759
vt 0.316892 0.022542
vt 0.316584 0.050862
vt 0.302766 0.037262
vt 0.302521 0.037022
vt 0.302523 0.037504
vt 0.316351 0.051103
vt 0.302308 0.037264
vt 0.282408 0.952035
vt 0.230583 0.980897
vt 0.228989 0.980402
vt 0.230374 0.979488
vt 0.277007 0.942120
vt 0.229521 0.908217
vt 0.237919 0.964546
vt 0.229644 0.906733
vt 0.229948 0.905942
vt 0.230655 0.906953
vt 0.257017 0.905166
vt 0.257263 0.904516
vt 0.236107 0.913649
vt 0.256458 0.910536
vt 0.257497 0.910403
vt 0.580282 0.050542
vt 0.578343 0.056452
vt 0.580500 0.050215
vt 0.578296 0.056600
vt 0.561862 0.049656
vt 0.563553 0.044347
vt 0.580715 0.049885
vt 0.581108 0.049942
vt 0.563665 0.043998
vt 0.561789 0.049792
vt 0.563780 0.043649
vt 0.586931 0.033372
vt 0.587256 0.033492
vt 0.581402 0.050339
vt 0.581466 0.050018
vt 0.561600 0.049573
vt 0.570515 0.027187
vt 0.587065 0.033022
vt 0.587354 0.033136
vt 0.587582 0.033613
vt 0.586514 0.052463
vt 0.586706 0.052153
vt 0.570646 0.026833
vt 0.587670 0.033243
vt 0.592933 0.035368
vt 0.592994 0.035003
vt 0.535554 0.036537
vt 0.538068 0.031952
vt 0.538394 0.032087
vt 0.535825 0.036746
vt 0.538509 0.031772
vt 0.538169 0.031577
vt 0.553622 0.039832
vt 0.550808 0.044381
vt 0.535747 0.036869
vt 0.535462 0.036650
vt 0.553804 0.039528
vt 0.538316 0.031232
vt 0.538603 0.031442
vt 0.550755 0.044516
vt 0.553983 0.039221
vt 0.537836 0.031389
vt 0.538018 0.031052
vt 0.545280 0.015618
vt 0.545613 0.015748
vt 0.551026 0.044526
vt 0.561231 0.023280
vt 0.533008 0.029374
vt 0.533083 0.029047
vt 0.544946 0.015490
vt 0.545442 0.015223
vt 0.545788 0.015393
vt 0.561392 0.022956
vt 0.539842 0.013586
vt 0.545095 0.015096
vt 0.539979 0.013377
vt 0.235427 0.657388
vt 0.236200 0.656664
vt 0.236310 0.657411
vt 0.208174 0.656528
vt 0.234890 0.674183
vt 0.235773 0.674217
vt 0.207644 0.673295
vt 0.207291 0.656495
vt 0.207450 0.655760
vt 0.235613 0.674956
vt 0.206762 0.673273
vt 0.206874 0.674016
vt 0.302281 0.037748
vt 0.316120 0.051348
vt 0.302035 0.037493
vt 0.299882 0.067908
vt 0.299982 0.040073
vt 0.299897 0.039677
vt 0.300070 0.068210
vt 0.299746 0.034809
vt 0.299972 0.068341
vt 0.299610 0.068305
vt 0.299884 0.068485
vt 0.256689 0.903620
vt 0.257464 0.865091
vt 0.229847 0.904927
vt 0.258144 0.845209
vt 0.230622 0.864558
vt 0.256047 0.847664
vt 0.255542 0.862447
vt 0.260262 0.790077
vt 0.234184 0.863275
vt 0.253631 0.863662
vt 0.253720 0.848468
vt 0.253571 0.848073
vt 0.253078 0.861791
vt 0.253274 0.861396
vt 0.262369 0.734764
vt 0.231231 0.844388
vt 0.232876 0.789225
vt 0.234510 0.861458
vt 0.234938 0.861646
vt 0.252606 0.861990
vt 0.253446 0.848178
vt 0.253572 0.848533
vt 0.253114 0.847868
vt 0.254224 0.846349
vt 0.252959 0.861675
vt 0.253126 0.861313
vt 0.234563 0.733889
vt 0.262452 0.734078
vt 0.234728 0.845754
vt 0.232991 0.847121
vt 0.232202 0.862116
vt 0.234365 0.861001
vt 0.234631 0.861345
vt 0.234971 0.861496
vt 0.252579 0.861836
vt 0.253080 0.848020
vt 0.235404 0.847335
vt 0.234585 0.733202
vt 0.262664 0.733400
vt 0.234955 0.847519
vt 0.234768 0.847921
vt 0.234518 0.860962
vt 0.235429 0.847489
vt 0.234607 0.732515
vt 0.270589 0.714656
vt 0.271465 0.714713
vt 0.235071 0.847637
vt 0.234921 0.848004
vt 0.235440 0.706039
vt 0.270752 0.713979
vt 0.271636 0.714013
vt 0.235498 0.705343
vt 0.270691 0.713278
vt 0.271574 0.713301
vt 0.235660 0.704664
vt 0.261919 0.678230
vt 0.262798 0.678237
vt 0.245203 0.677690
vt 0.261953 0.677351
vt 0.262683 0.677502
vt 0.244325 0.677637
vt 0.245227 0.676811
vt 0.244490 0.676912
vt 0.170272 0.903902
vt 0.170312 0.903170
vt 0.171114 0.903531
vt 0.170845 0.904368
vt 0.171507 0.862780
vt 0.172384 0.862807
vt 0.197269 0.936359
vt 0.197159 0.937551
vt 0.172143 0.842448
vt 0.173020 0.842477
vt 0.199448 0.863656
vt 0.173689 0.787131
vt 0.174567 0.787156
vt 0.200072 0.843368
vt 0.175310 0.731799
vt 0.176187 0.731818
vt 0.201980 0.788119
vt 0.176145 0.731128
vt 0.175272 0.731118
vt 0.203967 0.732811
vt 0.203992 0.732126
vt 0.175973 0.730438
vt 0.175103 0.730453
vt 0.204017 0.731441
vt 0.168457 0.711208
vt 0.169335 0.711211
vt 0.204986 0.705001
vt 0.169219 0.710524
vt 0.168334 0.710501
vt 0.204976 0.704304
vt 0.168444 0.709792
vt 0.169327 0.709828
vt 0.204861 0.703616
vt 0.179583 0.675399
vt 0.180461 0.675452
vt 0.197179 0.676051
vt 0.179749 0.674671
vt 0.180488 0.674572
vt 0.197215 0.675172
vt 0.198058 0.676058
vt 0.197944 0.675324
vt 0.532181 0.042048
vt 0.532331 0.041983
vt 0.532304 0.042364
vt 0.532164 0.042416
vt 0.532858 0.029662
vt 0.532998 0.029742
vt 0.537260 0.040439
vt 0.537322 0.040770
vt 0.537729 0.031740
vt 0.537606 0.040390
vt 0.537681 0.040731
vt 0.538068 0.031829
vt 0.549811 0.006630
vt 0.549605 0.006936
vt 0.546340 0.002816
vt 0.546531 0.002489
vt 0.550001 0.006837
vt 0.549828 0.007143
vt 0.545308 0.014723
vt 0.540184 0.013181
vt 0.550276 0.006991
vt 0.550112 0.007318
vt 0.545632 0.014846
vt 0.540028 0.013171
vt 0.546255 0.002680
vt 0.565581 0.014587
vt 0.565417 0.014914
vt 0.545965 0.015037
vt 0.565857 0.014769
vt 0.565746 0.015075
vt 0.561553 0.022631
vt 0.561883 0.022800
vt 0.291244 0.734333
vt 0.264185 0.733459
vt 0.292079 0.734411
vt 0.238162 0.597370
vt 0.362137 0.035115
vt 0.362334 0.035355
vt 0.348043 0.020453
vt 0.299650 0.040041
vt 0.316406 0.022516
vt 0.302276 0.036781
vt 0.316651 0.022271
vt 0.302033 0.037039
vt 0.299966 0.034500
vt 0.299969 0.006203
vt 0.300155 0.005902
vt 0.299872 0.034882
vt 0.299792 0.034436
vt 0.299830 0.006016
vt 0.300058 0.005773
vt 0.299697 0.005818
vt 0.299969 0.005628
vt 0.299623 0.039706
vt 0.299634 0.034535
vt 0.317377 0.022518
vt 0.330790 0.036242
vt 0.317135 0.022271
vt 0.333968 0.006397
vt 0.347373 0.020212
vt 0.333731 0.006149
vt 0.347509 0.020118
vt 0.334067 0.006263
vt 0.333821 0.006033
vt 0.347671 0.020066
vt 0.334122 0.006103
vt 0.333889 0.005898
vt 0.316376 0.051587
vt 0.317067 0.051356
vt 0.238232 0.965174
vt 0.281413 0.951531
vt 0.228878 0.981692
vt 0.299604 0.034850
vt 0.299769 0.039751
vt 0.578603 0.056790
vn 0.007032 0.999954 0.006568
vn -0.006269 0.999959 0.006540
vn -0.003730 0.924075 0.382193
vn 0.004563 0.924065 0.382209
vn 0.003564 0.382224 0.924063
vn -0.004728 0.382236 0.924053
vn -0.007678 0.005574 0.999955
vn 0.005675 0.005574 0.999968
vn 0.999893 0.009585 0.011065
vn 0.999951 0.009820 -0.001640
vn 0.924158 0.381993 -0.003771
vn 0.924158 0.381988 0.004242
vn 0.382654 0.923881 0.004562
vn 0.382646 0.923889 -0.003454
vn 0.007016 0.999956 -0.006293
vn 0.001706 0.009810 -0.999950
vn -0.011433 0.009579 -0.999889
vn -0.004195 0.382194 -0.924073
vn 0.004095 0.382197 -0.924072
vn 0.004039 0.924084 -0.382167
vn -0.004255 0.924079 -0.382178
vn -0.006288 0.999960 -0.006308
vn -0.381851 0.924214 -0.004211
vn -0.381840 0.924221 0.003803
vn -0.923963 0.382460 0.004149
vn -0.923968 0.382451 -0.003867
vn -0.999966 0.005562 -0.006127
vn -0.999962 0.005570 0.006727
vn 0.887952 0.324755 0.325693
vn 0.923933 0.003472 0.382539
vn 0.381604 0.003465 0.924319
vn 0.324836 0.324816 0.888243
vn 0.325852 0.887455 0.325951
vn 0.325137 0.325272 -0.887966
vn 0.386353 0.023334 -0.922056
vn 0.922085 0.023419 -0.386278
vn 0.888044 0.325221 -0.324977
vn 0.325157 0.888140 -0.324777
vn -0.325566 0.325796 0.887617
vn -0.346529 0.002563 0.938036
vn -0.917530 0.003860 0.397648
vn -0.887752 0.325850 0.325144
vn -0.324576 0.888382 0.324698
vn -0.888022 0.325081 -0.325176
vn -0.924121 0.003467 -0.382085
vn -0.382361 0.003474 -0.924006
vn -0.325340 0.325062 -0.887969
vn -0.325465 0.887721 -0.325613
vn -0.407347 0.807358 0.426899
vn -0.442707 0.785398 0.432622
vn -0.006678 0.719947 0.693997
vn -0.002918 0.706009 0.708196
vn -0.702848 0.711310 0.006544
vn -0.710276 0.703919 0.002576
vn -0.011760 0.005400 0.999916
vn -0.009370 0.210438 0.977562
vn -0.371678 0.101450 0.922802
vn -0.385174 0.001570 0.922843
vn -0.927853 0.098781 0.359626
vn -0.978498 0.206058 0.009011
vn -0.999920 0.005315 0.011516
vn -0.925149 0.001641 0.379600
vn 0.010227 0.396092 0.918154
vn 0.012682 0.004878 0.999908
vn -0.920644 0.390280 -0.009856
vn -0.710554 0.703630 -0.004278
vn -0.999912 0.004793 -0.012416
vn -0.924629 -0.000159 0.380870
vn -0.999858 -0.000031 0.016838
vn -0.017346 -0.000037 0.999850
vn -0.384474 -0.000194 0.923136
vn 0.017905 -0.000023 0.999840
vn 0.202495 0.720596 0.663127
vn 0.004190 0.705554 0.708644
vn 0.340758 0.443422 0.829012
vn 0.387322 0.003200 0.921939
vn -0.040194 0.671350 0.740050
vn -0.028569 0.673884 0.738285
vn 0.402022 0.605786 0.686587
vn 0.406204 0.609733 0.680605
vn -0.665904 0.718337 -0.201402
vn -0.833540 0.436379 -0.338798
vn -0.697746 0.602953 -0.386781
vn -0.750363 0.658357 0.059353
vn 0.082972 0.994835 -0.058468
vn 0.073687 0.995027 -0.067016
vn -0.921724 0.003252 -0.387834
vn 0.999969 0.002822 0.007391
vn 0.869973 0.324407 0.371359
vn 0.851664 0.231638 0.470118
vn 0.917590 0.002310 0.397522
vn 0.999692 0.019440 -0.015433
vn 0.878969 0.328350 0.345832
vn -0.472822 0.234496 -0.849383
vn -0.383323 0.316896 -0.867549
vn -0.010875 0.000544 -0.999941
vn -0.397786 0.002342 -0.917475
vn -0.356543 0.320928 -0.877429
vn 0.012816 0.017656 -0.999762
vn 0.257989 0.325589 -0.909634
vn 0.403999 0.002526 -0.914756
vn 0.916639 0.004402 -0.399693
vn 0.911676 0.334724 -0.238340
vn 0.386176 0.000268 0.922425
vn -0.922280 0.000278 -0.386523
vn -0.999848 -0.000012 -0.017443
vn 0.999957 -0.000002 0.009292
vn 0.920022 -0.000077 0.391866
vn -0.011977 -0.001621 -0.999927
vn -0.392015 -0.000076 -0.919959
vn -0.999741 0.003113 -0.022538
vn -0.999177 -0.035448 -0.019701
vn -0.997113 0.002735 -0.075885
vn 0.019635 -0.035305 0.999184
vn 0.022989 0.003070 0.999731
vn 0.076612 0.003318 0.997056
vn -0.999651 -0.026350 0.001987
vn -0.994692 -0.102888 0.001417
vn -0.001961 -0.028021 0.999605
vn -0.001853 -0.103425 0.994636
vn 0.235399 -0.232949 0.943569
vn 0.003166 -0.360307 0.932828
vn 0.415034 -0.002570 0.909802
vn -0.943705 -0.232791 -0.235008
vn -0.932780 -0.360429 -0.003535
vn -0.910397 -0.003193 -0.413724
vn 0.922955 -0.340406 0.179658
vn 0.806997 -0.311945 0.501444
vn 0.923241 -0.015162 0.383922
vn 0.997957 -0.017738 0.061371
vn -0.382751 -0.016246 -0.923709
vn -0.495326 -0.310792 -0.811209
vn -0.179603 -0.344037 -0.921619
vn -0.061226 -0.018119 -0.997959
vn 0.007351 -0.931902 0.362636
vn 0.006473 -0.800285 0.599585
vn 0.332873 -0.735545 0.590058
vn 0.398174 -0.849795 0.345407
vn -0.591014 -0.735492 -0.331292
vn -0.599558 -0.800302 -0.006855
vn -0.362615 -0.931909 -0.007452
vn -0.344985 -0.851376 -0.395151
vn 0.023255 -0.002900 0.999725
vn 0.076910 -0.003077 0.997033
vn -0.999733 -0.003223 -0.022886
vn -0.997085 -0.003218 -0.076236
vn 0.926740 -0.349786 0.137123
vn 0.999724 -0.009513 0.021477
vn -0.137598 -0.353598 -0.925222
vn -0.021400 -0.009840 -0.999723
vn 0.007243 -0.937277 0.348511
vn 0.392790 -0.860892 0.323390
vn -0.348495 -0.937282 -0.007372
vn -0.322854 -0.862516 -0.389656
vn 0.917501 -0.000846 -0.397732
vn 0.999894 -0.000031 -0.014541
vn 0.400919 -0.002262 -0.916111
vn 0.012669 -0.001684 -0.999918
vn 0.415147 0.003358 0.909748
vn -0.910616 0.002305 -0.413248
vn 0.001735 -0.029745 0.999556
vn 0.001932 -0.103950 0.994581
vn -0.383574 0.015142 -0.923386
vn -0.061499 0.018101 -0.997943
vn -0.999648 -0.026456 -0.002061
vn -0.994683 -0.102974 -0.001636
vn 0.997961 0.018080 0.061206
vn 0.923389 0.015483 0.383554
vn -0.003327 -0.360101 0.932907
vn -0.932785 -0.360419 0.003132
vn -0.006811 -0.800169 0.599736
vn -0.007463 -0.931896 0.362648
vn -0.362663 -0.931892 0.007283
vn -0.599587 -0.800284 0.006485
vn 0.922406 -0.018509 -0.385777
vn 0.860123 -0.450712 -0.238846
vn 0.392707 -0.018120 -0.919485
vn 0.241728 -0.454889 -0.857114
vn 0.004915 -0.988230 0.152897
vn 0.093422 -0.991408 -0.091553
vn -0.152900 -0.988230 -0.004872
vn -0.001299 -0.999998 0.001297
vn 0.999719 0.009842 0.021548
vn -0.021421 0.009672 -0.999724
vn 0.392452 0.018472 -0.919587
vn 0.922360 0.018286 -0.385899
vn -0.008264 -0.937043 0.349117
vn -0.349132 -0.937039 0.008099
vn -0.015808 -0.006058 0.999857
vn 0.019838 0.035841 0.999161
vn -0.999045 0.038981 -0.019753
vn -0.999856 0.006091 0.015846
vn 0.236684 0.234073 0.942969
vn -0.945153 0.233408 -0.228488
vn -0.999618 0.027558 0.002040
vn -0.994114 0.108329 0.001538
vn -0.001866 0.029161 0.999573
vn -0.001515 0.108700 0.994074
vn 0.923132 0.340515 0.178542
vn 0.810882 0.308197 0.497480
vn -0.183095 0.347908 -0.919476
vn -0.512513 0.307987 -0.801545
vn -0.163300 -0.986541 0.008319
vn -0.008323 -0.986539 0.163316
vn 0.003594 0.363801 0.931470
vn -0.931499 0.363730 -0.003191
vn 0.007514 0.931922 0.362580
vn 0.398161 0.850062 0.344763
vn 0.332152 0.736668 0.589063
vn 0.006876 0.801112 0.598475
vn -0.590815 0.735526 -0.331570
vn -0.347134 0.852285 -0.391290
vn -0.362686 0.931882 -0.007384
vn -0.598532 0.801073 -0.006510
vn -0.001550 -0.999966 0.008090
vn -0.008093 -0.999966 0.001548
vn 0.926778 0.350173 0.135870
vn -0.140805 0.357651 -0.923179
vn 0.007406 0.937283 0.348490
vn 0.392641 0.861293 0.322503
vn -0.348519 0.937273 -0.007294
vn -0.324373 0.863788 -0.385555
vn 0.859440 0.449957 -0.242695
vn 0.238953 0.457622 -0.856437
vn -0.021830 -0.035026 0.999148
vn 0.004964 0.988247 0.152787
vn 0.089460 0.991435 -0.095155
vn -0.153429 0.988147 -0.004992
vn -0.999126 -0.036954 0.019533
vn -0.001302 0.999998 0.001295
vn -0.241786 -0.220045 0.945050
vn -0.945858 -0.230912 0.228106
vn -0.325711 -0.731902 0.598525
vn -0.386821 -0.854542 0.346594
vn -0.592324 -0.734643 0.330837
vn -0.347152 -0.854354 0.386737
vn -0.997116 0.003123 0.075833
vn -0.914066 -0.002310 0.405559
vn -0.089425 0.003010 0.995989
vn -0.406340 -0.003878 0.913714
vn -0.915885 -0.014406 0.401182
vn -0.812103 -0.304196 0.497949
vn -0.919184 -0.349579 0.181371
vn -0.998001 -0.018776 0.060350
vn -0.182758 -0.349705 0.918861
vn -0.511467 -0.309591 0.801595
vn -0.390737 -0.015576 0.920371
vn -0.060758 -0.018445 0.997982
vn -0.024402 0.002789 0.999698
vn -0.999740 0.003241 0.022588
vn -0.598500 0.801094 0.006893
vn -0.362647 0.931897 0.007451
vn -0.003050 0.363696 0.931513
vn 0.002067 0.109476 0.993987
vn -0.007288 0.931907 0.362624
vn -0.006454 0.801047 0.598567
vn -0.994124 0.108241 -0.001319
vn -0.931491 0.363748 0.003590
vn -0.999621 0.027446 -0.001969
vn -0.388171 -0.859597 0.332289
vn -0.332943 -0.859425 0.387992
vn -0.922035 -0.351570 0.162020
vn -0.999287 -0.008722 0.036742
vn -0.162747 -0.351364 0.921985
vn -0.036754 -0.008404 0.999289
vn 0.001790 0.031247 0.999510
vn -0.349142 0.937033 0.008268
vn -0.008099 0.937038 0.349134
vn -0.406443 0.002738 0.913672
vn -0.088862 -0.002679 0.996040
vn -0.997100 -0.002863 0.076053
vn -0.913979 0.003147 0.405750
vn -0.060597 0.018783 0.997986
vn -0.390169 0.015956 0.920605
vn -0.997969 0.018413 0.060980
vn -0.915434 0.015191 0.402181
vn -0.008319 0.986541 0.163302
vn -0.164956 0.986266 0.008284
vn -0.008091 0.999966 0.001549
vn -0.001591 0.999966 0.008092
vn -0.027255 -0.002913 0.999624
vn -0.999735 -0.003097 0.022816
vn -0.148179 -0.909383 0.388673
vn -0.388871 -0.909299 0.148172
vn -0.999289 0.008399 0.036756
vn -0.001407 -0.923609 0.383332
vn -0.383640 -0.923482 0.001406
vn -0.057786 -0.372975 0.926040
vn -0.001984 -0.013990 0.999900
vn -0.926148 -0.372690 0.057894
vn -0.999900 -0.013991 0.002002
vn -0.000482 -0.381987 0.924168
vn -0.000018 -0.015533 0.999879
vn -0.924271 -0.381736 0.000478
vn -0.999879 -0.015534 0.000018
vn -0.036741 0.008726 0.999287
vn -0.011885 -0.006230 0.999910
vn -0.382688 -0.002500 0.923874
vn -0.382704 -0.003413 0.923865
vn -0.008003 -0.999936 0.007997
vn -0.004976 -0.923873 0.382668
vn -0.382971 -0.923747 0.004975
vn -0.181427 0.349786 0.919094
vn -0.504215 0.307176 0.807100
vn -0.918948 0.349612 0.182498
vn -0.805103 0.308725 0.506456
vn -0.589311 0.736639 0.331777
vn -0.346414 0.854581 0.386897
vn -0.329414 0.734011 0.593898
vn -0.386766 0.854353 0.347122
vn -0.944190 0.234084 0.231754
vn -0.999093 0.037749 0.019684
vn -0.236651 0.227486 0.944588
vn -0.024969 0.035023 0.999075
vn -0.004958 -0.381526 0.924345
vn -0.007924 -0.015501 0.999848
vn -0.999849 -0.015496 0.007923
vn -0.924446 -0.381282 0.004949
vn 0.015946 -0.006139 0.999854
vn -0.332287 0.859612 0.388139
vn -0.388039 0.859403 0.332945
vn -0.999857 0.006164 -0.015745
vn -0.162014 0.351581 0.922032
vn -0.921993 0.351342 0.162751
vn -0.388665 0.909387 0.148171
vn -0.148126 0.909285 0.388921
vn -0.926055 0.372934 0.057815
vn -0.999900 0.013989 0.001999
vn -0.057921 0.372719 0.926135
vn -0.001989 0.013990 0.999900
vn -0.383363 0.923597 0.001406
vn -0.001404 0.923464 0.383682
vn -0.924146 0.382040 0.000481
vn -0.999879 0.015535 0.000018
vn -0.000478 0.381721 0.924277
vn -0.000018 0.015533 0.999879
vn -0.007924 0.015496 0.999849
vn -0.004949 0.381267 0.924452
vn -0.007998 0.999936 0.008003
vn -0.382699 0.923860 0.004975
vn -0.924323 0.381580 0.004957
vn -0.999848 0.015502 0.007923
vn -0.004976 0.923730 0.383012
vn -0.325264 -0.887929 0.325247
vn -0.887938 -0.325243 0.325243
vn -0.924279 -0.009731 0.381593
vn -0.325206 -0.325286 0.887936
vn -0.381598 -0.009732 0.924277
vn -0.325260 0.887928 0.325254
vn -0.325228 0.325303 0.887921
vn -0.381598 0.009732 0.924277
vn -0.887933 0.325245 0.325256
vn -0.924279 0.009730 0.381594
vn -0.999902 0.007353 -0.011930
vn -0.999910 0.006306 -0.011885
vn -0.923868 0.005826 -0.382666
vn -0.923870 0.006780 -0.382647
vn -0.382650 0.002845 -0.923889
vn -0.382659 0.002413 -0.923887
vn -0.011884 0.000075 -0.999929
vn -0.011786 0.000087 -0.999931
vn -0.911229 0.166169 0.376896
vn -0.923880 0.004392 0.382658
vn -0.999903 0.007275 0.011842
vn -0.983019 0.183105 0.012099
vn -0.010453 0.001870 0.999944
vn -0.011806 -0.006136 0.999912
vn -0.382717 -0.002906 0.923861
vn -0.381798 0.075865 0.921127
vn -0.871320 0.332525 0.360872
vn -0.934041 0.356961 0.012077
vn -0.378635 0.145072 0.914106
vn -0.005733 0.002183 0.999981
vn -0.922963 0.043839 0.382385
vn -0.871649 0.331481 0.361037
vn -0.934888 0.354792 0.010323
vn -0.998909 0.045253 0.011573
vn -0.011060 0.000523 0.999939
vn -0.011263 0.004292 0.999927
vn -0.378745 0.142793 0.914419
vn -0.382321 0.015175 0.923905
vn -0.380489 -0.106726 0.918607
vn -0.022534 -0.006358 0.999726
vn -0.962542 -0.270915 0.010859
vn -0.894089 -0.251908 0.370335
vn -0.911234 0.166163 -0.376886
vn -0.983019 0.183105 -0.012100
vn -0.871324 0.332529 -0.360859
vn -0.934041 0.356961 -0.012077
vn -0.010452 0.001870 -0.999944
vn -0.381779 0.075860 -0.921135
vn -0.005734 0.002183 -0.999981
vn -0.378615 0.145066 -0.914115
vn -0.922993 0.043834 -0.382313
vn -0.998909 0.045253 -0.011565
vn -0.934888 0.354793 -0.010326
vn -0.871655 0.331484 -0.361022
vn -0.962542 -0.270915 -0.010862
vn -0.894090 -0.251907 -0.370333
vn -0.011057 0.000522 -0.999939
vn -0.382278 0.015174 -0.923923
vn -0.378723 0.142785 -0.914429
vn -0.011266 0.004293 -0.999927
vn -0.380478 -0.106723 -0.918612
vn -0.022540 -0.006360 -0.999726
vn -0.960959 -0.276423 -0.012208
vn -0.893436 -0.255759 -0.369269
vn 0.013325 -0.000027 0.999911
vn 0.009910 -0.001611 0.999950
vn 0.382069 -0.056636 0.922397
vn 0.382677 -0.000719 0.923882
vn 0.013683 -0.004333 0.999897
vn 0.379923 -0.119832 0.917223
vn -0.379718 -0.111723 -0.918331
vn -0.010138 -0.008739 -0.999910
vn 0.923875 -0.001839 0.382690
vn 0.914022 -0.144861 0.378919
vn 0.988108 -0.153317 0.011720
vn 0.999926 -0.001949 0.012019
vn 0.886763 -0.280581 0.367323
vn 0.953431 -0.301425 0.010637
vn -0.010138 -0.008740 0.999910
vn -0.379728 -0.111725 0.918327
vn -0.325253 -0.325274 0.887923
vn -0.011991 -0.381312 0.924369
vn -0.887921 -0.325266 0.325267
vn -0.893436 -0.255759 0.369270
vn -0.960959 -0.276423 0.012208
vn -0.924201 -0.381833 0.007487
vn -0.018999 -0.999749 0.011843
vn -0.011992 -0.924367 0.381315
vn -0.325269 -0.887920 0.325267
vn -0.381835 -0.924200 0.007487
vn 0.325262 -0.325256 0.887926
vn 0.378983 -0.124865 0.916941
vn 0.007738 -0.008249 0.999936
vn 0.011991 -0.381312 0.924369
vn 0.952112 -0.305510 0.012143
vn 0.886453 -0.283045 0.366179
vn 0.887917 -0.325271 0.325272
vn 0.924201 -0.381833 0.007487
vn 0.325271 -0.887917 0.325274
vn 0.011991 -0.924367 0.381316
vn 0.018999 -0.999749 0.011843
vn 0.381835 -0.924200 0.007487
vn 0.923878 -0.001839 -0.382681
vn 0.999926 -0.001949 -0.012019
vn 0.988108 -0.153317 -0.011720
vn 0.914027 -0.144860 -0.378906
vn 0.013325 -0.000027 -0.999911
vn 0.382675 -0.000719 -0.923883
vn 0.382065 -0.056635 -0.922398
vn 0.009908 -0.001611 -0.999950
vn 0.953431 -0.301425 -0.010637
vn 0.886767 -0.280578 -0.367315
vn 0.379922 -0.119831 -0.917224
vn 0.013683 -0.004333 -0.999897
vn -0.887917 -0.325271 -0.325272
vn -0.924201 -0.381833 -0.007487
vn -0.325268 -0.325270 -0.887919
vn -0.011992 -0.381312 -0.924369
vn -0.018999 -0.999749 -0.011843
vn -0.381835 -0.924200 -0.007487
vn -0.325269 -0.887917 -0.325275
vn -0.011991 -0.924366 -0.381319
vn 0.007738 -0.008249 -0.999936
vn 0.378982 -0.124864 -0.916942
vn 0.325270 -0.325253 -0.887924
vn 0.011992 -0.381312 -0.924369
vn 0.887916 -0.325273 -0.325274
vn 0.886457 -0.283042 -0.366171
vn 0.952112 -0.305510 -0.012143
vn 0.924201 -0.381833 -0.007487
vn 0.018999 -0.999749 -0.011843
vn 0.011992 -0.924366 -0.381319
vn 0.325269 -0.887917 -0.325275
vn 0.381835 -0.924200 -0.007487
vn -0.923881 0.002493 0.382672
vn 0.382683 -0.004263 0.923870
vn -0.923871 0.004260 -0.382681
vn 0.923878 -0.001763 0.382683
vn 0.999930 -0.000055 0.011858
vn -0.011913 0.000055 -0.999929
vn -0.382671 0.001767 -0.923883
vn -0.999910 0.006231 0.011884
vn -0.923881 0.003413 0.382666
vn 0.999931 0.000000 -0.011792
vn 0.011979 0.000000 -0.999928
vn 0.011885 -0.006305 0.999910
vn 0.923880 0.000000 -0.382682
vn 0.382681 0.000000 -0.923880
vn 0.382679 -0.005826 0.923863
vn 0.923876 -0.002413 0.382684
vn 0.999929 -0.000075 0.011885
vn 0.999929 0.000000 -0.011885
vn 0.011885 0.000000 -0.999929
vn 0.923882 0.000000 -0.382677
vn 0.382682 0.000000 -0.923880
vn 0.011829 -0.006228 0.999911
vn 0.382679 -0.005754 0.923863
vn 0.923876 -0.002384 0.382684
vn 0.999930 -0.000074 0.011872
vn 0.011707 0.000000 0.999932
vn 0.011762 0.000000 0.999931
vn 0.011812 0.000000 -0.999930
vn 0.999928 0.000000 -0.011959
vn 0.382685 0.000000 0.923879
vn 0.382677 0.000000 0.923882
vn 0.382682 0.000000 -0.923880
vn 0.923884 0.000000 -0.382672
vn 0.923879 0.000000 0.382685
vn 0.999928 0.000000 0.012034
vn 0.923879 0.000000 0.382685
vn 0.999928 0.000000 0.012033
vn 0.011707 0.000000 -0.999932
vn 0.999928 0.000000 -0.012033
vn 0.011761 0.000000 -0.999931
vn 0.999928 0.000000 -0.012033
vn 0.382670 0.000000 -0.923885
vn 0.923883 0.000000 -0.382676
vn 0.382675 0.000000 -0.923883
vn 0.923882 0.000000 -0.382677
vn -0.703825 0.597111 -0.384823
vn -0.748923 0.661019 0.046570
vn 0.005731 0.001371 0.999983
vn 0.381994 0.001704 0.924163
vn 0.923492 0.002877 0.383608
vn 0.999262 0.012685 0.036258
vn 0.999996 0.002359 0.001529
vn 0.920993 -0.000790 -0.389579
vn 0.389633 -0.000792 -0.920970
vn -0.001574 0.002322 -0.999996
vn -0.999976 0.001363 0.006788
vn -0.917243 0.001883 0.398324
vn -0.346303 0.001239 0.938122
vn -0.007648 0.001357 0.999970
vn -0.038386 0.013008 -0.999178
vn -0.383479 0.002943 -0.923545
vn -0.923964 0.001707 -0.382477
vn -0.999980 0.001364 -0.006180
vn -0.079735 0.738974 0.668999
vn -0.001635 0.697645 0.716442
vn -0.665413 0.741432 0.086627
vn -0.715837 0.698266 0.001395
vn -0.435906 0.611905 0.659969
vn -0.726442 0.508900 0.461848
vn -0.726442 0.508900 0.461848
vn -0.667671 0.600953 0.439398
vn -0.478643 0.515902 0.710454
vn -0.478643 0.515902 0.710454
vn -0.428630 0.615451 0.661435
vn -0.715815 0.698289 -0.001099
vn -0.625514 0.769886 -0.126517
vn -0.668990 0.604176 0.432925
vn 0.126920 0.769451 0.625969
vn 0.000858 0.697658 0.716431
vn -0.278785 0.454918 0.845771
vn -0.006303 0.386426 0.922299
vn 0.004552 0.386940 0.922094
vn -0.266779 0.265558 -0.926449
vn -0.597038 0.584662 -0.549287
vn -0.648148 0.638330 -0.415258
vn 0.083402 0.437132 -0.895522
vn 0.083402 0.437132 -0.895522
vn -0.436075 0.835732 -0.333753
vn -0.436075 0.835732 -0.333753
vn 0.558829 0.589900 0.582862
vn 0.927868 0.267597 0.259716
vn 0.421448 0.646999 0.635432
vn 0.593059 0.508674 0.624126
vn -0.922682 0.385529 -0.004969
vn -0.923222 0.384226 0.005586
vn -0.623743 0.508570 -0.593550
vn 0.307040 0.857804 0.412187
vn 0.307040 0.857804 0.412187
vn 0.890119 0.443829 -0.103463
vn 0.890119 0.443829 -0.103463
vn -0.808904 0.462600 0.362872
s 1
g all leg_001 Sunmao_005
usemtl phongE1SG
f 3546/4829/9197 3558/4832/9198 3559/4831/9199 3545/4830/9200
s 2
f 3545/4830/9201 3559/4831/9202 3560/5095/9203 3544/5094/9204
f 3548/5079/9205 3550/5080/9206 3551/4837/9207 3547/4833/9208
s 1
f 3547/4833/9209 3551/4837/9210 3552/4836/9211 3546/4829/9197
s 2
f 3554/4924/9212 3562/4925/9213 3563/4839/9214 3553/4838/9215
s 1
f 3553/4838/9216 3563/4839/9217 3564/4835/9218 3552/4836/9211
f 3558/4832/9198 3564/4835/9218 3565/4609/9219 3557/4606/9220
s 2
f 3557/4606/9221 3565/4609/9222 3566/5107/9223 3556/4607/9224
s 1
f 3558/4832/9198 3546/4829/9197 3552/4836/9211 3564/4835/9218
s 2
f 3547/4833/9208 3567/4834/9225 3543/5081/9226 3548/5079/9205
f 3543/5096/9227 3567/4834/9228 3545/4830/9201 3544/5094/9204
s 1
f 3545/4830/9200 3567/4834/9229 3547/4833/9209 3546/4829/9197
s 2
f 3553/4838/9215 3568/4840/9230 3549/4926/9231 3554/4924/9212
f 3549/5082/9232 3568/4840/9233 3551/4837/9207 3550/5080/9206
s 1
f 3551/4837/9210 3568/4840/9234 3553/4838/9216 3552/4836/9211
s 2
f 3559/4831/9202 3569/4611/9235 3555/4610/9236 3560/5095/9203
f 3555/4610/9237 3569/4611/9238 3557/4606/9221 3556/4607/9224
s 1
f 3557/4606/9220 3569/4611/9239 3559/4831/9199 3558/4832/9198
s 2
f 3565/4609/9222 3570/4615/9240 3561/5106/9241 3566/5107/9223
f 3561/5106/9242 3570/4615/9243 3563/4839/9214 3562/4925/9213
s 1
f 3563/4839/9217 3570/4615/9244 3565/4609/9219 3564/4835/9218
s 2
f 3572/4628/9245 3573/4632/9246 3571/4852/9247 3575/4851/9248
f 3574/4631/9249 3573/4632/9246 3572/4628/9245 3576/4626/9250
f 3577/4935/9251 3571/4852/9252 3573/4632/9253 3579/4638/9254
f 3573/4632/9255 3574/4631/9256 3578/4636/9257 3579/4638/9258
f 3580/4849/9259 3571/4852/9252 3577/4935/9251 3585/4937/9260
f 3581/4630/9261 3574/4631/9249 3576/4626/9250 3899/4625/9262
f 3578/4636/9257 3574/4631/9256 3581/4630/9261 3587/4637/9263
f 3582/4645/9264 3579/4638/9258 3578/4636/9257 3591/4643/9265
f 3583/4936/9266 3577/4935/9251 3579/4638/9254 3582/4645/9267
f 3585/4937/9260 3577/4935/9251 3583/4936/9266 3616/4939/9268
f 3584/4848/9269 3902/4850/9270 3580/4849/9259 3590/4735/9271
f 3590/4735/9271 3580/4849/9259 3585/4937/9260 3598/4734/9272
f 3588/4844/9273 3901/4846/9274 3592/4736/9275 3596/4843/9276
f 3581/4630/9261 3899/4625/9262 3586/4629/9277 3593/4635/9278
f 3595/4646/9279 3589/4640/9280 3594/5109/9281 3599/4841/9282
f 3594/4842/9281 3588/4844/9273 3596/4843/9276 3599/5110/9282
f 3587/4637/9263 3581/4630/9261 3593/4635/9278 3601/4642/9283
s 14
f 3600/4733/9284 3592/4736/9285 3590/4735/9286 3598/4734/9287
f 3602/4739/9288 3596/4740/9289 3592/4736/9285 3600/4733/9284
s 15
f 3593/4998/9290 3597/5001/9291 3603/5000/9292 3601/4999/9293
f 3597/5001/9291 3595/5005/9294 3604/5004/9295 3603/5000/9292
f 3595/5005/9294 3599/4745/9296 3605/4744/9297 3604/5004/9295
s 14
f 3605/4744/9298 3599/4745/9299 3596/4740/9289 3602/4739/9288
s 2
f 3606/4738/9300 3598/4734/9272 3585/4937/9260 3616/4939/9268
f 3587/4637/9263 3601/4642/9283 3607/4649/9301 3652/4644/9302
s 14
f 3608/4737/9303 3600/4733/9284 3598/4734/9287 3606/4738/9304
s 15
f 3601/4999/9293 3603/5000/9292 3609/5003/9305 3607/5002/9306
s 2
f 3611/4660/9307 3591/4643/9265 3610/4656/9308 3617/4670/9309
f 3613/4947/9310 3583/4936/9266 3612/4941/9311 3618/4948/9312
f 3610/4656/9308 3591/4643/9265 3614/4650/9313 3619/4657/9314
f 3615/4944/9315 3583/4936/9266 3613/4947/9310 3620/4954/9316
f 3620/4954/9316 3613/4947/9310 3621/4959/9317 3623/4969/9318
f 3621/4959/9317 3613/4947/9310 3618/4948/9312 3625/4960/9319
f 3622/4668/9320 3610/4656/9308 3619/4657/9314 3624/4669/9321
f 3617/4670/9309 3610/4656/9308 3622/4668/9320 3626/4684/9322
s 18
f 3627/4788/9323 3621/5113/9324 3625/4793/9325 3631/4787/9326
s 19
f 3626/5039/9327 3622/5042/9328 3628/5041/9329 3632/5040/9330
s 20
f 3629/4857/9331 3623/4859/9332 3621/4794/9333 3627/4788/9334
f 3622/4668/9335 3624/4669/9336 3630/4683/9337 3628/4682/9338
s 2
f 3618/4948/9312 3612/4941/9311 3633/4940/9339 3640/4945/9340
f 3634/4661/9341 3611/4660/9307 3617/4670/9309 3641/4675/9342
s 18
f 3635/4785/9343 3627/4788/9323 3631/4787/9326 3646/4786/9344
s 19
f 3632/5040/9330 3628/5041/9329 3636/5046/9345 3647/5045/9346
s 20
f 3637/4856/9347 3629/4857/9331 3627/4788/9334 3635/4785/9348
f 3628/4876/9338 3630/4877/9337 3638/4870/9349 3636/4869/9350
s 14
f 3639/4749/9351 3605/4744/9298 3602/4739/9288 3737/4743/9352
s 15
f 3604/5004/9295 3605/4744/9297 3639/4749/9353 3738/5008/9354
s 2
f 3625/4960/9319 3618/4948/9312 3640/4945/9340 3660/4956/9355
f 3641/4675/9342 3617/4670/9309 3626/4684/9322 3643/4689/9356
f 3642/4943/9357 3615/4944/9315 3620/4954/9316 3648/4953/9358
s 19
f 3643/5043/9359 3626/5039/9327 3632/5040/9330 3661/5044/9360
s 2
f 3619/4657/9314 3614/4650/9313 3644/4651/9361 3665/4658/9362
s 18
f 3645/4792/9363 3631/4787/9326 3625/4793/9325 3660/4798/9364
s 2
f 3648/4953/9358 3620/4954/9316 3623/4969/9318 3650/4968/9365
f 3649/4671/9366 3624/4669/9321 3619/4657/9314 3665/4658/9362
s 20
f 3650/4865/9367 3623/4859/9332 3629/4857/9331 3666/4860/9368
f 3651/4685/9369 3630/4683/9337 3624/4669/9336 3649/4671/9370
s 18
f 3635/4785/9343 3646/4786/9344 3653/4790/9371 3654/4789/9372
s 19
f 3653/5048/9373 3647/5045/9346 3636/5046/9345 3654/5049/9374
s 20
f 3655/4858/9375 3637/4856/9347 3635/4785/9348 3654/4789/9376
f 3636/4869/9350 3638/4870/9349 3656/4863/9377 3654/4789/9376
f 3654/4789/9376 3656/4863/9377 3657/4862/9378 3655/4858/9375
s 18
f 3658/4791/9379 3646/4786/9344 3631/4787/9326 3645/4792/9363
s 19
f 3632/5040/9330 3647/5045/9346 3659/5047/9380 3661/5044/9360
f 3659/5047/9380 3647/5045/9346 3653/5048/9373 3662/5050/9381
s 18
f 3662/4795/9382 3653/4790/9371 3646/4786/9344 3658/4791/9379
s 20
f 3629/4857/9331 3637/4856/9347 3663/4861/9383 3666/4860/9368
f 3664/4875/9384 3638/4870/9349 3630/4877/9337 3651/4880/9369
s 2
f 3633/4940/9339 3668/4938/9385 3667/4946/9386 3640/4945/9340
f 3669/4674/9387 3670/4652/9388 3634/4661/9341 3641/4675/9342
f 3671/4955/9389 3660/4956/9355 3640/4945/9340 3667/4946/9386
f 3641/4675/9342 3643/4689/9356 3672/4688/9390 3669/4674/9387
f 3673/4690/9391 3670/4652/9388 3669/4674/9387 3680/4691/9392
f 3667/4946/9386 3668/4938/9385 3674/4958/9393 3679/4957/9394
s 18
f 3675/4797/9395 3645/4792/9363 3660/4798/9364 3671/4800/9396
s 19
f 3643/4689/9359 3661/4703/9360 3676/4702/9397 3672/4688/9398
s 20
f 3677/4868/9399 3656/4863/9377 3638/4870/9349 3664/4875/9384
f 3637/4856/9347 3655/4858/9375 3678/4864/9400 3663/4861/9383
s 2
f 3671/4955/9389 3667/4946/9386 3679/4957/9394 3683/4970/9401
f 3680/4691/9392 3669/4674/9387 3672/4688/9390 3684/4701/9402
s 22
f 3681/4885/9403 3675/4882/9404 3671/4891/9405 3683/4890/9406
f 3672/4688/9407 3676/4702/9408 3682/4711/9409 3684/4701/9410
s 20
f 3685/4867/9411 3657/4862/9378 3656/4863/9377 3677/4868/9399
f 3655/4858/9375 3657/4862/9378 3686/4866/9412 3678/4864/9400
s 18
f 3645/4792/9363 3675/4797/9395 3687/4796/9413 3658/4791/9379
s 19
f 3688/4897/9414 3676/4903/9397 3661/5044/9360 3659/5047/9380
s 22
f 3675/4882/9404 3681/4885/9403 3689/4884/9415 3687/4883/9416
f 3690/4898/9417 3682/4904/9409 3676/4903/9408 3688/4897/9418
s 18
f 3662/4795/9382 3658/4791/9379 3687/4796/9413 3691/4799/9419
s 19
f 3659/5047/9380 3662/5050/9381 3691/4887/9420 3688/4897/9414
s 2
f 3642/4943/9357 3648/4953/9358 3692/4952/9421 3616/4939/9268
s 22
f 3693/4886/9422 3691/4887/9423 3687/4883/9416 3689/4884/9415
f 3688/4897/9418 3691/4887/9423 3694/4893/9424 3690/4898/9417
s 2
f 3695/4659/9425 3665/4658/9362 3644/4651/9361 3652/4644/9302
s 22
f 3691/4887/9423 3693/4886/9422 3696/4894/9426 3694/4893/9424
s 2
f 3648/4953/9358 3650/4968/9365 3697/4967/9427 3692/4952/9421
f 3698/4673/9428 3649/4671/9366 3665/4658/9362 3695/4659/9425
s 20
f 3697/4871/9429 3650/4865/9367 3666/4860/9368 3699/4803/9430
f 3651/4685/9369 3649/4671/9370 3698/4673/9431 3700/4687/9432
s 2
f 3698/4673/9428 3695/4659/9425 3701/4672/9433 3704/4686/9434
f 3702/4966/9435 3692/4952/9421 3697/4967/9427 3703/4976/9436
s 24
f 3703/4801/9437 3697/4804/9438 3699/4803/9439 3705/4802/9440
s 25
f 3700/4687/9441 3698/4673/9442 3704/4686/9443 3706/4700/9444
s 2
f 3707/4965/9445 3616/4939/9268 3692/4952/9421 3702/4966/9435
f 3708/4664/9446 3701/4672/9433 3695/4659/9425 3652/4644/9302
s 22
f 3709/4706/9447 3684/4701/9410 3682/4711/9409 3716/4714/9448
s 2
f 3710/4977/9449 3683/4970/9401 3679/4957/9394 3736/4971/9450
s 22
f 3711/4889/9451 3681/4885/9403 3683/4890/9406 3710/4895/9452
s 2
f 3712/4696/9453 3680/4691/9392 3684/4701/9402 3709/4706/9454
f 3673/4690/9391 3680/4691/9392 3712/4696/9453 3742/4694/9455
s 20
f 3699/4803/9430 3666/4860/9368 3663/4861/9383 3713/4808/9456
f 3664/4875/9384 3651/4880/9369 3700/4881/9432 3714/4879/9457
s 24
f 3705/4802/9440 3699/4803/9439 3713/4808/9458 3722/4807/9459
s 25
f 3714/5051/9460 3700/5054/9441 3706/5053/9444 3723/5052/9461
s 2
f 3679/4957/9394 3674/4958/9393 3715/4963/9462 3736/4971/9450
s 22
f 3716/4909/9448 3682/4904/9409 3690/4898/9417 3745/4905/9463
f 3717/4888/9464 3689/4884/9415 3681/4885/9403 3711/4889/9451
s 2
f 3702/4966/9435 3703/4976/9436 3718/4982/9465 3744/4975/9466
f 3704/4686/9434 3701/4672/9433 3719/4678/9467 3743/4695/9468
s 25
f 3720/5058/9469 3706/5053/9444 3704/5063/9443 3743/5062/9470
s 24
f 3703/4801/9437 3705/4802/9440 3721/4806/9471 3718/4805/9472
s 22
f 3724/4892/9473 3693/4886/9422 3689/4884/9415 3717/4888/9464
f 3690/4898/9417 3694/4893/9424 3725/4899/9474 3745/4905/9463
f 3726/4896/9475 3696/4894/9426 3693/4886/9422 3724/4892/9473
f 3694/4893/9424 3696/4894/9426 3727/4900/9476 3725/4899/9474
s 2
f 3728/4964/9477 3707/4965/9445 3702/4966/9435 3744/4975/9466
f 3701/4672/9433 3708/4664/9446 3729/4665/9478 3719/4678/9467
s 20
f 3677/4868/9399 3664/4875/9384 3714/4879/9457 3730/4874/9479
f 3713/4808/9456 3663/4861/9383 3678/4864/9400 3731/4813/9480
s 24
f 3721/4806/9471 3705/4802/9440 3722/4807/9459 3748/4811/9481
s 20
f 3685/4867/9411 3677/4868/9399 3730/4874/9479 3732/4873/9482
f 3731/4813/9480 3678/4864/9400 3686/4866/9412 3733/4817/9483
s 25
f 3730/5055/9484 3714/5051/9460 3723/5052/9461 3734/5056/9485
s 24
f 3722/4807/9459 3713/4808/9458 3731/4813/9486 3735/4812/9487
s 25
f 3732/5059/9488 3730/5055/9484 3734/5056/9485 3739/5060/9489
s 24
f 3735/4812/9487 3731/4813/9486 3733/4817/9490 3740/4816/9491
s 25
f 3741/5057/9492 3723/5052/9461 3706/5053/9444 3720/5058/9469
s 2
f 3747/4942/9493 3668/4938/9385 3746/4653/9494 3779/4662/9495
s 20
f 3749/4872/9496 3685/4867/9411 3732/4873/9482 3757/4878/9497
f 3750/4821/9498 3733/4817/9483 3686/4866/9412 3749/4872/9496
s 25
f 3751/4707/9499 3720/4708/9469 3743/4695/9470 3753/4697/9500
s 24
f 3718/4805/9472 3721/4806/9471 3752/4810/9501 3754/4809/9502
s 22
f 3753/4697/9503 3709/4706/9447 3716/4714/9448 3751/4707/9504
f 3711/4889/9451 3710/4895/9452 3754/4901/9505 3752/4810/9506
s 2
f 3753/4697/9507 3743/4695/9468 3719/4678/9467 3755/4679/9508
f 3744/4975/9466 3718/4982/9465 3754/4981/9509 3756/4974/9510
f 3712/4696/9453 3709/4706/9454 3753/4697/9507 3755/4679/9508
f 3754/4981/9509 3710/4977/9449 3736/4971/9450 3756/4974/9510
s 25
f 3757/5064/9511 3732/5059/9488 3739/5060/9489 3771/5065/9512
s 24
f 3758/4820/9513 3740/4816/9491 3733/4817/9490 3750/4821/9514
s 2
f 3756/4974/9510 3736/4971/9450 3715/4963/9462 3761/4950/9515
f 3728/4964/9477 3744/4975/9466 3756/4974/9510 3761/4950/9515
s 22
f 3751/4911/9504 3716/4909/9448 3745/4905/9463 3759/4910/9516
f 3717/4888/9464 3711/4889/9451 3752/4810/9506 3760/4814/9517
s 2
f 3742/4694/9455 3712/4696/9453 3755/4679/9508 3770/4654/9518
s 25
f 3720/5058/9469 3751/4911/9499 3759/4910/9519 3741/5057/9492
s 24
f 3760/4814/9520 3752/4810/9501 3721/4806/9471 3748/4811/9481
s 2
f 3755/4679/9508 3719/4678/9467 3729/4665/9478 3770/4654/9518
s 22
f 3724/4892/9473 3717/4888/9464 3760/4814/9517 3762/4818/9521
f 3759/4910/9516 3745/4905/9463 3725/4899/9474 3763/4906/9522
s 24
f 3762/4818/9523 3760/4814/9520 3748/4811/9481 3764/4815/9524
s 25
f 3741/5057/9492 3759/4910/9519 3763/4906/9525 3765/5061/9526
s 22
f 3726/4896/9475 3724/4892/9473 3762/4818/9521 3766/4822/9527
f 3763/4906/9522 3725/4899/9474 3727/4900/9476 3767/4907/9528
s 24
f 3766/4822/9529 3762/4818/9523 3764/4815/9524 3768/4819/9530
s 25
f 3765/5061/9526 3763/4906/9525 3767/4907/9531 3769/5066/9532
f 3772/5069/9533 3769/5066/9532 3767/4907/9531 3775/4908/9534
s 22
f 3773/4902/9535 3726/4896/9475 3766/4822/9527 3774/4826/9536
s 24
f 3774/4826/9537 3766/4822/9529 3768/4819/9530 3778/4823/9538
s 22
f 3775/4908/9539 3767/4907/9528 3727/4900/9476 3773/4902/9535
s 20
f 3776/4825/9540 3750/4821/9498 3749/4872/9496 3757/4878/9497
s 24
f 3758/4820/9513 3750/4821/9514 3776/4825/9541 3777/4824/9542
s 25
f 3776/5067/9543 3757/5064/9511 3771/5065/9512 3777/5068/9544
s 22
f 3780/4828/9545 3775/4908/9539 3773/4902/9535 3774/4826/9536
s 25
f 3772/5069/9533 3775/4908/9534 3780/4828/9546 3781/5070/9547
s 24
f 3780/4828/9548 3774/4826/9537 3778/4823/9538 3781/4827/9549
s 2
f 3784/4680/9550 3782/4666/9551 3783/4667/9552 3786/4681/9553
s 15
f 3786/5012/9554 3783/5009/9555 3785/5010/9556 3796/5013/9557
s 2
f 3788/4692/9558 3789/4676/9559 3787/4677/9560 3792/4693/9561
f 3790/4962/9562 3791/4949/9563 3789/4676/9564 3788/4692/9565
f 3793/4704/9566 3788/4692/9558 3792/4693/9561 3795/5072/9567
f 3788/4692/9565 3793/4704/9568 3794/4973/9569 3790/4962/9562
f 3798/4717/9570 3799/4712/9571 3797/4713/9572 3802/4718/9573
f 3800/4984/9574 3801/4979/9575 3799/4980/9576 3798/4985/9577
f 3800/4984/9574 3798/4985/9577 3803/4988/9578 3805/4987/9579
f 3798/4717/9570 3802/4718/9573 3804/4722/9580 3803/4721/9581
f 3806/4698/9582 3807/4699/9583 3784/4680/9550 3786/4681/9553
f 3808/5073/9584 3809/5071/9585 3807/4699/9583 3806/4698/9582
s 15
f 3810/5015/9586 3806/5016/9587 3786/5012/9554 3796/5013/9557
f 3811/5019/9588 3808/5020/9589 3806/5016/9587 3810/5015/9586
s 2
f 3813/4719/9590 3814/4720/9591 3812/4715/9592 3815/4716/9593
f 3816/4723/9594 3814/4720/9591 3813/4719/9590 3817/4724/9595
s 15
f 3818/5025/9596 3813/5026/9597 3815/5022/9598 3819/5023/9599
f 3817/5028/9600 3813/5026/9597 3818/5025/9596 3820/5029/9601
s 2
f 3821/4727/9602 3816/4723/9594 3817/4724/9595 3828/4728/9603
f 3824/4983/9604 3822/4986/9605 3823/4769/9606 3825/4765/9607
f 3822/4986/9605 3826/4989/9608 3827/4773/9609 3823/4769/9606
s 15
f 3828/5031/9610 3817/5028/9600 3820/5029/9601 3839/5032/9611
s 14
f 3825/4765/9612 3823/4769/9613 3829/4768/9614 3830/4764/9615
f 3823/4769/9613 3827/4773/9616 3831/4772/9617 3829/4768/9614
s 2
f 3833/4990/9618 3834/4991/9619 3832/4994/9620 3836/4993/9621
f 3832/4729/9622 3834/4725/9623 3835/4726/9624 3837/4730/9625
s 35
f 3838/4912/9626 3836/4914/9627 3832/4913/9628 3837/4730/9629
s 2
f 3842/4997/9630 3840/4995/9631 3841/4992/9632 3843/4996/9633
s 14
f 3844/4776/9634 3840/4777/9635 3842/4781/9636 3846/4780/9637
s 35
f 3842/4921/9638 3843/4917/9639 3845/4916/9640 3846/4780/9641
s 14
f 3849/4770/9642 3847/4767/9643 3848/4771/9644 3850/4774/9645
s 15
f 3851/5024/9646 3849/4770/9647 3850/4774/9648 3852/5027/9649
s 14
f 3850/4774/9645 3848/4771/9644 3853/4775/9650 3854/4778/9651
s 15
f 3852/5027/9649 3850/4774/9648 3854/4778/9652 3855/5030/9653
s 2
f 3821/4727/9602 3828/4728/9603 3856/4732/9654 3857/4731/9655
s 15
f 3856/5034/9656 3828/5031/9610 3839/5032/9611 3859/5035/9657
s 35
f 3858/4915/9658 3857/4731/9659 3856/4920/9660 3859/4919/9661
s 2
f 3591/4643/9265 3578/4636/9257 3587/4637/9263 3652/4644/9302
s 15
f 3861/5033/9662 3862/5037/9663 3860/5038/9664 3864/5036/9665
s 14
f 3860/4784/9666 3862/4782/9667 3863/4779/9668 3865/4783/9669
s 35
f 3866/4918/9670 3864/4922/9671 3860/4923/9672 3865/4783/9673
s 2
f 3746/4653/9494 3668/4938/9385 3583/4936/9266 3582/4645/9267
f 3670/4652/9388 3746/4653/9674 3582/4645/9264 3591/4643/9265
f 3633/4940/9339 3612/4941/9311 3583/4936/9266 3668/4938/9385
f 3611/4660/9307 3634/4661/9341 3670/4652/9388 3591/4643/9265
f 3616/4939/9268 3583/4936/9266 3615/4944/9315 3642/4943/9357
f 3591/4643/9265 3652/4644/9302 3644/4651/9361 3614/4650/9313
s 14
f 3602/4739/9288 3600/4733/9284 3608/4737/9303 3737/4743/9352
s 15
f 3738/5008/9354 3609/5003/9305 3603/5000/9292 3604/5004/9295
s 2
f 3715/4963/9462 3674/4958/9393 3668/4938/9385 3761/4950/9515
f 3673/4690/9391 3742/4694/9455 3770/4654/9518 3670/4652/9388
s 20
f 3657/4862/9378 3685/4867/9411 3749/4872/9496 3686/4866/9412
s 2
f 3761/4950/9515 3616/4939/9268 3707/4965/9445 3728/4964/9477
f 3652/4644/9302 3770/4654/9518 3729/4665/9478 3708/4664/9446
f 3761/4950/9515 3867/4741/9675 3606/4738/9300 3616/4939/9268
f 3652/4644/9302 3607/4649/9301 3868/4655/9676 3770/4654/9518
s 14
f 3867/4741/9677 3869/4742/9678 3608/4737/9303 3606/4738/9304
s 25
f 3741/5057/9492 3765/5061/9526 3734/5056/9485 3723/5052/9461
s 24
f 3764/4815/9524 3748/4811/9481 3722/4807/9459 3735/4812/9487
s 25
f 3765/5061/9526 3769/5066/9532 3739/5060/9489 3734/5056/9485
s 24
f 3768/4819/9530 3764/4815/9524 3735/4812/9487 3740/4816/9491
s 15
f 3607/5002/9306 3609/5003/9305 3870/5007/9679 3868/5006/9680
s 22
f 3727/4900/9476 3696/4894/9426 3726/4896/9475 3773/4902/9535
s 2
f 3746/4653/9674 3670/4652/9388 3871/4663/9681 3779/4662/9682
s 25
f 3739/5060/9489 3769/5066/9532 3772/5069/9533 3771/5065/9512
s 24
f 3778/4823/9538 3768/4819/9530 3740/4816/9491 3758/4820/9513
s 14
f 3608/4737/9303 3869/4742/9678 3872/4746/9683 3737/4743/9352
s 15
f 3873/5011/9684 3870/5007/9679 3609/5003/9305 3738/5008/9354
s 25
f 3772/5069/9533 3781/5070/9547 3777/5068/9544 3771/5065/9512
s 24
f 3781/4827/9549 3778/4823/9538 3758/4820/9513 3777/4824/9542
s 2
f 3761/4950/9515 3668/4938/9385 3747/4942/9493 3874/4951/9685
f 3670/4652/9388 3770/4654/9518 3782/4666/9551 3871/4663/9681
s 14
f 3639/4749/9351 3737/4743/9352 3872/4746/9683 3875/4750/9686
s 15
f 3738/5008/9354 3639/4749/9353 3875/4750/9687 3873/5011/9684
s 2
f 3867/4741/9675 3761/4950/9515 3874/4951/9685 3876/4748/9688
f 3770/4654/9518 3868/4655/9676 3783/4667/9552 3782/4666/9551
s 14
f 3869/4742/9678 3867/4741/9677 3876/4748/9689 3877/4747/9690
s 15
f 3868/5006/9680 3870/5007/9679 3785/5010/9556 3783/5009/9555
s 14
f 3872/4746/9683 3869/4742/9678 3877/4747/9690 3878/4751/9691
s 15
f 3870/5007/9679 3873/5011/9684 3879/5014/9692 3785/5010/9556
s 2
f 3779/4662/9682 3871/4663/9681 3787/4677/9560 3789/4676/9559
f 3747/4942/9493 3779/4662/9495 3789/4676/9564 3791/4949/9563
s 14
f 3875/4750/9686 3872/4746/9683 3878/4751/9691 3880/4754/9693
s 15
f 3873/5011/9684 3875/4750/9687 3880/4754/9694 3879/5014/9692
s 2
f 3871/4663/9681 3782/4666/9551 3784/4680/9550 3787/4677/9560
f 3874/4951/9685 3747/4942/9493 3791/4949/9563 3881/4961/9695
f 3876/4748/9688 3874/4951/9685 3881/4961/9695 3882/4753/9696
s 14
f 3877/4747/9690 3876/4748/9689 3882/4753/9697 3883/4752/9698
s 2
f 3793/5074/9566 3795/4705/9567 3797/4713/9572 3799/4712/9571
f 3794/4973/9569 3793/4704/9568 3799/4980/9576 3801/4979/9575
f 3784/4680/9550 3807/4699/9583 3792/4693/9561 3787/4677/9560
f 3791/4949/9563 3790/4962/9562 3884/4972/9699 3881/4961/9695
f 3807/4699/9583 3809/5071/9585 3795/5072/9567 3792/4693/9561
f 3790/4962/9562 3794/4973/9569 3885/4978/9700 3884/4972/9699
s 15
f 3785/5010/9556 3879/5014/9692 3886/5017/9701 3796/5013/9557
s 14
f 3878/4751/9691 3877/4747/9690 3883/4752/9698 3887/4755/9702
s 2
f 3812/4715/9592 3797/4713/9572 3795/4705/9567 3809/4710/9585
f 3801/4979/9575 3824/4983/9604 3885/4978/9700 3794/4973/9569
f 3812/4715/9592 3814/4720/9591 3802/4718/9573 3797/4713/9572
f 3814/4720/9591 3816/4723/9594 3804/4722/9580 3802/4718/9573
f 3881/4961/9695 3884/4972/9699 3888/4757/9703 3882/4753/9696
f 3884/4972/9699 3885/4978/9700 3889/4761/9704 3888/4757/9703
s 15
f 3879/5014/9692 3880/4754/9694 3890/4758/9705 3886/5017/9701
s 14
f 3880/4754/9693 3878/4751/9691 3887/4755/9702 3890/4758/9706
f 3882/4753/9697 3888/4757/9707 3891/4756/9708 3883/4752/9698
f 3888/4757/9707 3889/4761/9709 3892/4760/9710 3891/4756/9708
s 2
f 3801/4979/9575 3800/4984/9574 3822/4986/9605 3824/4983/9604
f 3809/4710/9585 3808/4709/9584 3815/4716/9593 3812/4715/9592
f 3800/4984/9574 3805/4987/9579 3826/4989/9608 3822/4986/9605
s 15
f 3808/5020/9589 3811/5019/9588 3819/5023/9599 3815/5022/9598
s 2
f 3803/4721/9581 3804/4722/9580 3835/4726/9624 3834/4725/9623
f 3805/4987/9579 3803/4988/9578 3834/4991/9619 3833/4990/9618
f 3889/4761/9704 3885/4978/9700 3824/4983/9604 3825/4765/9607
s 15
f 3886/5017/9701 3893/5018/9711 3810/5015/9586 3796/5013/9557
s 14
f 3883/4752/9698 3891/4756/9708 3894/4759/9712 3887/4755/9702
f 3892/4760/9710 3889/4761/9709 3825/4765/9612 3830/4764/9615
s 15
f 3893/5018/9711 3895/5021/9713 3811/5019/9588 3810/5015/9586
s 14
f 3891/4756/9708 3892/4760/9710 3896/4763/9714 3894/4759/9712
s 2
f 3821/4727/9602 3835/4726/9624 3804/4722/9580 3816/4723/9594
f 3841/4992/9632 3826/4989/9608 3805/4987/9579 3833/4990/9618
s 15
f 3811/5019/9588 3895/5021/9713 3851/5024/9646 3819/5023/9599
f 3893/5018/9711 3886/5017/9701 3890/4758/9705 3897/4762/9715
s 14
f 3887/4755/9702 3894/4759/9712 3897/4762/9716 3890/4758/9706
f 3896/4763/9714 3892/4760/9710 3830/4764/9615 3847/4767/9643
s 15
f 3895/5021/9713 3893/5018/9711 3897/4762/9715 3898/4766/9717
s 14
f 3894/4759/9712 3896/4763/9714 3898/4766/9718 3897/4762/9716
s 15
f 3851/5024/9646 3852/5027/9649 3818/5025/9596 3819/5023/9599
f 3852/5027/9649 3855/5030/9653 3820/5029/9601 3818/5025/9596
s 2
f 3827/4773/9609 3826/4989/9608 3841/4992/9632 3840/4995/9631
f 3843/4996/9633 3841/4992/9632 3833/4990/9618 3836/4993/9621
s 14
f 3831/4772/9617 3827/4773/9616 3840/4777/9635 3844/4776/9634
s 35
f 3845/4916/9640 3843/4917/9639 3836/4914/9627 3838/4912/9626
s 14
f 3830/4764/9615 3829/4768/9614 3848/4771/9644 3847/4767/9643
s 15
f 3895/5021/9713 3898/4766/9717 3849/4770/9647 3851/5024/9646
s 14
f 3898/4766/9718 3896/4763/9714 3847/4767/9643 3849/4770/9642
f 3829/4768/9614 3831/4772/9617 3853/4775/9650 3848/4771/9644
s 2
f 3837/4730/9625 3835/4726/9624 3821/4727/9602 3857/4731/9655
s 35
f 3838/4912/9626 3837/4730/9629 3857/4731/9659 3858/4915/9658
s 15
f 3820/5029/9601 3855/5030/9653 3861/5033/9662 3839/5032/9611
s 14
f 3853/4775/9650 3831/4772/9617 3844/4776/9634 3863/4779/9668
s 35
f 3866/4918/9670 3845/4916/9640 3838/4912/9626 3858/4915/9658
s 14
f 3865/4783/9669 3863/4779/9668 3844/4776/9634 3846/4780/9637
s 35
f 3866/4918/9670 3865/4783/9673 3846/4780/9641 3845/4916/9640
s 14
f 3854/4778/9651 3853/4775/9650 3863/4779/9668 3862/4782/9667
s 15
f 3855/5030/9653 3854/4778/9652 3862/5037/9663 3861/5033/9662
f 3861/5033/9662 3864/5036/9665 3859/5035/9657 3839/5032/9611
s 35
f 3864/4922/9671 3866/4918/9670 3858/4915/9658 3859/4919/9661
s 2
f 3597/4639/9719 3900/4633/9720 3589/4640/9280 3595/4646/9279
f 3586/4629/9277 3900/4633/9720 3597/4639/9719 3593/4635/9278
f 3575/4851/9248 3571/4852/9247 3580/4849/9259 3902/4850/9270
f 3592/4736/9275 3901/4846/9274 3584/4848/9269 3590/4735/9271
f 3544/5094/9204 3906/5097/9721 3927/5099/9722 3543/5096/9227
f 3543/5081/9226 3927/5085/9723 3918/5084/9724 3548/5079/9205
f 3550/5080/9206 3915/5083/9725 3930/5086/9726 3549/5082/9232
f 3549/4926/9231 3930/4929/9727 3912/4928/9728 3554/4924/9212
f 3556/4607/9224 3921/4612/9729 3933/4616/9730 3555/4610/9237
f 3555/4610/9236 3933/4616/9731 3903/5098/9732 3560/5095/9203
f 3562/4925/9213 3909/4927/9733 3936/4930/9734 3561/5106/9242
f 3561/4614/9241 3936/4619/9735 3924/4613/9736 3566/4608/9223
f 3544/5094/9204 3560/5095/9203 3903/5098/9732 3906/5097/9721
f 3562/4925/9213 3554/4924/9212 3912/4928/9728 3909/4927/9733
f 3550/5080/9206 3548/5079/9205 3918/5084/9724 3915/5083/9725
f 3556/4607/9224 3566/4608/9223 3924/4613/9736 3921/4612/9729
f 3935/4855/9737 3572/4628/9245 3575/4851/9248 3905/4854/9738
f 3572/4628/9245 3935/4855/9739 3923/4621/9740 3576/4626/9250
f 3917/4847/9741 3588/4844/9273 3594/4842/9742 3932/5108/9743
f 3589/4640/9280 3914/4641/9744 3932/4845/9745 3594/5109/9746
f 3588/4844/9273 3917/4847/9741 3920/4604/9747 3901/4846/9274
f 3899/4625/9262 3576/4626/9250 3923/4621/9740 3926/4622/9748
f 3586/4629/9277 3899/4625/9262 3926/4622/9748 3938/4627/9749
f 3911/4634/9750 3914/4641/9744 3589/4640/9280 3900/4633/9720
f 3586/4629/9277 3938/4627/9749 3911/4634/9750 3900/4633/9720
f 3920/4604/9747 3929/4605/9751 3584/4848/9269 3901/4846/9274
f 3929/4605/9751 3908/4853/9752 3902/4850/9270 3584/4848/9269
f 3908/4853/9752 3905/4854/9738 3575/4851/9248 3902/4850/9270
f 3903/5098/9732 3933/4616/9731 3934/4620/9753 3904/5100/9754
f 3904/5100/9754 3934/4620/9753 3935/4624/9737 3905/5103/9738
f 3905/5103/9738 3908/5104/9752 3907/5101/9755 3904/5100/9754
f 3904/5100/9754 3907/5101/9755 3906/5097/9721 3903/5098/9732
f 3909/4927/9733 3912/4928/9728 3913/4648/9756 3910/4647/9757
f 3910/4647/9757 3913/4648/9758 3914/5078/9744 3911/4933/9750
f 3912/4928/9728 3930/4929/9759 3931/5112/9760 3913/4648/9756
f 3913/4648/9758 3931/5112/9761 3932/5092/9762 3914/5078/9744
f 3915/5083/9725 3918/5084/9724 3919/5088/9763 3916/5087/9764
f 3916/5087/9765 3919/5088/9763 3920/5090/9747 3917/5093/9741
f 3918/5084/9724 3927/5085/9723 3928/5089/9766 3919/5088/9763
f 3919/5088/9763 3928/5089/9766 3929/5091/9751 3920/5090/9747
f 3921/4612/9729 3924/4613/9736 3925/4618/9767 3922/4617/9768
f 3922/4617/9768 3925/4618/9767 3926/5075/9748 3923/5077/9740
f 3924/4613/9736 3936/4619/9735 3937/4623/9769 3925/4618/9767
f 3925/4618/9767 3937/4623/9769 3938/5076/9749 3926/5075/9748
f 3908/5104/9752 3929/5105/9751 3928/5102/9766 3907/5101/9755
f 3907/5101/9755 3928/5102/9766 3927/5099/9722 3906/5097/9721
f 3917/5093/9741 3932/5111/9770 3931/4931/9771 3916/5087/9765
f 3916/5087/9764 3931/4931/9772 3930/5086/9773 3915/5083/9725
f 3923/5077/9740 3935/4624/9739 3934/4620/9774 3922/4617/9768
f 3922/4617/9768 3934/4620/9774 3933/4616/9730 3921/4612/9729
f 3911/4933/9750 3938/4934/9749 3937/4932/9769 3910/4647/9757
f 3910/4647/9757 3937/4932/9769 3936/4930/9734 3909/4927/9733
g default
v -7.552678 14.150694 -6.411959
v -7.535386 14.150705 -6.404811
v -7.535396 14.168003 -6.411968
v -7.535406 14.175177 -6.429248
v -7.552686 14.167999 -6.429240
v -7.559842 14.150699 -6.429243
v -7.552682 14.151390 -7.537394
v -7.559842 14.151381 -7.520109
v -7.552682 14.168663 -7.520108
v -7.535397 14.175821 -7.520108
v -7.535397 14.168671 -7.537393
v -7.535398 14.151392 -7.544553
v -6.464847 14.151664 -6.413031
v -6.457689 14.151664 -6.430313
v -6.464853 14.168929 -6.430319
v -6.482144 14.176070 -6.430315
v -6.482136 14.168921 -6.413023
v -6.482125 14.151651 -6.405860
v -6.464512 14.151248 -7.537393
v -6.481797 14.151247 -7.544554
v -6.481795 14.168538 -7.537396
v -6.481796 14.175704 -7.520114
v -6.464514 14.168542 -7.520110
v -6.457356 14.151253 -7.520106
v -7.549505 14.164816 -6.415135
v -7.549510 14.165494 -7.534220
v -6.468028 14.165757 -6.416209
v -6.467688 14.165359 -7.534218
v -6.266445 12.653197 -6.175732
v -6.257757 12.676024 -6.206084
v -6.237595 12.642811 -6.185366
v -6.228075 12.652883 -6.214749
v -6.295960 12.675997 -6.206046
v -6.257745 12.676016 -6.245073
v -6.277514 12.596992 -6.164251
v -6.216895 12.595949 -6.225902
v -6.234648 12.596512 -6.182306
v -7.759430 12.639453 -6.174901
v -6.227549 12.639692 -7.744538
v -6.235251 10.386639 -6.182604
v -6.279570 10.386639 -6.164247
v -7.759842 12.674916 -6.204588
v -7.759055 12.594120 -6.164248
v -6.257288 12.675667 -7.744554
v -6.216896 12.594250 -7.744554
v -7.761682 14.420636 -7.723560
v -7.724149 14.418932 -7.759701
v -7.796882 12.633781 -6.185977
v -6.216894 10.386639 -6.226923
v -7.805257 12.657843 -6.214589
v -6.238680 12.634056 -7.782230
v -7.761725 14.447482 -7.759732
v -7.761220 14.428683 -7.798892
v -7.799242 14.426743 -7.759563
v -6.267272 12.658504 -7.790523
v -7.804985 12.596502 -6.183873
v -7.792512 14.428959 -7.791888
v -7.823305 12.614693 -6.224438
v -6.236595 12.596666 -7.790519
v -7.823305 14.368249 -7.759366
v -6.277060 12.615129 -7.808819
v -7.760629 14.367933 -7.822773
v -7.803276 14.385148 -7.802547
v -7.804947 10.386639 -6.182603
v -6.235252 10.386639 -7.790462
v -7.823304 10.386639 -6.226922
v -6.279571 10.386639 -7.808820
v -6.225442 10.209951 -6.474783
v -6.216894 10.252344 -6.338618
v -6.390910 10.242462 -6.164247
v -6.527418 10.209925 -6.172974
v -6.216894 10.311798 -6.427322
v -6.493104 10.312101 -6.164247
v -7.760628 10.386639 -6.164246
v -6.225124 10.188306 -6.466554
v -6.518328 10.187983 -6.172593
v -6.224916 10.221331 -6.499517
v -6.551947 10.221513 -6.172424
v -6.533856 10.204382 -6.175872
v -6.228343 10.204313 -6.481358
v -6.553585 10.213662 -6.175457
v -6.227936 10.213535 -6.501143
v -6.525986 10.183632 -6.176056
v -6.228568 10.183643 -6.473731
v -6.536552 10.199999 -6.182879
v -6.235357 10.199898 -6.484103
v -6.554400 10.208626 -6.182172
v -6.234651 10.208519 -6.501949
v -6.529203 10.179494 -6.183867
v -6.236441 10.179377 -6.476748
v -6.391266 9.416101 -6.164247
v -6.216894 9.404623 -6.338263
v -6.546490 10.092707 -6.464658
v -6.517540 10.092781 -6.493873
v -6.565012 10.099672 -6.469047
v -6.521693 10.099672 -6.512366
v -7.804947 10.386639 -7.790462
v -6.518893 9.464760 -6.172456
v -6.225226 9.463552 -6.465458
v -7.565864 10.311798 -6.164246
v -6.228629 9.468222 -6.473278
v -6.216895 10.312101 -7.546064
v -6.529391 9.472603 -6.183656
v -6.539180 10.074966 -6.460338
v -6.513463 10.075306 -6.486534
v -7.526193 10.221319 -6.172269
v -6.228107 10.213657 -7.472120
v -7.524563 10.213531 -6.175290
v -6.234828 10.208622 -7.471286
v -6.216895 10.386639 -7.746144
v -6.531502 10.071518 -6.478650
v -6.539523 10.089638 -6.486789
v -6.563028 10.094972 -6.487635
v -6.540282 10.094973 -6.510381
v -6.559692 10.093548 -6.507045
v -6.539180 9.577045 -6.460338
v -6.512985 9.577045 -6.486534
v -6.526277 9.468655 -6.175890
v -6.236274 9.472427 -6.476547
v -6.531326 9.580707 -6.478679
v -7.512477 10.099878 -6.468457
v -6.521104 10.099878 -7.459830
v -6.225073 10.221497 -7.473763
v -7.523737 10.208515 -6.182010
v -6.527245 9.442302 -6.172788
v -6.279570 9.275820 -6.164247
v -6.225609 9.442192 -6.474393
v -6.216894 9.275820 -6.226923
v -6.533950 9.447767 -6.175701
v -6.228519 9.447658 -6.481105
v -6.216894 9.345134 -6.427002
v -6.493415 9.345438 -6.164247
v -6.536750 9.452124 -6.182722
v -6.235527 9.452013 -6.483918
v -6.539443 10.095141 -7.459849
v -7.512505 10.095140 -6.486793
v -6.552168 9.430700 -6.172225
v -6.225027 9.430525 -6.499304
v -6.554595 9.443488 -6.181990
v -6.234802 9.443380 -6.501786
v -6.553791 9.438482 -6.175272
v -6.228086 9.438356 -6.500948
v -6.558301 10.093548 -7.459876
v -7.512539 10.093547 -6.505642
v -6.546490 9.559305 -6.464658
v -6.516905 9.559168 -6.494213
v -6.565012 9.552340 -6.469047
v -6.520957 9.552081 -6.513455
v -6.539315 9.562403 -6.487011
v -7.550682 10.210861 -6.172750
v -6.563028 9.557039 -6.487635
v -6.539990 9.556953 -6.511085
v -6.225616 10.210062 -7.498488
v -6.559692 9.558464 -6.507045
v -7.544274 10.204570 -6.175659
v -6.228516 10.204424 -7.491907
v -7.541600 10.199922 -6.182661
v -6.235518 10.200013 -7.489149
v -6.225232 10.188829 -7.507533
v -7.559831 10.185266 -6.172375
v -7.552221 10.182837 -6.175776
v -6.228641 10.183887 -7.499765
v -7.548993 10.179561 -6.183240
v -6.236326 10.179560 -7.496527
v -7.677276 10.249929 -6.164246
v -6.216895 10.252613 -7.634804
v -6.227921 9.438486 -7.471915
v -7.524766 9.438360 -6.175441
v -7.523934 9.443384 -6.182165
v -6.224874 9.430712 -7.473543
v -7.531360 10.091714 -6.468108
v -6.520755 10.091715 -7.478713
v -7.566175 9.345134 -6.164246
v -6.234645 9.443491 -7.471091
v -7.512477 9.552134 -6.468457
v -7.552441 9.468355 -6.175894
v -6.225100 9.463903 -7.506890
v -6.236113 9.472536 -7.496338
v -7.549180 9.472385 -6.183501
v -7.539180 10.071991 -6.467760
v -6.520407 10.071992 -7.486533
v -7.512496 9.556870 -6.486796
v -6.539440 9.556870 -7.459857
v -7.512523 9.558464 -6.505654
v -6.558289 9.558464 -7.459892
v -7.659143 9.423082 -6.164246
v -6.216895 9.404891 -7.634448
v -6.538876 10.087145 -7.478719
v -7.531369 10.087140 -6.486239
v -6.558191 10.085712 -7.478725
v -7.531377 10.085703 -6.505549
v -6.538166 10.067829 -7.486533
v -7.539180 10.067812 -6.485547
v -7.526406 9.430534 -6.172379
v -7.823305 10.386639 -7.746144
v -7.760629 10.386639 -7.808820
v -6.558097 10.066795 -7.486533
v -7.539180 10.066765 -6.505471
v -6.520407 9.580020 -7.486533
v -6.216895 9.345438 -7.545744
v -6.228474 9.468396 -7.499451
v -7.560264 9.464070 -6.172396
v -6.521104 9.552134 -7.459830
v -6.235251 9.275820 -6.182604
v -6.260489 6.249790 -6.183328
v -7.539180 9.580020 -6.467760
v -7.512508 10.093547 -7.459860
v -7.531368 10.085734 -7.459860
v -6.235361 9.452110 -7.488951
v -7.541797 9.451985 -6.182834
v -6.228346 9.447762 -7.491762
v -7.544448 9.447473 -6.175838
v -6.225436 9.442297 -7.498476
v -7.550778 9.441543 -6.172926
v -7.512508 10.085734 -7.478721
v -7.539181 10.066874 -7.459860
v -6.520760 9.560300 -7.478714
v -7.531360 9.560297 -6.468108
v -7.760628 9.275820 -6.164246
v -7.531366 9.564867 -6.486228
v -6.538888 9.564873 -7.478722
v -7.539180 9.584183 -6.485518
v -6.538194 9.584200 -7.486533
v -7.531373 9.566299 -6.505544
v -6.558196 9.566309 -7.478730
v -7.539180 9.585217 -6.505450
v -6.558118 9.585247 -7.486533
v -6.216895 9.275820 -7.746144
v -7.512508 10.066874 -7.486533
v -7.512508 9.585137 -7.486533
v -7.512507 9.558464 -7.459860
v -7.531368 9.566277 -7.459860
v -7.512507 9.566277 -7.478721
v -7.527902 10.082269 -7.475255
v -7.531368 10.066875 -7.478721
v -7.539181 9.585137 -7.459860
v -6.216170 6.250109 -6.201685
v -7.527902 9.569742 -7.475255
v -7.531368 9.585136 -7.478721
v -6.197813 6.250059 -7.746144
v -6.216170 6.250109 -7.790463
v -6.178732 3.224298 -7.746145
v -6.260489 6.249790 -7.808820
v -6.197088 3.224397 -7.790464
v -6.178731 3.224298 -6.265087
v -6.193583 3.186687 -6.220767
v -6.197088 3.224397 -6.220767
v -6.237788 3.186230 -6.202410
v -6.241407 3.223760 -6.202410
v -6.175269 3.186772 -6.265087
v -6.183187 3.150079 -6.220767
v -6.227052 3.148899 -6.202410
v -6.164998 3.150513 -6.265087
v -6.241407 3.223760 -7.808820
v -5.764728 2.112493 -6.265087
v -5.775297 2.075360 -6.220767
v -5.783124 2.112596 -6.220767
v -5.819648 2.075123 -6.202410
v -5.827361 2.112383 -6.202410
v -5.756934 2.075321 -6.265087
v -5.779675 2.037646 -6.220767
v -5.761332 2.037598 -6.265087
v -5.824197 2.036934 -6.202410
v -6.193583 3.186687 -7.790464
v -6.175269 3.186772 -7.746145
v -6.183187 3.150079 -7.790464
v -6.164999 3.150513 -7.746145
v -6.237788 3.186230 -7.808820
v -6.227052 3.148899 -7.808820
v -5.764727 2.112487 -7.746145
v -5.775293 2.075360 -7.790464
v -5.756934 2.075321 -7.746145
v -5.783113 2.112568 -7.790464
v -5.761331 2.037603 -7.746145
v -5.779667 2.037674 -7.790464
v -5.819648 2.075123 -7.808820
v -5.827361 2.112383 -7.808820
v -5.824197 2.036934 -7.808820
v -6.301301 0.141285 -7.746145
v -7.757713 1.664111 -6.202410
v -7.802028 1.664094 -6.220767
v -7.760629 1.701762 -6.202410
v -7.804947 1.701734 -6.220767
v -7.749033 1.627259 -6.202410
v -7.793340 1.627221 -6.220767
v -6.319659 0.141285 -7.790463
v -7.820410 1.664155 -6.265086
v -7.823305 1.701668 -6.265086
v -7.811795 1.627530 -6.265086
v -6.327804 0.105111 -6.228913
v -6.363977 0.141285 -6.202410
v -6.319659 0.141285 -6.220767
v -6.301301 0.141285 -6.265087
v -6.363977 0.096966 -6.220767
v -6.319659 0.096966 -6.265087
v -6.363977 0.078609 -6.265087
v -6.363977 0.141285 -7.808820
v -7.320588 0.141285 -6.220767
v -7.276269 0.141285 -6.202410
v -7.312443 0.105111 -6.228913
v -7.276269 0.096966 -6.220767
v -7.338945 0.141285 -6.265086
v -7.276269 0.078609 -6.265086
v -7.320588 0.096966 -6.265086
v -7.823305 1.701668 -7.746145
v -7.820410 1.664155 -7.746145
v -7.804948 1.701734 -7.790463
v -7.802029 1.664094 -7.790463
v -7.760629 1.701762 -7.808820
v -7.757713 1.664111 -7.808820
v -7.811795 1.627530 -7.746145
v -7.793340 1.627221 -7.790463
v -7.749033 1.627259 -7.808820
v -6.327804 0.105111 -7.782318
v -6.319659 0.096966 -7.746145
v -6.363977 0.078609 -7.746145
v -6.363977 0.096966 -7.790463
v -7.312443 0.105111 -7.782318
v -7.276269 0.141285 -7.808820
v -7.320588 0.141285 -7.790463
v -7.338945 0.141285 -7.746145
v -7.276269 0.096966 -7.790463
v -7.320588 0.096966 -7.746145
v -7.276269 0.078609 -7.746145
v -7.804947 9.275820 -6.182603
v -6.235252 9.275820 -7.790462
v -7.823304 9.275820 -6.226922
v -6.279571 9.275820 -7.808820
v -6.197813 6.250059 -6.246005
v -7.823305 9.275820 -7.746144
v -7.760629 9.275820 -7.808820
v -7.760629 6.249714 -6.183328
v -7.804947 9.275820 -7.790462
v -7.804947 6.249714 -6.201685
v -7.823304 6.249714 -6.246004
v -7.823305 6.249714 -7.746144
v -7.760629 6.249714 -7.808820
v -7.804948 6.249714 -7.790463
v -7.760629 3.223608 -6.202410
v -7.804947 3.223608 -6.220767
v -7.823305 3.223608 -6.265086
v -7.760629 3.186128 -6.202410
v -7.760629 3.148647 -6.202410
v -7.760629 3.223608 -7.808820
v -7.823305 3.223608 -7.746145
v -7.804947 3.186128 -6.220767
v -7.804947 3.148647 -6.220767
v -7.804948 3.223608 -7.790463
v -7.823305 3.186128 -6.265086
v -7.823305 3.148647 -6.265086
v -7.760629 3.186128 -7.808820
v -7.823305 3.186128 -7.746145
v -7.760629 3.148647 -7.808820
v -7.823305 3.148647 -7.746145
v -7.804948 3.186128 -7.790463
v -7.804948 3.148647 -7.790463
v -6.257297 12.675673 -7.714426
v -6.300793 12.719292 -7.744589
v -7.759901 12.721960 -6.252642
v -7.728635 12.674939 -6.204619
v -6.486398 12.889767 -6.405856
v -6.484913 12.881034 -6.404273
v -6.480719 12.873975 -6.399864
v -7.535386 12.889829 -6.404811
v -7.536891 12.881069 -6.403253
v -7.541081 12.874050 -6.398912
v -6.481797 12.894274 -7.544554
v -6.479514 12.881860 -7.547076
v -6.473262 12.872513 -7.553986
v -7.535398 13.974147 -7.544553
v -7.538979 13.965612 -7.548370
v -7.545884 13.966292 -7.555730
v -7.559842 13.975207 -7.520109
v -7.563661 13.966665 -7.523695
v -7.571025 13.967346 -7.530609
v -7.559842 12.894036 -6.429243
v -7.562347 12.881845 -6.427032
v -7.569205 12.872695 -6.420978
v -6.457692 12.889830 -6.428720
v -6.456131 12.881071 -6.427277
v -6.451777 12.874059 -6.423275
v -6.457356 12.889835 -7.520106
v -6.455796 12.881076 -7.521621
v -6.451453 12.874063 -7.525840
v -7.552677 12.889687 -6.411959
v -7.554226 12.881102 -6.410408
v -7.558525 12.874304 -6.406105
v -7.552475 13.985950 -7.537187
v -7.556228 13.977601 -7.540927
v -7.563453 13.978480 -7.548129
v -6.464847 12.889751 -6.413030
v -6.463297 12.881127 -6.411481
v -6.458999 12.874332 -6.407186
v -6.464512 12.889690 -7.537393
v -6.462959 12.881105 -7.538945
v -6.458651 12.874313 -7.543252
vt 0.236027 0.915180
vt 0.235994 0.914265
vt 0.330785 0.036722
vt 0.331116 0.036875
vt 0.345045 0.051376
vt 0.316823 0.051108
vt 0.330954 0.036555
vt 0.330791 0.036559
vt 0.347884 0.020743
vt 0.361836 0.035259
vt 0.345284 0.051625
vt 0.316523 0.051260
vt 0.347664 0.020513
vt 0.347984 0.020611
vt 0.361974 0.035165
vt 0.362076 0.035506
vt 0.347779 0.020401
vt 0.258320 0.910420
vt 0.278937 0.912593
vt 0.362196 0.035419
vt 0.347878 0.020313
vt 0.282970 0.907768
vt 0.257702 0.905158
vt 0.279267 0.912734
vt 0.257348 0.904823
vt 0.283537 0.907812
vt 0.283598 0.906958
vt 0.257436 0.904508
vt 0.257340 0.904293
vt 0.283453 0.908960
vt 0.279507 0.912985
vt 0.284339 0.906994
vt 0.257953 0.903626
vt 0.283708 0.906098
vt 0.257318 0.903620
vt 0.284422 0.907727
vt 0.281576 0.950659
vt 0.277206 0.941741
vt 0.284597 0.906204
vt 0.259195 0.865160
vt 0.286269 0.866764
vt 0.258330 0.865125
vt 0.282389 0.951294
vt 0.299744 0.068101
vt 0.299809 0.040139
vt 0.287134 0.866818
vt 0.262838 0.864026
vt 0.282767 0.865211
vt 0.259882 0.845264
vt 0.259013 0.845236
vt 0.287529 0.846258
vt 0.288407 0.846296
vt 0.263772 0.862224
vt 0.264216 0.862474
vt 0.281560 0.863502
vt 0.281991 0.863289
vt 0.261289 0.862850
vt 0.261809 0.847656
vt 0.261137 0.790109
vt 0.262013 0.790134
vt 0.284402 0.864189
vt 0.285354 0.848536
vt 0.289406 0.791029
vt 0.290283 0.791061
vt 0.263907 0.862125
vt 0.264254 0.862326
vt 0.263636 0.861807
vt 0.281539 0.863351
vt 0.282150 0.862893
vt 0.281867 0.863182
vt 0.264256 0.848434
vt 0.264068 0.848803
vt 0.263250 0.734803
vt 0.264130 0.734829
vt 0.282956 0.849497
vt 0.282848 0.849108
vt 0.291202 0.735711
vt 0.292078 0.735744
vt 0.263992 0.862000
vt 0.264278 0.862178
vt 0.263782 0.861728
vt 0.281532 0.863201
vt 0.281999 0.862793
vt 0.281774 0.863073
vt 0.264378 0.848550
vt 0.264217 0.848892
vt 0.263471 0.846648
vt 0.264726 0.848250
vt 0.263332 0.734107
vt 0.264158 0.734143
vt 0.283820 0.847385
vt 0.282801 0.849570
vt 0.282437 0.848887
vt 0.282718 0.849203
vt 0.292086 0.735078
vt 0.291224 0.735021
vt 0.281861 0.862708
vt 0.264751 0.848403
vt 0.264461 0.848673
vt 0.264328 0.848991
vt 0.263521 0.733473
vt 0.237284 0.597456
vt 0.282402 0.849037
vt 0.282625 0.849301
vt 0.282673 0.849639
vt 0.209165 0.596470
vt 0.210035 0.596610
vt 0.264761 0.848556
vt 0.237529 0.617835
vt 0.236648 0.617926
vt 0.282381 0.849188
vt 0.209398 0.617079
vt 0.208524 0.616935
vt 0.237528 0.618636
vt 0.236625 0.618621
vt 0.208475 0.617734
vt 0.209377 0.617775
vt 0.237483 0.619433
vt 0.236605 0.619318
vt 0.209355 0.618471
vt 0.208472 0.618532
vt 0.236362 0.655741
vt 0.235486 0.655621
vt 0.208226 0.654763
vt 0.207345 0.654829
vt 0.236171 0.656431
vt 0.235459 0.656505
vt 0.208197 0.655646
vt 0.207491 0.655532
vt 0.227953 0.905171
vt 0.228849 0.904899
vt 0.228924 0.905583
vt 0.228107 0.905985
vt 0.228880 0.864511
vt 0.229751 0.864534
vt 0.198989 0.936413
vt 0.199036 0.937572
vt 0.230360 0.844361
vt 0.229488 0.844332
vt 0.201200 0.863708
vt 0.198116 0.936698
vt 0.198078 0.937645
vt 0.201822 0.843426
vt 0.231124 0.789164
vt 0.232000 0.789196
vt 0.200324 0.863683
vt 0.200947 0.843397
vt 0.203732 0.788181
vt 0.232806 0.733829
vt 0.233684 0.733860
vt 0.202856 0.788150
vt 0.205722 0.732873
vt 0.232829 0.733143
vt 0.233706 0.733172
vt 0.204845 0.732842
vt 0.205746 0.732189
vt 0.232852 0.732457
vt 0.233729 0.732486
vt 0.204870 0.732157
vt 0.205770 0.731504
vt 0.233747 0.706012
vt 0.234593 0.706026
vt 0.204893 0.731473
vt 0.206677 0.705089
vt 0.233794 0.705337
vt 0.234640 0.705338
vt 0.205832 0.705046
vt 0.206676 0.704413
vt 0.233843 0.704660
vt 0.234752 0.704602
vt 0.205832 0.704357
vt 0.206673 0.703736
vt 0.234834 0.675951
vt 0.235715 0.675877
vt 0.205770 0.703617
vt 0.207584 0.675058
vt 0.234864 0.675067
vt 0.235568 0.675181
vt 0.206711 0.674926
vt 0.207612 0.674176
vt 0.206905 0.674242
vt 0.582303 0.051503
vt 0.582666 0.051599
vt 0.579167 0.056765
vt 0.578716 0.056643
vt 0.581685 0.050400
vt 0.582827 0.051153
vt 0.593089 0.053954
vt 0.593917 0.060233
vt 0.579040 0.056921
vt 0.578644 0.056796
vt 0.593106 0.053517
vt 0.593514 0.053944
vt 0.594372 0.060342
vt 0.593957 0.060427
vt 0.593527 0.053468
vt 0.594422 0.060523
vt 0.561496 0.049418
vt 0.561506 0.049279
vt 0.561680 0.049497
vt 0.561657 0.049578
vt 0.551163 0.044525
vt 0.551276 0.044432
vt 0.562737 0.044023
vt 0.563137 0.044221
vt 0.550987 0.044507
vt 0.551024 0.044428
vt 0.554393 0.040223
vt 0.562842 0.043685
vt 0.563246 0.043855
vt 0.553988 0.040056
vt 0.554573 0.039930
vt 0.563017 0.043334
vt 0.563398 0.043492
vt 0.554186 0.039744
vt 0.554715 0.039575
vt 0.569840 0.026918
vt 0.570177 0.027053
vt 0.554349 0.039399
vt 0.561891 0.023567
vt 0.569986 0.026582
vt 0.570288 0.026764
vt 0.561561 0.023423
vt 0.562033 0.023224
vt 0.561687 0.023117
vt 0.316890 0.023003
vt 0.317133 0.022760
vt 0.330633 0.036398
vt 0.330478 0.036556
vt 0.316649 0.022759
vt 0.316892 0.022542
vt 0.316584 0.050862
vt 0.302766 0.037262
vt 0.302521 0.037022
vt 0.302523 0.037504
vt 0.316351 0.051103
vt 0.302308 0.037264
vt 0.282408 0.952035
vt 0.230583 0.980897
vt 0.228988 0.980402
vt 0.230374 0.979488
vt 0.277007 0.942120
vt 0.229521 0.908217
vt 0.237919 0.964546
vt 0.229644 0.906733
vt 0.229948 0.905942
vt 0.230655 0.906953
vt 0.257017 0.905166
vt 0.257263 0.904516
vt 0.236107 0.913649
vt 0.256458 0.910536
vt 0.257497 0.910403
vt 0.580282 0.050542
vt 0.578343 0.056452
vt 0.580500 0.050215
vt 0.578296 0.056600
vt 0.561862 0.049656
vt 0.563553 0.044347
vt 0.580715 0.049885
vt 0.581108 0.049942
vt 0.563665 0.043998
vt 0.561789 0.049792
vt 0.563780 0.043649
vt 0.586931 0.033372
vt 0.587256 0.033492
vt 0.581402 0.050339
vt 0.581466 0.050018
vt 0.561600 0.049573
vt 0.570515 0.027187
vt 0.587065 0.033022
vt 0.587354 0.033136
vt 0.587582 0.033613
vt 0.586514 0.052463
vt 0.586706 0.052153
vt 0.570646 0.026833
vt 0.587670 0.033243
vt 0.592933 0.035368
vt 0.592994 0.035003
vt 0.535554 0.036537
vt 0.538068 0.031952
vt 0.538394 0.032087
vt 0.535825 0.036746
vt 0.538508 0.031772
vt 0.538169 0.031577
vt 0.553622 0.039832
vt 0.550808 0.044381
vt 0.535747 0.036869
vt 0.535462 0.036650
vt 0.553804 0.039528
vt 0.538316 0.031232
vt 0.538603 0.031442
vt 0.550755 0.044516
vt 0.553983 0.039221
vt 0.537836 0.031389
vt 0.538018 0.031052
vt 0.545280 0.015618
vt 0.545613 0.015748
vt 0.551026 0.044526
vt 0.561231 0.023280
vt 0.533008 0.029374
vt 0.533083 0.029047
vt 0.544946 0.015490
vt 0.545442 0.015223
vt 0.545788 0.015393
vt 0.561392 0.022956
vt 0.539842 0.013586
vt 0.545095 0.015096
vt 0.539979 0.013377
vt 0.235427 0.657388
vt 0.236200 0.656664
vt 0.236310 0.657411
vt 0.208173 0.656528
vt 0.234890 0.674183
vt 0.235773 0.674217
vt 0.207643 0.673295
vt 0.207291 0.656495
vt 0.207450 0.655760
vt 0.235613 0.674956
vt 0.206762 0.673273
vt 0.206873 0.674016
vt 0.302281 0.037748
vt 0.316120 0.051348
vt 0.302035 0.037493
vt 0.299882 0.067908
vt 0.299982 0.040073
vt 0.299897 0.039677
vt 0.300070 0.068210
vt 0.299746 0.034809
vt 0.299972 0.068341
vt 0.299610 0.068305
vt 0.299884 0.068485
vt 0.256689 0.903620
vt 0.257464 0.865091
vt 0.229847 0.904927
vt 0.258144 0.845209
vt 0.230622 0.864558
vt 0.256048 0.847664
vt 0.255542 0.862447
vt 0.260261 0.790077
vt 0.234184 0.863275
vt 0.253631 0.863662
vt 0.253720 0.848468
vt 0.253571 0.848073
vt 0.253078 0.861791
vt 0.253274 0.861396
vt 0.262369 0.734764
vt 0.231231 0.844388
vt 0.232876 0.789225
vt 0.234510 0.861458
vt 0.234938 0.861646
vt 0.252606 0.861990
vt 0.253446 0.848178
vt 0.253573 0.848533
vt 0.253114 0.847868
vt 0.254225 0.846349
vt 0.252959 0.861675
vt 0.253126 0.861313
vt 0.234563 0.733889
vt 0.262452 0.734078
vt 0.234728 0.845754
vt 0.232991 0.847121
vt 0.232202 0.862116
vt 0.234365 0.861001
vt 0.234630 0.861345
vt 0.234971 0.861496
vt 0.252579 0.861836
vt 0.253080 0.848019
vt 0.235404 0.847335
vt 0.234585 0.733202
vt 0.262664 0.733400
vt 0.234955 0.847519
vt 0.234768 0.847921
vt 0.234518 0.860962
vt 0.235429 0.847489
vt 0.234607 0.732515
vt 0.270589 0.714656
vt 0.271465 0.714713
vt 0.235071 0.847637
vt 0.234921 0.848004
vt 0.235440 0.706039
vt 0.270752 0.713979
vt 0.271636 0.714013
vt 0.235498 0.705343
vt 0.270691 0.713278
vt 0.271574 0.713301
vt 0.235660 0.704664
vt 0.261919 0.678230
vt 0.262799 0.678237
vt 0.245203 0.677690
vt 0.261953 0.677351
vt 0.262683 0.677502
vt 0.244325 0.677637
vt 0.245227 0.676811
vt 0.244491 0.676912
vt 0.170272 0.903902
vt 0.170312 0.903170
vt 0.171114 0.903531
vt 0.170845 0.904368
vt 0.171507 0.862780
vt 0.172384 0.862807
vt 0.197269 0.936359
vt 0.197159 0.937551
vt 0.172143 0.842448
vt 0.173020 0.842477
vt 0.199448 0.863656
vt 0.173689 0.787131
vt 0.174567 0.787156
vt 0.200073 0.843368
vt 0.175310 0.731799
vt 0.176187 0.731818
vt 0.201980 0.788119
vt 0.176145 0.731128
vt 0.175273 0.731118
vt 0.203967 0.732811
vt 0.203992 0.732126
vt 0.175973 0.730438
vt 0.175103 0.730453
vt 0.204017 0.731441
vt 0.168457 0.711208
vt 0.169335 0.711211
vt 0.204986 0.705001
vt 0.169219 0.710524
vt 0.168333 0.710501
vt 0.204976 0.704304
vt 0.168444 0.709792
vt 0.169327 0.709828
vt 0.204861 0.703616
vt 0.179583 0.675399
vt 0.180461 0.675452
vt 0.197179 0.676051
vt 0.179749 0.674671
vt 0.180488 0.674572
vt 0.197215 0.675172
vt 0.198058 0.676058
vt 0.197944 0.675324
vt 0.532181 0.042048
vt 0.532331 0.041983
vt 0.532304 0.042364
vt 0.532164 0.042416
vt 0.532858 0.029662
vt 0.532998 0.029742
vt 0.537260 0.040439
vt 0.537322 0.040770
vt 0.537729 0.031740
vt 0.537606 0.040390
vt 0.537681 0.040731
vt 0.538068 0.031829
vt 0.549811 0.006630
vt 0.549605 0.006936
vt 0.546340 0.002816
vt 0.546530 0.002489
vt 0.550001 0.006838
vt 0.549828 0.007143
vt 0.545308 0.014723
vt 0.540184 0.013181
vt 0.550276 0.006991
vt 0.550112 0.007318
vt 0.545632 0.014846
vt 0.540028 0.013171
vt 0.546255 0.002680
vt 0.565581 0.014587
vt 0.565417 0.014914
vt 0.545965 0.015037
vt 0.565857 0.014769
vt 0.565746 0.015075
vt 0.561553 0.022631
vt 0.561883 0.022800
vt 0.291244 0.734333
vt 0.264185 0.733459
vt 0.292079 0.734411
vt 0.238162 0.597370
vt 0.362137 0.035115
vt 0.362334 0.035355
vt 0.348043 0.020453
vt 0.299650 0.040041
vt 0.316406 0.022516
vt 0.302276 0.036781
vt 0.316651 0.022271
vt 0.302033 0.037039
vt 0.299966 0.034500
vt 0.299969 0.006203
vt 0.300155 0.005902
vt 0.299872 0.034882
vt 0.299792 0.034436
vt 0.299830 0.006016
vt 0.300058 0.005773
vt 0.299697 0.005818
vt 0.299969 0.005628
vt 0.299623 0.039706
vt 0.299634 0.034535
vt 0.317377 0.022518
vt 0.330790 0.036242
vt 0.317135 0.022271
vt 0.333968 0.006397
vt 0.347373 0.020212
vt 0.333731 0.006149
vt 0.347509 0.020118
vt 0.334067 0.006263
vt 0.333821 0.006033
vt 0.347671 0.020066
vt 0.334122 0.006103
vt 0.333889 0.005898
vt 0.316376 0.051587
vt 0.317067 0.051356
vt 0.238232 0.965174
vt 0.281413 0.951531
vt 0.228878 0.981692
vt 0.299604 0.034850
vt 0.299769 0.039751
vt 0.578603 0.056790
vn -0.007032 0.999954 0.006568
vn -0.004562 0.924070 0.382197
vn 0.003730 0.924080 0.382181
vn 0.006269 0.999959 0.006540
vn -0.003564 0.382230 0.924060
vn -0.005675 0.005574 0.999968
vn 0.007678 0.005574 0.999955
vn 0.004728 0.382242 0.924050
vn -0.999893 0.009587 0.011065
vn -0.924136 0.382040 0.004242
vn -0.924136 0.382045 -0.003771
vn -0.999950 0.009822 -0.001640
vn -0.382648 0.923883 0.004563
vn -0.007016 0.999956 -0.006293
vn -0.382640 0.923891 -0.003454
vn -0.001705 0.009810 -0.999950
vn -0.004094 0.382200 -0.924071
vn 0.004195 0.382197 -0.924071
vn 0.011434 0.009579 -0.999889
vn -0.004039 0.924086 -0.382163
vn 0.006288 0.999960 -0.006308
vn 0.004255 0.924080 -0.382174
vn 0.381829 0.924225 0.003803
vn 0.381841 0.924219 -0.004212
vn 0.923971 0.382440 0.004149
vn 0.999962 0.005570 0.006727
vn 0.999966 0.005562 -0.006126
vn 0.923976 0.382431 -0.003866
vn -0.923934 0.003472 0.382537
vn -0.887952 0.324769 0.325678
vn -0.381608 0.003465 0.924318
vn -0.324851 0.324817 0.888237
vn -0.325865 0.887442 0.325973
vn -0.386341 0.023334 -0.922061
vn -0.325113 0.325283 -0.887971
vn -0.922086 0.023418 -0.386275
vn -0.888045 0.325209 -0.324985
vn -0.325149 0.888151 -0.324756
vn 0.346539 0.002563 0.938032
vn 0.325566 0.325797 0.887617
vn 0.917530 0.003860 0.397648
vn 0.887756 0.325838 0.325146
vn 0.324559 0.888387 0.324701
vn 0.924123 0.003466 -0.382079
vn 0.888042 0.325040 -0.325162
vn 0.382377 0.003474 -0.924000
vn 0.325326 0.325062 -0.887974
vn 0.325457 0.887724 -0.325613
vn 0.407342 0.807361 0.426897
vn 0.002918 0.706009 0.708197
vn 0.006678 0.719943 0.694001
vn 0.442707 0.785399 0.432619
vn 0.702852 0.711306 0.006544
vn 0.710277 0.703917 0.002576
vn 0.011760 0.005400 0.999916
vn 0.385174 0.001570 0.922843
vn 0.371659 0.101447 0.922810
vn 0.009369 0.210436 0.977563
vn 0.927857 0.098767 0.359621
vn 0.925149 0.001641 0.379600
vn 0.999920 0.005315 0.011516
vn 0.978496 0.206069 0.009010
vn -0.010227 0.396088 0.918155
vn -0.012682 0.004878 0.999908
vn 0.920642 0.390284 -0.009856
vn 0.710555 0.703628 -0.004278
vn 0.999912 0.004793 -0.012416
vn 0.924629 -0.000159 0.380870
vn 0.999858 -0.000031 0.016838
vn 0.017346 -0.000037 0.999850
vn 0.384474 -0.000194 0.923136
vn -0.017905 -0.000023 0.999840
vn -0.202500 0.720591 0.663131
vn -0.340763 0.443417 0.829013
vn -0.004190 0.705552 0.708645
vn -0.387322 0.003200 0.921939
vn 0.040193 0.671354 0.740047
vn -0.406203 0.609738 0.680602
vn -0.402022 0.605790 0.686584
vn 0.028568 0.673886 0.738283
vn 0.833542 0.436374 -0.338800
vn 0.665900 0.718342 -0.201402
vn 0.697746 0.602952 -0.386781
vn -0.073686 0.995028 -0.067002
vn -0.082972 0.994836 -0.058454
vn 0.750363 0.658356 0.059353
vn 0.921722 0.003252 -0.387837
vn -0.999969 0.002822 0.007391
vn -0.917590 0.002310 0.397522
vn -0.851664 0.231649 0.470114
vn -0.869972 0.324408 0.371360
vn -0.999692 0.019439 -0.015432
vn -0.878968 0.328351 0.345833
vn 0.472813 0.234493 -0.849389
vn 0.397789 0.002342 -0.917474
vn 0.010875 0.000544 -0.999941
vn 0.383323 0.316897 -0.867548
vn -0.012817 0.017656 -0.999762
vn 0.356544 0.320929 -0.877429
vn -0.404000 0.002526 -0.914756
vn -0.257973 0.325597 -0.909636
vn -0.916639 0.004402 -0.399693
vn -0.911673 0.334731 -0.238344
vn -0.386175 0.000268 0.922425
vn 0.999848 -0.000012 -0.017443
vn 0.922279 0.000278 -0.386525
vn -0.999957 -0.000002 0.009292
vn -0.920022 -0.000077 0.391866
vn 0.392018 -0.000076 -0.919958
vn 0.011977 -0.001621 -0.999927
vn 0.999741 0.003114 -0.022538
vn 0.997113 0.002736 -0.075885
vn 0.999177 -0.035448 -0.019701
vn -0.019641 -0.035304 0.999184
vn -0.076613 0.003318 0.997056
vn -0.022990 0.003070 0.999731
vn 0.994692 -0.102890 0.001417
vn 0.999651 -0.026342 0.001987
vn 0.001961 -0.028020 0.999605
vn 0.001853 -0.103426 0.994636
vn -0.003166 -0.360319 0.932824
vn -0.235371 -0.232943 0.943577
vn -0.415003 -0.002570 0.909817
vn 0.943707 -0.232796 -0.234997
vn 0.932772 -0.360450 -0.003535
vn 0.910397 -0.003192 -0.413723
vn -0.922954 -0.340411 0.179659
vn -0.997957 -0.017738 0.061370
vn -0.923247 -0.015162 0.383909
vn -0.806998 -0.311940 0.501446
vn 0.382771 -0.016246 -0.923700
vn 0.061227 -0.018119 -0.997959
vn 0.179610 -0.344043 -0.921615
vn 0.495368 -0.310790 -0.811184
vn -0.007351 -0.931903 0.362634
vn -0.398172 -0.849796 0.345407
vn -0.332882 -0.735544 0.590055
vn -0.006474 -0.800305 0.599559
vn 0.591066 -0.735438 -0.331318
vn 0.344986 -0.851382 -0.395138
vn 0.362615 -0.931909 -0.007452
vn 0.599582 -0.800284 -0.006856
vn -0.076911 -0.003077 0.997033
vn -0.023255 -0.002900 0.999725
vn 0.999733 -0.003224 -0.022886
vn 0.997085 -0.003219 -0.076236
vn -0.926738 -0.349791 0.137124
vn -0.999724 -0.009513 0.021478
vn 0.021400 -0.009840 -0.999723
vn 0.137602 -0.353602 -0.925220
vn -0.007243 -0.937278 0.348509
vn -0.392788 -0.860893 0.323391
vn 0.322854 -0.862522 -0.389643
vn 0.348494 -0.937282 -0.007373
vn -0.917501 -0.000847 -0.397732
vn -0.999894 -0.000031 -0.014541
vn -0.012669 -0.001684 -0.999918
vn -0.400921 -0.002262 -0.916110
vn -0.415117 0.003358 0.909762
vn 0.910616 0.002306 -0.413248
vn -0.001735 -0.029745 0.999556
vn -0.001932 -0.103951 0.994581
vn 0.383592 0.015141 -0.923378
vn 0.061498 0.018101 -0.997943
vn 0.994683 -0.102975 -0.001636
vn 0.999648 -0.026447 -0.002061
vn -0.997962 0.018080 0.061205
vn -0.923394 0.015483 0.383541
vn 0.003326 -0.360113 0.932903
vn 0.932777 -0.360440 0.003132
vn 0.006811 -0.800188 0.599710
vn 0.007463 -0.931897 0.362646
vn 0.362663 -0.931892 0.007283
vn 0.599610 -0.800266 0.006485
vn -0.860124 -0.450708 -0.238849
vn -0.922407 -0.018509 -0.385775
vn -0.392706 -0.018120 -0.919486
vn -0.241750 -0.454873 -0.857116
vn -0.004915 -0.988233 0.152879
vn -0.093422 -0.991408 -0.091558
vn 0.152899 -0.988230 -0.004872
vn 0.001299 -0.999998 0.001297
vn -0.999719 0.009842 0.021548
vn 0.021420 0.009672 -0.999724
vn -0.392451 0.018473 -0.919588
vn -0.922361 0.018286 -0.385896
vn 0.008264 -0.937043 0.349115
vn 0.349131 -0.937039 0.008098
vn -0.019839 0.035841 0.999161
vn 0.015808 -0.006058 0.999857
vn 0.999045 0.038984 -0.019753
vn 0.999856 0.006091 0.015846
vn -0.236674 0.234076 0.942971
vn 0.945159 0.233389 -0.228484
vn 0.999618 0.027559 0.002040
vn 0.994113 0.108333 0.001538
vn 0.001515 0.108701 0.994073
vn 0.001866 0.029161 0.999573
vn -0.923133 0.340512 0.178544
vn -0.810888 0.308185 0.497477
vn 0.512521 0.307966 -0.801548
vn 0.183091 0.347906 -0.919478
vn 0.163299 -0.986542 0.008318
vn 0.008323 -0.986542 0.163298
vn -0.003594 0.363811 0.931466
vn 0.931502 0.363723 -0.003191
vn -0.007514 0.931923 0.362579
vn -0.006876 0.801121 0.598463
vn -0.332141 0.736659 0.589081
vn -0.398167 0.850058 0.344767
vn 0.590799 0.735529 -0.331593
vn 0.598550 0.801059 -0.006511
vn 0.362685 0.931883 -0.007384
vn 0.347136 0.852287 -0.391285
vn 0.001550 -0.999966 0.008091
vn 0.008093 -0.999966 0.001548
vn -0.926779 0.350171 0.135872
vn 0.140799 0.357651 -0.923180
vn -0.392646 0.861289 0.322506
vn -0.007406 0.937284 0.348489
vn 0.348519 0.937273 -0.007294
vn 0.324375 0.863789 -0.385550
vn -0.859444 0.449957 -0.242683
vn -0.238958 0.457632 -0.856430
vn 0.021832 -0.035026 0.999148
vn -0.004965 0.988249 0.152773
vn -0.089465 0.991434 -0.095154
vn 0.153429 0.988147 -0.004992
vn 0.999126 -0.036949 0.019533
vn 0.001302 0.999998 0.001295
vn 0.241788 -0.220046 0.945049
vn 0.945853 -0.230938 0.228099
vn 0.325719 -0.731885 0.598542
vn 0.386804 -0.854555 0.346581
vn 0.347155 -0.854350 0.386743
vn 0.592332 -0.734648 0.330809
vn 0.914068 -0.002311 0.405554
vn 0.997116 0.003123 0.075833
vn 0.089427 0.003010 0.995989
vn 0.406324 -0.003878 0.913721
vn 0.915888 -0.014407 0.401176
vn 0.998001 -0.018774 0.060350
vn 0.919195 -0.349548 0.181372
vn 0.812104 -0.304196 0.497948
vn 0.182760 -0.349710 0.918859
vn 0.060757 -0.018445 0.997982
vn 0.390718 -0.015577 0.920379
vn 0.511454 -0.309595 0.801602
vn 0.024405 0.002789 0.999698
vn 0.999740 0.003241 0.022588
vn 0.598518 0.801080 0.006892
vn 0.362646 0.931897 0.007451
vn 0.003049 0.363705 0.931509
vn -0.002067 0.109477 0.993987
vn 0.007288 0.931907 0.362623
vn 0.006454 0.801056 0.598554
vn 0.994123 0.108245 -0.001319
vn 0.931493 0.363741 0.003589
vn 0.999621 0.027447 -0.001969
vn 0.388155 -0.859608 0.332279
vn 0.332945 -0.859421 0.387998
vn 0.999287 -0.008721 0.036742
vn 0.922046 -0.351540 0.162021
vn 0.162751 -0.351368 0.921983
vn 0.036755 -0.008404 0.999289
vn -0.001790 0.031247 0.999510
vn 0.349142 0.937033 0.008268
vn 0.008099 0.937038 0.349133
vn 0.088864 -0.002679 0.996040
vn 0.406428 0.002739 0.913679
vn 0.913981 0.003146 0.405745
vn 0.997100 -0.002863 0.076053
vn 0.060596 0.018784 0.997986
vn 0.390152 0.015954 0.920612
vn 0.915436 0.015188 0.402176
vn 0.997969 0.018412 0.060980
vn 0.008319 0.986543 0.163289
vn 0.164957 0.986266 0.008284
vn 0.008091 0.999966 0.001549
vn 0.001591 0.999966 0.008093
vn 0.027258 -0.002913 0.999624
vn 0.999735 -0.003097 0.022816
vn 0.148177 -0.909389 0.388657
vn 0.388884 -0.909290 0.148192
vn 0.999289 0.008399 0.036756
vn 0.001407 -0.923609 0.383332
vn 0.383640 -0.923482 0.001406
vn 0.057803 -0.372973 0.926040
vn 0.001988 -0.013990 0.999900
vn 0.999900 -0.013992 0.002002
vn 0.926133 -0.372727 0.057893
vn 0.000482 -0.381987 0.924168
vn 0.000018 -0.015533 0.999879
vn 0.999879 -0.015534 0.000018
vn 0.924271 -0.381737 0.000478
vn 0.036741 0.008726 0.999287
vn 0.011885 -0.006230 0.999910
vn 0.382702 -0.003413 0.923866
vn 0.382686 -0.002500 0.923875
vn 0.008003 -0.999936 0.007998
vn 0.004976 -0.923872 0.382668
vn 0.382971 -0.923747 0.004975
vn 0.181431 0.349783 0.919095
vn 0.504247 0.307150 0.807090
vn 0.805105 0.308672 0.506485
vn 0.918955 0.349593 0.182500
vn 0.589326 0.736636 0.331756
vn 0.346410 0.854576 0.386910
vn 0.386767 0.854351 0.347124
vn 0.329416 0.734028 0.593875
vn 0.944188 0.234088 0.231758
vn 0.999093 0.037753 0.019684
vn 0.024971 0.035023 0.999075
vn 0.236658 0.227494 0.944584
vn 0.004957 -0.381526 0.924345
vn 0.007924 -0.015500 0.999848
vn 0.999849 -0.015496 0.007923
vn 0.924445 -0.381282 0.004949
vn -0.015946 -0.006139 0.999854
vn 0.332283 0.859608 0.388152
vn 0.388040 0.859402 0.332946
vn 0.999857 0.006164 -0.015745
vn 0.162015 0.351579 0.922032
vn 0.921999 0.351327 0.162752
vn 0.388661 0.909390 0.148165
vn 0.148120 0.909281 0.388932
vn 0.926046 0.372956 0.057811
vn 0.999900 0.013990 0.001999
vn 0.001991 0.013990 0.999900
vn 0.057899 0.372719 0.926136
vn 0.383363 0.923597 0.001406
vn 0.001404 0.923464 0.383682
vn 0.924146 0.382040 0.000480
vn 0.999879 0.015535 0.000018
vn 0.000018 0.015533 0.999879
vn 0.000478 0.381725 0.924276
vn 0.007924 0.015496 0.999849
vn 0.004950 0.381271 0.924450
vn 0.007998 0.999936 0.008004
vn 0.382699 0.923860 0.004976
vn 0.924323 0.381580 0.004957
vn 0.999848 0.015502 0.007923
vn 0.004975 0.923730 0.383012
vn 0.325260 -0.887928 0.325254
vn 0.924280 -0.009731 0.381592
vn 0.887936 -0.325257 0.325235
vn 0.325210 -0.325290 0.887933
vn 0.381596 -0.009732 0.924278
vn 0.325251 0.887922 0.325279
vn 0.381597 0.009731 0.924278
vn 0.325239 0.325296 0.887920
vn 0.887930 0.325253 0.325253
vn 0.924279 0.009731 0.381593
vn 0.999902 0.007353 -0.011930
vn 0.923870 0.006780 -0.382648
vn 0.923868 0.005827 -0.382666
vn 0.999910 0.006306 -0.011885
vn 0.382651 0.002845 -0.923889
vn 0.011786 0.000087 -0.999931
vn 0.011884 0.000075 -0.999929
vn 0.382659 0.002413 -0.923886
vn 0.911229 0.166169 0.376894
vn 0.983019 0.183105 0.012099
vn 0.999904 0.007276 0.011842
vn 0.923880 0.004392 0.382658
vn 0.010453 0.001870 0.999944
vn 0.381800 0.075865 0.921126
vn 0.382716 -0.002906 0.923862
vn 0.011806 -0.006136 0.999911
vn 0.871320 0.332526 0.360871
vn 0.934042 0.356961 0.012077
vn 0.005733 0.002183 0.999981
vn 0.378631 0.145072 0.914107
vn 0.922963 0.043838 0.382384
vn 0.998909 0.045253 0.011573
vn 0.934888 0.354792 0.010323
vn 0.871650 0.331481 0.361036
vn 0.011060 0.000523 0.999939
vn 0.382321 0.015177 0.923905
vn 0.378741 0.142793 0.914421
vn 0.011263 0.004292 0.999927
vn 0.022534 -0.006358 0.999726
vn 0.380488 -0.106726 0.918607
vn 0.894089 -0.251906 0.370334
vn 0.962542 -0.270915 0.010858
vn 0.911234 0.166161 -0.376885
vn 0.983019 0.183105 -0.012100
vn 0.871323 0.332530 -0.360861
vn 0.934041 0.356961 -0.012077
vn 0.010452 0.001870 -0.999944
vn 0.381788 0.075859 -0.921132
vn 0.005734 0.002183 -0.999981
vn 0.378618 0.145066 -0.914114
vn 0.922992 0.043842 -0.382313
vn 0.871653 0.331486 -0.361024
vn 0.934888 0.354793 -0.010327
vn 0.998909 0.045253 -0.011565
vn 0.962542 -0.270915 -0.010862
vn 0.894090 -0.251907 -0.370333
vn 0.011057 0.000522 -0.999939
vn 0.011266 0.004293 -0.999927
vn 0.378726 0.142785 -0.914428
vn 0.382279 0.015174 -0.923922
vn 0.380478 -0.106723 -0.918612
vn 0.022540 -0.006360 -0.999726
vn 0.960959 -0.276423 -0.012208
vn 0.893436 -0.255759 -0.369269
vn -0.013325 -0.000027 0.999911
vn -0.382677 -0.000719 0.923882
vn -0.382069 -0.056632 0.922397
vn -0.009910 -0.001611 0.999950
vn -0.379929 -0.119831 0.917221
vn -0.013683 -0.004333 0.999897
vn 0.379718 -0.111723 -0.918331
vn 0.010138 -0.008739 -0.999910
vn -0.923875 -0.001839 0.382690
vn -0.999926 -0.001949 0.012019
vn -0.988106 -0.153325 0.011720
vn -0.914023 -0.144852 0.378919
vn -0.953430 -0.301426 0.010637
vn -0.886763 -0.280580 0.367322
vn 0.010138 -0.008740 0.999910
vn 0.011991 -0.381312 0.924369
vn 0.325260 -0.325273 0.887921
vn 0.379728 -0.111725 0.918327
vn 0.887920 -0.325268 0.325267
vn 0.924201 -0.381833 0.007487
vn 0.960959 -0.276422 0.012207
vn 0.893436 -0.255758 0.369268
vn 0.018999 -0.999749 0.011843
vn 0.381835 -0.924200 0.007487
vn 0.325275 -0.887917 0.325269
vn 0.011992 -0.924367 0.381315
vn -0.325261 -0.325269 0.887922
vn -0.011991 -0.381312 0.924369
vn -0.007739 -0.008249 0.999936
vn -0.378989 -0.124865 0.916939
vn -0.952112 -0.305510 0.012143
vn -0.924201 -0.381832 0.007487
vn -0.887922 -0.325256 0.325274
vn -0.886454 -0.283044 0.366178
vn -0.325268 -0.887918 0.325274
vn -0.381835 -0.924200 0.007487
vn -0.018999 -0.999749 0.011843
vn -0.011991 -0.924367 0.381316
vn -0.923879 -0.001839 -0.382682
vn -0.914029 -0.144851 -0.378907
vn -0.988106 -0.153325 -0.011720
vn -0.999926 -0.001949 -0.012019
vn -0.013325 -0.000027 -0.999911
vn -0.009909 -0.001611 -0.999950
vn -0.382071 -0.056631 -0.922396
vn -0.382675 -0.000719 -0.923883
vn -0.886767 -0.280578 -0.367315
vn -0.953430 -0.301426 -0.010637
vn -0.013683 -0.004333 -0.999897
vn -0.379922 -0.119831 -0.917224
vn 0.924201 -0.381833 -0.007487
vn 0.887914 -0.325276 -0.325277
vn 0.325268 -0.325270 -0.887919
vn 0.011992 -0.381312 -0.924369
vn 0.018999 -0.999749 -0.011843
vn 0.011992 -0.924366 -0.381319
vn 0.325266 -0.887919 -0.325272
vn 0.381835 -0.924200 -0.007487
vn -0.007738 -0.008249 -0.999936
vn -0.011992 -0.381312 -0.924369
vn -0.325268 -0.325268 -0.887920
vn -0.378982 -0.124864 -0.916941
vn -0.887916 -0.325268 -0.325278
vn -0.924201 -0.381833 -0.007487
vn -0.952112 -0.305510 -0.012143
vn -0.886457 -0.283042 -0.366171
vn -0.018999 -0.999749 -0.011843
vn -0.381835 -0.924200 -0.007487
vn -0.325269 -0.887917 -0.325275
vn -0.011992 -0.924366 -0.381319
vn 0.923881 0.002493 0.382672
vn -0.382683 -0.004263 0.923870
vn 0.923871 0.004260 -0.382681
vn -0.923878 -0.001763 0.382683
vn -0.999930 -0.000055 0.011858
vn 0.382671 0.001767 -0.923883
vn 0.011913 0.000055 -0.999929
vn 0.923880 0.003413 0.382667
vn 0.999910 0.006231 0.011884
vn -0.999931 0.000000 -0.011792
vn -0.011979 0.000000 -0.999928
vn -0.011885 -0.006305 0.999910
vn -0.923880 0.000000 -0.382682
vn -0.382681 0.000000 -0.923880
vn -0.382679 -0.005826 0.923863
vn -0.999929 -0.000075 0.011885
vn -0.923876 -0.002413 0.382684
vn -0.999929 0.000000 -0.011885
vn -0.011885 0.000000 -0.999929
vn -0.923882 0.000000 -0.382677
vn -0.382682 0.000000 -0.923880
vn -0.011829 -0.006228 0.999911
vn -0.382679 -0.005754 0.923863
vn -0.999930 -0.000074 0.011872
vn -0.923876 -0.002384 0.382684
vn -0.011707 0.000000 0.999932
vn -0.011762 0.000000 0.999931
vn -0.011812 0.000000 -0.999930
vn -0.999928 0.000000 -0.011959
vn -0.382685 0.000000 0.923879
vn -0.382677 0.000000 0.923882
vn -0.382682 0.000000 -0.923880
vn -0.923884 0.000000 -0.382672
vn -0.999928 0.000000 0.012034
vn -0.923879 0.000000 0.382685
vn -0.999928 0.000000 0.012033
vn -0.923879 0.000000 0.382685
vn -0.011707 0.000000 -0.999932
vn -0.999928 0.000000 -0.012033
vn -0.011761 0.000000 -0.999931
vn -0.999928 0.000000 -0.012033
vn -0.382670 0.000000 -0.923885
vn -0.923883 0.000000 -0.382676
vn -0.382675 0.000000 -0.923883
vn -0.923882 0.000000 -0.382677
vn 0.703825 0.597110 -0.384824
vn 0.748923 0.661019 0.046570
vn -0.381998 0.001703 0.924162
vn -0.005731 0.001371 0.999983
vn -0.999262 0.012683 0.036258
vn -0.923492 0.002877 0.383607
vn -0.920995 -0.000790 -0.389575
vn -0.999996 0.002359 0.001529
vn 0.001574 0.002322 -0.999996
vn -0.389622 -0.000791 -0.920975
vn 0.917243 0.001884 0.398324
vn 0.999976 0.001363 0.006788
vn 0.007648 0.001357 0.999970
vn 0.346313 0.001239 0.938118
vn 0.383494 0.002943 -0.923539
vn 0.038386 0.013008 -0.999178
vn 0.999980 0.001365 -0.006180
vn 0.923966 0.001708 -0.382471
vn 0.079729 0.738979 0.668995
vn 0.001635 0.697645 0.716441
vn 0.715838 0.698265 0.001395
vn 0.665406 0.741438 0.086630
vn 0.435905 0.611907 0.659968
vn 0.726446 0.508904 0.461837
vn 0.726446 0.508904 0.461837
vn 0.478647 0.515909 0.710447
vn 0.478647 0.515909 0.710447
vn 0.667671 0.600952 0.439400
vn 0.428629 0.615452 0.661434
vn 0.715816 0.698288 -0.001099
vn 0.625508 0.769892 -0.126518
vn 0.668989 0.604175 0.432927
vn -0.126920 0.769446 0.625975
vn -0.000857 0.697659 0.716430
vn 0.006303 0.386433 0.922296
vn 0.278794 0.454930 0.845762
vn -0.004553 0.386947 0.922091
vn 0.597024 0.584666 -0.549298
vn 0.266763 0.265551 -0.926456
vn 0.648133 0.638334 -0.415274
vn -0.083400 0.437125 -0.895525
vn -0.083400 0.437125 -0.895526
vn 0.436070 0.835746 -0.333724
vn 0.436070 0.835746 -0.333724
vn -0.927878 0.267559 0.259722
vn -0.558819 0.589907 0.582865
vn -0.421436 0.647012 0.635427
vn -0.593069 0.508648 0.624136
vn 0.923227 0.384216 0.005585
vn 0.922687 0.385518 -0.004968
vn 0.623738 0.508598 -0.593531
vn -0.307030 0.857821 0.412160
vn -0.307030 0.857821 0.412160
vn -0.890121 0.443821 -0.103482
vn -0.890121 0.443821 -0.103482
vn 0.808904 0.462621 0.362845
s 1
g all Sunmao_005 leg_002
usemtl phongE1SG
f 3942/5339/9775 3941/5340/9776 3955/5341/9777 3954/5342/9778
s 2
f 3941/5340/9779 3940/5604/9780 3956/5605/9781 3955/5341/9782
f 3944/5589/9783 3943/5343/9784 3947/5347/9785 3946/5590/9786
s 1
f 3943/5343/9787 3942/5339/9775 3948/5346/9788 3947/5347/9789
s 2
f 3950/5434/9790 3949/5348/9791 3959/5349/9792 3958/5435/9793
s 1
f 3949/5348/9794 3948/5346/9788 3960/5345/9795 3959/5349/9796
f 3954/5342/9778 3953/5116/9797 3961/5119/9798 3960/5345/9795
s 2
f 3953/5116/9799 3952/5117/9800 3962/5617/9801 3961/5119/9802
s 1
f 3954/5342/9778 3960/5345/9795 3948/5346/9788 3942/5339/9775
s 2
f 3943/5343/9784 3944/5589/9783 3939/5591/9803 3963/5344/9804
f 3939/5606/9805 3940/5604/9780 3941/5340/9779 3963/5344/9806
s 1
f 3941/5340/9776 3942/5339/9775 3943/5343/9787 3963/5344/9807
s 2
f 3949/5348/9791 3950/5434/9790 3945/5436/9808 3964/5350/9809
f 3945/5592/9810 3946/5590/9786 3947/5347/9785 3964/5350/9811
s 1
f 3947/5347/9789 3948/5346/9788 3949/5348/9794 3964/5350/9812
s 2
f 3955/5341/9782 3956/5605/9781 3951/5120/9813 3965/5121/9814
f 3951/5120/9815 3952/5117/9800 3953/5116/9799 3965/5121/9816
s 1
f 3953/5116/9797 3954/5342/9778 3955/5341/9777 3965/5121/9817
s 2
f 3961/5119/9802 3962/5617/9801 3957/5616/9818 3966/5125/9819
f 3957/5616/9820 3958/5435/9793 3959/5349/9792 3966/5125/9821
s 1
f 3959/5349/9796 3960/5345/9795 3961/5119/9798 3966/5125/9822
s 2
f 3968/5138/9823 3971/5361/9824 3967/5362/9825 3969/5142/9826
f 3970/5141/9827 3972/5136/9828 3968/5138/9823 3969/5142/9826
f 3973/5445/9829 3975/5148/9830 3969/5142/9831 3967/5362/9832
f 3969/5142/9833 3975/5148/9834 3974/5146/9835 3970/5141/9836
f 3976/5359/9837 3981/5447/9838 3973/5445/9829 3967/5362/9832
f 3977/5140/9839 4295/5135/9840 3972/5136/9828 3970/5141/9827
f 3974/5146/9835 3983/5147/9841 3977/5140/9839 3970/5141/9836
f 3978/5155/9842 3987/5153/9843 3974/5146/9835 3975/5148/9834
f 3979/5446/9844 3978/5155/9845 3975/5148/9830 3973/5445/9829
f 3981/5447/9838 4012/5449/9846 3979/5446/9844 3973/5445/9829
f 3980/5358/9847 3986/5245/9848 3976/5359/9837 4298/5360/9849
f 3986/5245/9848 3994/5244/9850 3981/5447/9838 3976/5359/9837
f 3984/5354/9851 3992/5353/9852 3988/5246/9853 4297/5356/9854
f 3977/5140/9839 3989/5145/9855 3982/5139/9856 4295/5135/9840
f 3991/5156/9857 3995/5351/9858 3990/5619/9859 3985/5150/9860
f 3990/5352/9859 3995/5620/9858 3992/5353/9852 3984/5354/9851
f 3983/5147/9841 3997/5152/9861 3989/5145/9855 3977/5140/9839
s 11
f 3996/5243/9862 3994/5244/9863 3986/5245/9864 3988/5246/9865
f 3998/5249/9866 3996/5243/9862 3988/5246/9865 3992/5250/9867
s 12
f 3989/5508/9868 3997/5509/9869 3999/5510/9870 3993/5511/9871
f 3993/5511/9871 3999/5510/9870 4000/5514/9872 3991/5515/9873
f 3991/5515/9873 4000/5514/9872 4001/5254/9874 3995/5255/9875
s 11
f 4001/5254/9876 3998/5249/9866 3992/5250/9867 3995/5255/9877
s 2
f 4002/5248/9878 4012/5449/9846 3981/5447/9838 3994/5244/9850
f 3983/5147/9841 4048/5154/9879 4003/5159/9880 3997/5152/9861
s 11
f 4004/5247/9881 4002/5248/9882 3994/5244/9863 3996/5243/9862
s 12
f 3997/5509/9869 4003/5512/9883 4005/5513/9884 3999/5510/9870
s 2
f 4007/5170/9885 4013/5180/9886 4006/5166/9887 3987/5153/9843
f 4009/5457/9888 4014/5458/9889 4008/5451/9890 3979/5446/9844
f 4006/5166/9887 4015/5167/9891 4010/5160/9892 3987/5153/9843
f 4011/5454/9893 4016/5464/9894 4009/5457/9888 3979/5446/9844
f 4016/5464/9894 4019/5479/9895 4017/5469/9896 4009/5457/9888
f 4017/5469/9896 4021/5470/9897 4014/5458/9889 4009/5457/9888
f 4018/5178/9898 4020/5179/9899 4015/5167/9891 4006/5166/9887
f 4013/5180/9886 4022/5194/9900 4018/5178/9898 4006/5166/9887
s 15
f 4023/5298/9901 4027/5297/9902 4021/5303/9903 4017/5623/9904
s 16
f 4022/5549/9905 4028/5550/9906 4024/5551/9907 4018/5552/9908
s 17
f 4025/5367/9909 4023/5298/9910 4017/5304/9911 4019/5369/9912
f 4018/5178/9913 4024/5192/9914 4026/5193/9915 4020/5179/9916
s 2
f 4014/5458/9889 4036/5455/9917 4029/5450/9918 4008/5451/9890
f 4030/5171/9919 4037/5185/9920 4013/5180/9886 4007/5170/9885
s 15
f 4031/5295/9921 4042/5296/9922 4027/5297/9902 4023/5298/9901
s 16
f 4028/5550/9906 4043/5555/9923 4032/5556/9924 4024/5551/9907
s 17
f 4033/5366/9925 4031/5295/9926 4023/5298/9910 4025/5367/9909
f 4024/5386/9914 4032/5379/9927 4034/5380/9928 4026/5387/9915
s 11
f 4035/5259/9929 4133/5253/9930 3998/5249/9866 4001/5254/9876
s 12
f 4000/5514/9872 4134/5518/9931 4035/5259/9932 4001/5254/9874
s 2
f 4021/5470/9897 4056/5466/9933 4036/5455/9917 4014/5458/9889
f 4037/5185/9920 4039/5199/9934 4022/5194/9900 4013/5180/9886
f 4038/5453/9935 4044/5463/9936 4016/5464/9894 4011/5454/9893
s 16
f 4039/5553/9937 4057/5554/9938 4028/5550/9906 4022/5549/9905
s 2
f 4015/5167/9891 4061/5168/9939 4040/5161/9940 4010/5160/9892
s 15
f 4041/5302/9941 4056/5308/9942 4021/5303/9903 4027/5297/9902
s 2
f 4044/5463/9936 4046/5478/9943 4019/5479/9895 4016/5464/9894
f 4045/5181/9944 4061/5168/9939 4015/5167/9891 4020/5179/9899
s 17
f 4046/5375/9945 4062/5370/9946 4025/5367/9909 4019/5369/9912
f 4047/5195/9947 4045/5181/9948 4020/5179/9916 4026/5193/9915
s 15
f 4031/5295/9921 4050/5299/9949 4049/5300/9950 4042/5296/9922
s 16
f 4049/5558/9951 4050/5559/9952 4032/5556/9924 4043/5555/9923
s 17
f 4051/5368/9953 4050/5299/9954 4031/5295/9926 4033/5366/9925
f 4032/5379/9927 4050/5299/9954 4052/5373/9955 4034/5380/9928
f 4050/5299/9954 4051/5368/9953 4053/5372/9956 4052/5373/9955
s 15
f 4054/5301/9957 4041/5302/9941 4027/5297/9902 4042/5296/9922
s 16
f 4028/5550/9906 4057/5554/9938 4055/5557/9958 4043/5555/9923
f 4055/5557/9958 4058/5560/9959 4049/5558/9951 4043/5555/9923
s 15
f 4058/5305/9960 4054/5301/9957 4042/5296/9922 4049/5300/9950
s 17
f 4025/5367/9909 4062/5370/9946 4059/5371/9961 4033/5366/9925
f 4060/5385/9962 4047/5390/9947 4026/5387/9915 4034/5380/9928
s 2
f 4029/5450/9918 4036/5455/9917 4063/5456/9963 4064/5448/9964
f 4065/5184/9965 4037/5185/9920 4030/5171/9919 4066/5162/9966
f 4067/5465/9967 4063/5456/9963 4036/5455/9917 4056/5466/9933
f 4037/5185/9920 4065/5184/9965 4068/5198/9968 4039/5199/9934
f 4069/5200/9969 4076/5201/9970 4065/5184/9965 4066/5162/9966
f 4063/5456/9963 4075/5467/9971 4070/5468/9972 4064/5448/9964
s 15
f 4071/5307/9973 4067/5310/9974 4056/5308/9942 4041/5302/9941
s 16
f 4039/5199/9937 4068/5198/9975 4072/5212/9976 4057/5213/9938
s 17
f 4073/5378/9977 4060/5385/9962 4034/5380/9928 4052/5373/9955
f 4033/5366/9925 4059/5371/9961 4074/5374/9978 4051/5368/9953
s 2
f 4067/5465/9967 4079/5480/9979 4075/5467/9971 4063/5456/9963
f 4076/5201/9970 4080/5211/9980 4068/5198/9968 4065/5184/9965
s 19
f 4077/5395/9981 4079/5400/9982 4067/5401/9983 4071/5392/9984
f 4068/5198/9985 4080/5211/9986 4078/5221/9987 4072/5212/9988
s 17
f 4081/5377/9989 4073/5378/9977 4052/5373/9955 4053/5372/9956
f 4051/5368/9953 4074/5374/9978 4082/5376/9990 4053/5372/9956
s 15
f 4041/5302/9941 4054/5301/9957 4083/5306/9991 4071/5307/9973
s 16
f 4084/5407/9992 4055/5557/9958 4057/5554/9938 4072/5413/9976
s 19
f 4071/5392/9984 4083/5393/9993 4085/5394/9994 4077/5395/9981
f 4086/5408/9995 4084/5407/9996 4072/5413/9988 4078/5414/9987
s 15
f 4058/5305/9960 4087/5309/9997 4083/5306/9991 4054/5301/9957
s 16
f 4055/5557/9958 4084/5407/9992 4087/5397/9998 4058/5560/9959
s 2
f 4038/5453/9935 4012/5449/9846 4088/5462/9999 4044/5463/9936
s 19
f 4089/5396/10000 4085/5394/9994 4083/5393/9993 4087/5397/10001
f 4084/5407/9996 4086/5408/9995 4090/5403/10002 4087/5397/10001
s 2
f 4091/5169/10003 4048/5154/9879 4040/5161/9940 4061/5168/9939
s 19
f 4087/5397/10001 4090/5403/10002 4092/5404/10004 4089/5396/10000
s 2
f 4044/5463/9936 4088/5462/9999 4093/5477/10005 4046/5478/9943
f 4094/5183/10006 4091/5169/10003 4061/5168/9939 4045/5181/9944
s 17
f 4093/5381/10007 4095/5313/10008 4062/5370/9946 4046/5375/9945
f 4047/5195/9947 4096/5197/10009 4094/5183/10010 4045/5181/9948
s 2
f 4094/5183/10006 4100/5196/10011 4097/5182/10012 4091/5169/10003
f 4098/5476/10013 4099/5486/10014 4093/5477/10005 4088/5462/9999
s 21
f 4099/5311/10015 4101/5312/10016 4095/5313/10017 4093/5314/10018
s 22
f 4096/5197/10019 4102/5210/10020 4100/5196/10021 4094/5183/10022
s 2
f 4103/5475/10023 4098/5476/10013 4088/5462/9999 4012/5449/9846
f 4104/5174/10024 4048/5154/9879 4091/5169/10003 4097/5182/10012
s 19
f 4105/5216/10025 4112/5224/10026 4078/5221/9987 4080/5211/9986
s 2
f 4106/5487/10027 4132/5481/10028 4075/5467/9971 4079/5480/9979
s 19
f 4107/5399/10029 4106/5405/10030 4079/5400/9982 4077/5395/9981
s 2
f 4108/5206/10031 4105/5216/10032 4080/5211/9980 4076/5201/9970
f 4069/5200/9969 4138/5204/10033 4108/5206/10031 4076/5201/9970
s 17
f 4095/5313/10008 4109/5318/10034 4059/5371/9961 4062/5370/9946
f 4060/5385/9962 4110/5389/10035 4096/5391/10009 4047/5390/9947
s 21
f 4101/5312/10016 4118/5317/10036 4109/5318/10037 4095/5313/10017
s 22
f 4110/5561/10038 4119/5562/10039 4102/5563/10020 4096/5564/10019
s 2
f 4075/5467/9971 4132/5481/10028 4111/5473/10040 4070/5468/9972
s 19
f 4112/5419/10026 4141/5415/10041 4086/5408/9995 4078/5414/9987
f 4113/5398/10042 4107/5399/10029 4077/5395/9981 4085/5394/9994
s 2
f 4098/5476/10013 4140/5485/10043 4114/5492/10044 4099/5486/10014
f 4100/5196/10011 4139/5205/10045 4115/5188/10046 4097/5182/10012
s 22
f 4116/5568/10047 4139/5572/10048 4100/5573/10021 4102/5563/10020
s 21
f 4099/5311/10015 4114/5315/10049 4117/5316/10050 4101/5312/10016
s 19
f 4120/5402/10051 4113/5398/10042 4085/5394/9994 4089/5396/10000
f 4086/5408/9995 4141/5415/10041 4121/5409/10052 4090/5403/10002
f 4122/5406/10053 4120/5402/10051 4089/5396/10000 4092/5404/10004
f 4090/5403/10002 4121/5409/10052 4123/5410/10054 4092/5404/10004
s 2
f 4124/5474/10055 4140/5485/10043 4098/5476/10013 4103/5475/10023
f 4097/5182/10012 4115/5188/10046 4125/5175/10056 4104/5174/10024
s 17
f 4073/5378/9977 4126/5384/10057 4110/5389/10035 4060/5385/9962
f 4109/5318/10034 4127/5323/10058 4074/5374/9978 4059/5371/9961
s 21
f 4117/5316/10050 4144/5321/10059 4118/5317/10036 4101/5312/10016
s 17
f 4081/5377/9989 4128/5383/10060 4126/5384/10057 4073/5378/9977
f 4127/5323/10058 4129/5327/10061 4082/5376/9990 4074/5374/9978
s 22
f 4126/5565/10062 4130/5566/10063 4119/5562/10039 4110/5561/10038
s 21
f 4118/5317/10036 4131/5322/10064 4127/5323/10065 4109/5318/10037
s 22
f 4128/5569/10066 4135/5570/10067 4130/5566/10063 4126/5565/10062
s 21
f 4131/5322/10064 4136/5326/10068 4129/5327/10069 4127/5323/10065
s 22
f 4137/5567/10070 4116/5568/10047 4102/5563/10020 4119/5562/10039
s 2
f 4143/5452/10071 4175/5172/10072 4142/5163/10073 4064/5448/9964
s 17
f 4145/5382/10074 4153/5388/10075 4128/5383/10060 4081/5377/9989
f 4146/5331/10076 4145/5382/10074 4082/5376/9990 4129/5327/10061
s 22
f 4147/5217/10077 4149/5207/10078 4139/5205/10048 4116/5218/10047
s 21
f 4114/5315/10049 4150/5319/10079 4148/5320/10080 4117/5316/10050
s 19
f 4149/5207/10081 4147/5217/10082 4112/5224/10026 4105/5216/10025
f 4107/5399/10029 4148/5320/10083 4150/5411/10084 4106/5405/10030
s 2
f 4149/5207/10085 4151/5189/10086 4115/5188/10046 4139/5205/10045
f 4140/5485/10043 4152/5484/10087 4150/5491/10088 4114/5492/10044
f 4108/5206/10031 4151/5189/10086 4149/5207/10085 4105/5216/10032
f 4150/5491/10088 4152/5484/10087 4132/5481/10028 4106/5487/10027
s 22
f 4153/5574/10089 4167/5575/10090 4135/5570/10067 4128/5569/10066
s 21
f 4154/5330/10091 4146/5331/10092 4129/5327/10069 4136/5326/10068
s 2
f 4152/5484/10087 4157/5460/10093 4111/5473/10040 4132/5481/10028
f 4124/5474/10055 4157/5460/10093 4152/5484/10087 4140/5485/10043
s 19
f 4147/5421/10082 4155/5420/10094 4141/5415/10041 4112/5419/10026
f 4113/5398/10042 4156/5324/10095 4148/5320/10083 4107/5399/10029
s 2
f 4138/5204/10033 4166/5164/10096 4151/5189/10086 4108/5206/10031
s 22
f 4116/5568/10047 4137/5567/10070 4155/5420/10097 4147/5421/10077
s 21
f 4156/5324/10098 4144/5321/10059 4117/5316/10050 4148/5320/10080
s 2
f 4151/5189/10086 4166/5164/10096 4125/5175/10056 4115/5188/10046
s 19
f 4120/5402/10051 4158/5328/10099 4156/5324/10095 4113/5398/10042
f 4155/5420/10094 4159/5416/10100 4121/5409/10052 4141/5415/10041
s 21
f 4158/5328/10101 4160/5325/10102 4144/5321/10059 4156/5324/10098
s 22
f 4137/5567/10070 4161/5571/10103 4159/5416/10104 4155/5420/10097
s 19
f 4122/5406/10053 4162/5332/10105 4158/5328/10099 4120/5402/10051
f 4159/5416/10100 4163/5417/10106 4123/5410/10054 4121/5409/10052
s 21
f 4162/5332/10107 4164/5329/10108 4160/5325/10102 4158/5328/10101
s 22
f 4161/5571/10103 4165/5576/10109 4163/5417/10110 4159/5416/10104
f 4168/5579/10111 4171/5418/10112 4163/5417/10110 4165/5576/10109
s 19
f 4169/5412/10113 4170/5336/10114 4162/5332/10105 4122/5406/10053
s 21
f 4170/5336/10115 4174/5333/10116 4164/5329/10108 4162/5332/10107
s 19
f 4171/5418/10117 4169/5412/10113 4123/5410/10054 4163/5417/10106
s 17
f 4172/5335/10118 4153/5388/10075 4145/5382/10074 4146/5331/10076
s 21
f 4154/5330/10091 4173/5334/10119 4172/5335/10120 4146/5331/10092
s 22
f 4172/5577/10121 4173/5578/10122 4167/5575/10090 4153/5574/10089
s 19
f 4176/5338/10123 4170/5336/10114 4169/5412/10113 4171/5418/10117
s 22
f 4168/5579/10111 4177/5580/10124 4176/5338/10125 4171/5418/10112
s 21
f 4176/5338/10126 4177/5337/10127 4174/5333/10116 4170/5336/10115
s 2
f 4180/5190/10128 4182/5191/10129 4179/5177/10130 4178/5176/10131
s 12
f 4182/5522/10132 4192/5523/10133 4181/5520/10134 4179/5519/10135
s 2
f 4184/5202/10136 4188/5203/10137 4183/5187/10138 4185/5186/10139
f 4186/5472/10140 4184/5202/10141 4185/5186/10142 4187/5459/10143
f 4189/5214/10144 4191/5582/10145 4188/5203/10137 4184/5202/10136
f 4184/5202/10141 4186/5472/10140 4190/5483/10146 4189/5214/10147
f 4194/5227/10148 4198/5228/10149 4193/5223/10150 4195/5222/10151
f 4196/5494/10152 4194/5495/10153 4195/5490/10154 4197/5489/10155
f 4196/5494/10152 4201/5497/10156 4199/5498/10157 4194/5495/10153
f 4194/5227/10148 4199/5231/10158 4200/5232/10159 4198/5228/10149
f 4202/5208/10160 4182/5191/10129 4180/5190/10128 4203/5209/10161
f 4204/5583/10162 4202/5208/10160 4203/5209/10161 4205/5581/10163
s 12
f 4206/5525/10164 4192/5523/10133 4182/5522/10132 4202/5526/10165
f 4207/5529/10166 4206/5525/10164 4202/5526/10165 4204/5530/10167
s 2
f 4209/5229/10168 4211/5226/10169 4208/5225/10170 4210/5230/10171
f 4212/5233/10172 4213/5234/10173 4209/5229/10168 4210/5230/10171
s 12
f 4214/5535/10174 4215/5533/10175 4211/5532/10176 4209/5536/10177
f 4213/5538/10178 4216/5539/10179 4214/5535/10174 4209/5536/10177
s 2
f 4217/5237/10180 4224/5238/10181 4213/5234/10173 4212/5233/10172
f 4220/5493/10182 4221/5275/10183 4219/5279/10184 4218/5496/10185
f 4218/5496/10185 4219/5279/10184 4223/5283/10186 4222/5499/10187
s 12
f 4224/5541/10188 4235/5542/10189 4216/5539/10179 4213/5538/10178
s 11
f 4221/5275/10190 4226/5274/10191 4225/5278/10192 4219/5279/10193
f 4219/5279/10193 4225/5278/10192 4227/5282/10194 4223/5283/10195
s 2
f 4229/5500/10196 4232/5503/10197 4228/5504/10198 4230/5501/10199
f 4228/5239/10200 4233/5240/10201 4231/5236/10202 4230/5235/10203
s 35
f 4234/5422/10204 4233/5240/10205 4228/5423/10206 4232/5424/10207
s 2
f 4238/5507/10208 4239/5506/10209 4237/5502/10210 4236/5505/10211
s 11
f 4240/5286/10212 4242/5290/10213 4238/5291/10214 4236/5287/10215
s 35
f 4238/5431/10216 4242/5290/10217 4241/5426/10218 4239/5427/10219
s 11
f 4245/5280/10220 4246/5284/10221 4244/5281/10222 4243/5277/10223
s 12
f 4247/5534/10224 4248/5537/10225 4246/5284/10226 4245/5280/10227
s 11
f 4246/5284/10221 4250/5288/10228 4249/5285/10229 4244/5281/10222
s 12
f 4248/5537/10225 4251/5540/10230 4250/5288/10231 4246/5284/10226
s 2
f 4217/5237/10180 4253/5241/10232 4252/5242/10233 4224/5238/10181
s 12
f 4252/5544/10234 4255/5545/10235 4235/5542/10189 4224/5541/10188
s 35
f 4254/5425/10236 4255/5429/10237 4252/5430/10238 4253/5241/10239
s 2
f 3987/5153/9843 4048/5154/9879 3983/5147/9841 3974/5146/9835
s 12
f 4257/5543/10240 4260/5546/10241 4256/5548/10242 4258/5547/10243
s 11
f 4256/5294/10244 4261/5293/10245 4259/5289/10246 4258/5292/10247
s 35
f 4262/5428/10248 4261/5293/10249 4256/5433/10250 4260/5432/10251
s 2
f 4142/5163/10073 3978/5155/9845 3979/5446/9844 4064/5448/9964
f 4066/5162/9966 3987/5153/9843 3978/5155/9842 4142/5163/10252
f 4029/5450/9918 4064/5448/9964 3979/5446/9844 4008/5451/9890
f 4007/5170/9885 3987/5153/9843 4066/5162/9966 4030/5171/9919
f 4012/5449/9846 4038/5453/9935 4011/5454/9893 3979/5446/9844
f 3987/5153/9843 4010/5160/9892 4040/5161/9940 4048/5154/9879
s 11
f 3998/5249/9866 4133/5253/9930 4004/5247/9881 3996/5243/9862
s 12
f 4134/5518/9931 4000/5514/9872 3999/5510/9870 4005/5513/9884
s 2
f 4111/5473/10040 4157/5460/10093 4064/5448/9964 4070/5468/9972
f 4069/5200/9969 4066/5162/9966 4166/5164/10096 4138/5204/10033
s 17
f 4053/5372/9956 4082/5376/9990 4145/5382/10074 4081/5377/9989
s 2
f 4157/5460/10093 4124/5474/10055 4103/5475/10023 4012/5449/9846
f 4048/5154/9879 4104/5174/10024 4125/5175/10056 4166/5164/10096
f 4157/5460/10093 4012/5449/9846 4002/5248/9878 4263/5251/10253
f 4048/5154/9879 4166/5164/10096 4264/5165/10254 4003/5159/9880
s 11
f 4263/5251/10255 4002/5248/9882 4004/5247/9881 4265/5252/10256
s 22
f 4137/5567/10070 4119/5562/10039 4130/5566/10063 4161/5571/10103
s 21
f 4160/5325/10102 4131/5322/10064 4118/5317/10036 4144/5321/10059
s 22
f 4161/5571/10103 4130/5566/10063 4135/5570/10067 4165/5576/10109
s 21
f 4164/5329/10108 4136/5326/10068 4131/5322/10064 4160/5325/10102
s 12
f 4003/5512/9883 4264/5516/10257 4266/5517/10258 4005/5513/9884
s 19
f 4123/5410/10054 4169/5412/10113 4122/5406/10053 4092/5404/10004
s 2
f 4142/5163/10252 4175/5172/10259 4267/5173/10260 4066/5162/9966
s 22
f 4135/5570/10067 4167/5575/10090 4168/5579/10111 4165/5576/10109
s 21
f 4174/5333/10116 4154/5330/10091 4136/5326/10068 4164/5329/10108
s 11
f 4004/5247/9881 4133/5253/9930 4268/5256/10261 4265/5252/10256
s 12
f 4269/5521/10262 4134/5518/9931 4005/5513/9884 4266/5517/10258
s 22
f 4168/5579/10111 4167/5575/10090 4173/5578/10122 4177/5580/10124
s 21
f 4177/5337/10127 4173/5334/10119 4154/5330/10091 4174/5333/10116
s 2
f 4157/5460/10093 4270/5461/10263 4143/5452/10071 4064/5448/9964
f 4066/5162/9966 4267/5173/10260 4178/5176/10131 4166/5164/10096
s 11
f 4035/5259/9929 4271/5260/10264 4268/5256/10261 4133/5253/9930
s 12
f 4134/5518/9931 4269/5521/10262 4271/5260/10265 4035/5259/9932
s 2
f 4263/5251/10253 4272/5258/10266 4270/5461/10263 4157/5460/10093
f 4166/5164/10096 4178/5176/10131 4179/5177/10130 4264/5165/10254
s 11
f 4265/5252/10256 4273/5257/10267 4272/5258/10268 4263/5251/10255
s 12
f 4264/5516/10257 4179/5519/10135 4181/5520/10134 4266/5517/10258
s 11
f 4268/5256/10261 4274/5261/10269 4273/5257/10267 4265/5252/10256
s 12
f 4266/5517/10258 4181/5520/10134 4275/5524/10270 4269/5521/10262
s 2
f 4175/5172/10259 4185/5186/10139 4183/5187/10138 4267/5173/10260
f 4143/5452/10071 4187/5459/10143 4185/5186/10142 4175/5172/10072
s 11
f 4271/5260/10264 4276/5264/10271 4274/5261/10269 4268/5256/10261
s 12
f 4269/5521/10262 4275/5524/10270 4276/5264/10272 4271/5260/10265
s 2
f 4267/5173/10260 4183/5187/10138 4180/5190/10128 4178/5176/10131
f 4270/5461/10263 4277/5471/10273 4187/5459/10143 4143/5452/10071
f 4272/5258/10266 4278/5263/10274 4277/5471/10273 4270/5461/10263
s 11
f 4273/5257/10267 4279/5262/10275 4278/5263/10276 4272/5258/10268
s 2
f 4189/5584/10144 4195/5222/10151 4193/5223/10150 4191/5215/10145
f 4190/5483/10146 4197/5489/10155 4195/5490/10154 4189/5214/10147
f 4180/5190/10128 4183/5187/10138 4188/5203/10137 4203/5209/10161
f 4187/5459/10143 4277/5471/10273 4280/5482/10277 4186/5472/10140
f 4203/5209/10161 4188/5203/10137 4191/5582/10145 4205/5581/10163
f 4186/5472/10140 4280/5482/10277 4281/5488/10278 4190/5483/10146
s 12
f 4181/5520/10134 4192/5523/10133 4282/5527/10279 4275/5524/10270
s 11
f 4274/5261/10269 4283/5265/10280 4279/5262/10275 4273/5257/10267
s 2
f 4208/5225/10170 4205/5220/10163 4191/5215/10145 4193/5223/10150
f 4197/5489/10155 4190/5483/10146 4281/5488/10278 4220/5493/10182
f 4208/5225/10170 4193/5223/10150 4198/5228/10149 4210/5230/10171
f 4210/5230/10171 4198/5228/10149 4200/5232/10159 4212/5233/10172
f 4277/5471/10273 4278/5263/10274 4284/5267/10281 4280/5482/10277
f 4280/5482/10277 4284/5267/10281 4285/5271/10282 4281/5488/10278
s 12
f 4275/5524/10270 4282/5527/10279 4286/5268/10283 4276/5264/10272
s 11
f 4276/5264/10271 4286/5268/10284 4283/5265/10280 4274/5261/10269
f 4278/5263/10276 4279/5262/10275 4287/5266/10285 4284/5267/10286
f 4284/5267/10286 4287/5266/10285 4288/5270/10287 4285/5271/10288
s 2
f 4197/5489/10155 4220/5493/10182 4218/5496/10185 4196/5494/10152
f 4205/5220/10163 4208/5225/10170 4211/5226/10169 4204/5219/10162
f 4196/5494/10152 4218/5496/10185 4222/5499/10187 4201/5497/10156
s 12
f 4204/5530/10167 4211/5532/10176 4215/5533/10175 4207/5529/10166
s 2
f 4199/5231/10158 4230/5235/10203 4231/5236/10202 4200/5232/10159
f 4201/5497/10156 4229/5500/10196 4230/5501/10199 4199/5498/10157
f 4285/5271/10282 4221/5275/10183 4220/5493/10182 4281/5488/10278
s 12
f 4282/5527/10279 4192/5523/10133 4206/5525/10164 4289/5528/10289
s 11
f 4279/5262/10275 4283/5265/10280 4290/5269/10290 4287/5266/10285
f 4288/5270/10287 4226/5274/10191 4221/5275/10190 4285/5271/10288
s 12
f 4289/5528/10289 4206/5525/10164 4207/5529/10166 4291/5531/10291
s 11
f 4287/5266/10285 4290/5269/10290 4292/5273/10292 4288/5270/10287
s 2
f 4217/5237/10180 4212/5233/10172 4200/5232/10159 4231/5236/10202
f 4237/5502/10210 4229/5500/10196 4201/5497/10156 4222/5499/10187
s 12
f 4207/5529/10166 4215/5533/10175 4247/5534/10224 4291/5531/10291
f 4289/5528/10289 4293/5272/10293 4286/5268/10283 4282/5527/10279
s 11
f 4283/5265/10280 4286/5268/10284 4293/5272/10294 4290/5269/10290
f 4292/5273/10292 4243/5277/10223 4226/5274/10191 4288/5270/10287
s 12
f 4291/5531/10291 4294/5276/10295 4293/5272/10293 4289/5528/10289
s 11
f 4290/5269/10290 4293/5272/10294 4294/5276/10296 4292/5273/10292
s 12
f 4247/5534/10224 4215/5533/10175 4214/5535/10174 4248/5537/10225
f 4248/5537/10225 4214/5535/10174 4216/5539/10179 4251/5540/10230
s 2
f 4223/5283/10186 4236/5505/10211 4237/5502/10210 4222/5499/10187
f 4239/5506/10209 4232/5503/10197 4229/5500/10196 4237/5502/10210
s 11
f 4227/5282/10194 4240/5286/10212 4236/5287/10215 4223/5283/10195
s 35
f 4241/5426/10218 4234/5422/10204 4232/5424/10207 4239/5427/10219
s 11
f 4226/5274/10191 4243/5277/10223 4244/5281/10222 4225/5278/10192
s 12
f 4291/5531/10291 4247/5534/10224 4245/5280/10227 4294/5276/10295
s 11
f 4294/5276/10296 4245/5280/10220 4243/5277/10223 4292/5273/10292
f 4225/5278/10192 4244/5281/10222 4249/5285/10229 4227/5282/10194
s 2
f 4233/5240/10201 4253/5241/10232 4217/5237/10180 4231/5236/10202
s 35
f 4234/5422/10204 4254/5425/10236 4253/5241/10239 4233/5240/10205
s 12
f 4216/5539/10179 4235/5542/10189 4257/5543/10240 4251/5540/10230
s 11
f 4249/5285/10229 4259/5289/10246 4240/5286/10212 4227/5282/10194
s 35
f 4262/5428/10248 4254/5425/10236 4234/5422/10204 4241/5426/10218
s 11
f 4261/5293/10245 4242/5290/10213 4240/5286/10212 4259/5289/10246
s 35
f 4262/5428/10248 4241/5426/10218 4242/5290/10217 4261/5293/10249
s 11
f 4250/5288/10228 4258/5292/10247 4259/5289/10246 4249/5285/10229
s 12
f 4251/5540/10230 4257/5543/10240 4258/5547/10243 4250/5288/10231
f 4257/5543/10240 4235/5542/10189 4255/5545/10235 4260/5546/10241
s 35
f 4260/5432/10251 4255/5429/10237 4254/5425/10236 4262/5428/10248
s 2
f 3993/5149/10297 3991/5156/9857 3985/5150/9860 4296/5143/10298
f 3982/5139/9856 3989/5145/9855 3993/5149/10297 4296/5143/10298
f 3971/5361/9824 4298/5360/9849 3976/5359/9837 3967/5362/9825
f 3988/5246/9853 3986/5245/9848 3980/5358/9847 4297/5356/9854
f 3940/5604/9780 3939/5606/9805 4323/5609/10299 4302/5607/10300
f 3939/5591/9803 3944/5589/9783 4314/5594/10301 4323/5595/10302
f 3946/5590/9786 3945/5592/9810 4326/5596/10303 4311/5593/10304
f 3945/5436/9808 3950/5434/9790 4308/5438/10305 4326/5439/10306
f 3952/5117/9800 3951/5120/9815 4329/5126/10307 4317/5122/10308
f 3951/5120/9813 3956/5605/9781 4299/5608/10309 4329/5126/10310
f 3958/5435/9793 3957/5616/9820 4332/5440/10311 4305/5437/10312
f 3957/5124/9818 3962/5118/9801 4320/5123/10313 4332/5129/10314
f 3940/5604/9780 4302/5607/10300 4299/5608/10309 3956/5605/9781
f 3958/5435/9793 4305/5437/10312 4308/5438/10305 3950/5434/9790
f 3946/5590/9786 4311/5593/10304 4314/5594/10301 3944/5589/9783
f 3952/5117/9800 4317/5122/10308 4320/5123/10313 3962/5118/9801
f 4331/5365/10315 4301/5364/10316 3971/5361/9824 3968/5138/9823
f 3968/5138/9823 3972/5136/9828 4319/5131/10317 4331/5365/10318
f 4313/5357/10319 4328/5618/10320 3990/5352/10321 3984/5354/9851
f 3985/5150/9860 3990/5619/10322 4328/5355/10323 4310/5151/10324
f 3984/5354/9851 4297/5356/9854 4316/5114/10325 4313/5357/10319
f 4295/5135/9840 4322/5132/10326 4319/5131/10317 3972/5136/9828
f 3982/5139/9856 4334/5137/10327 4322/5132/10326 4295/5135/9840
f 4307/5144/10328 4296/5143/10298 3985/5150/9860 4310/5151/10324
f 3982/5139/9856 4296/5143/10298 4307/5144/10328 4334/5137/10327
f 4316/5114/10325 4297/5356/9854 3980/5358/9847 4325/5115/10329
f 4325/5115/10329 3980/5358/9847 4298/5360/9849 4304/5363/10330
f 4304/5363/10330 4298/5360/9849 3971/5361/9824 4301/5364/10316
f 4299/5608/10309 4300/5610/10331 4330/5130/10332 4329/5126/10310
f 4300/5610/10331 4301/5613/10316 4331/5134/10315 4330/5130/10332
f 4301/5613/10316 4300/5610/10331 4303/5611/10333 4304/5614/10330
f 4300/5610/10331 4299/5608/10309 4302/5607/10300 4303/5611/10333
f 4305/5437/10312 4306/5157/10334 4309/5158/10335 4308/5438/10305
f 4306/5157/10334 4307/5443/10328 4310/5588/10324 4309/5158/10336
f 4308/5438/10305 4309/5158/10335 4327/5622/10337 4326/5439/10338
f 4309/5158/10336 4310/5588/10324 4328/5602/10339 4327/5622/10340
f 4311/5593/10304 4312/5597/10341 4315/5598/10342 4314/5594/10301
f 4312/5597/10343 4313/5603/10319 4316/5600/10325 4315/5598/10342
f 4314/5594/10301 4315/5598/10342 4324/5599/10344 4323/5595/10302
f 4315/5598/10342 4316/5600/10325 4325/5601/10329 4324/5599/10344
f 4317/5122/10308 4318/5127/10345 4321/5128/10346 4320/5123/10313
f 4318/5127/10345 4319/5587/10317 4322/5585/10326 4321/5128/10346
f 4320/5123/10313 4321/5128/10346 4333/5133/10347 4332/5129/10314
f 4321/5128/10346 4322/5585/10326 4334/5586/10327 4333/5133/10347
f 4304/5614/10330 4303/5611/10333 4324/5612/10344 4325/5615/10329
f 4303/5611/10333 4302/5607/10300 4323/5609/10299 4324/5612/10344
f 4313/5603/10319 4312/5597/10343 4327/5441/10348 4328/5621/10349
f 4312/5597/10341 4311/5593/10304 4326/5596/10350 4327/5441/10351
f 4319/5587/10317 4318/5127/10345 4330/5130/10352 4331/5134/10318
f 4318/5127/10345 4317/5122/10308 4329/5126/10307 4330/5130/10352
f 4307/5443/10328 4306/5157/10334 4333/5442/10347 4334/5444/10327
f 4306/5157/10334 4305/5437/10312 4332/5440/10311 4333/5442/10347
g default
v -7.823304 9.275820 6.241407
v -7.804947 9.275820 6.197088
v -7.760628 9.275820 6.178731
v -7.823304 10.386639 6.241407
v -7.804947 10.386639 6.197088
v -7.760628 10.386639 6.178731
v -6.279570 9.275820 6.178731
v -6.235251 9.275820 6.197089
v -6.216894 9.275820 6.241407
v -6.279570 10.386639 6.178731
v -6.235251 10.386639 6.197089
v -6.216894 10.386639 6.241407
v -7.760629 10.386639 7.823305
v -7.804947 10.386639 7.804947
v -7.823305 10.386639 7.760629
v -7.799242 14.419156 7.760960
v -7.823305 14.360662 7.760763
v -7.803276 14.377562 7.803944
v -7.760629 14.360347 7.824170
v -7.761220 14.421097 7.800288
v -7.761725 14.439895 7.761128
v -6.279571 10.386639 7.823305
v -6.235252 10.386639 7.804947
v -6.216895 10.386639 7.760629
v -6.227549 12.639692 7.759023
v -6.257288 12.675667 7.759038
v -6.267272 12.658504 7.805008
v -6.277060 12.615129 7.823304
v -6.236595 12.596666 7.805004
v -6.216896 12.594250 7.759038
v -6.228075 12.652883 6.211488
v -6.216895 12.595949 6.222641
v -6.234648 12.596512 6.179045
v -6.277514 12.596992 6.160990
v -6.266445 12.653197 6.172471
v -6.257757 12.676024 6.202823
v -7.805257 12.657843 6.211328
v -7.759842 12.674916 6.201327
v -7.759430 12.639453 6.171639
v -7.759055 12.594120 6.160987
v -7.804985 12.596502 6.180612
v -7.823305 12.614693 6.221177
v -7.760629 9.275820 7.823305
v -7.804947 9.275820 7.804947
v -7.823305 9.275820 7.760629
v -6.279571 9.275820 7.823305
v -6.235252 9.275820 7.804947
v -6.216895 9.275820 7.760629
v -7.792512 14.421372 7.793285
v -6.238680 12.634056 7.796715
v -6.237595 12.642811 6.182105
v -7.796882 12.633781 6.182716
v -6.546490 9.559305 6.479143
v -6.565012 9.552340 6.483531
v -6.563028 9.557039 6.502120
v -6.559692 9.558464 6.521530
v -6.539990 9.556953 6.525570
v -6.520957 9.552081 6.527940
v -6.516905 9.559168 6.508698
v -6.512985 9.577045 6.501019
v -6.531326 9.580707 6.493164
v -6.539180 9.577045 6.474823
v -6.520760 9.560300 7.493198
v -6.521104 9.552134 7.474315
v -6.539440 9.556870 7.474342
v -6.558289 9.558464 7.474377
v -6.558196 9.566309 7.493215
v -6.558118 9.585247 7.501018
v -6.538194 9.584200 7.501018
v -6.520407 9.580020 7.501018
v -6.546490 10.092707 6.479143
v -6.539180 10.074966 6.474823
v -6.531502 10.071518 6.493135
v -6.513463 10.075306 6.501019
v -6.517540 10.092781 6.508358
v -6.521693 10.099672 6.526851
v -6.540282 10.094973 6.524866
v -6.559692 10.093548 6.521530
v -6.563028 10.094972 6.502120
v -6.565012 10.099672 6.483531
v -6.520755 10.091715 7.493198
v -6.520407 10.071992 7.501018
v -6.538166 10.067829 7.501018
v -6.558097 10.066795 7.501018
v -6.558191 10.085712 7.493210
v -6.558301 10.093548 7.474361
v -6.539443 10.095141 7.474334
v -6.521104 10.099878 7.474315
v -7.531360 9.560297 6.482593
v -7.539180 9.580020 6.482245
v -7.539180 9.584183 6.500003
v -7.539180 9.585217 6.519935
v -7.531373 9.566299 6.520029
v -7.512523 9.558464 6.520139
v -7.512496 9.556870 6.501281
v -7.512477 9.552134 6.482942
v -7.531360 10.091714 6.482593
v -7.512477 10.099878 6.482942
v -7.512505 10.095140 6.501278
v -7.512539 10.093547 6.520127
v -7.531377 10.085703 6.520034
v -7.539180 10.066765 6.519956
v -7.539180 10.067812 6.500031
v -7.539180 10.071991 6.482245
v -7.531368 9.585136 7.493206
v -7.512508 9.585137 7.501018
v -7.512507 9.566277 7.493206
v -7.512507 9.558464 7.474345
v -7.531368 9.566277 7.474345
v -7.539181 9.585137 7.474345
v -7.531368 10.066875 7.493206
v -7.539181 10.066874 7.474345
v -7.531368 10.085734 7.474345
v -7.512508 10.093547 7.474345
v -7.512508 10.085734 7.493206
v -7.512508 10.066874 7.501018
v -6.539315 9.562403 6.501496
v -6.538888 9.564873 7.493207
v -6.539523 10.089638 6.501274
v -6.538876 10.087145 7.493204
v -7.531366 9.564867 6.500713
v -7.531369 10.087140 6.500724
v -7.527902 9.569742 7.489739
v -7.527902 10.082269 7.489739
v -6.216895 10.312101 7.560549
v -6.216894 10.311798 6.441807
v -6.216894 10.252344 6.353103
v -6.216894 9.404623 6.352747
v -6.216894 9.345134 6.441487
v -6.216895 9.345438 7.560229
v -6.216895 9.404891 7.648933
v -6.216895 10.252613 7.649289
v -6.493104 10.312101 6.178731
v -7.565864 10.311798 6.178731
v -7.677276 10.249929 6.178731
v -7.659143 9.423082 6.178731
v -7.566175 9.345134 6.178731
v -6.493415 9.345438 6.178731
v -6.391266 9.416101 6.178731
v -6.390910 10.242462 6.178731
v -6.527418 10.209925 6.187459
v -6.533856 10.204382 6.190357
v -6.536552 10.199999 6.197364
v -6.554400 10.208626 6.196657
v -6.553585 10.213662 6.189941
v -6.551947 10.221513 6.186909
v -6.529203 10.179494 6.198351
v -6.525986 10.183632 6.190541
v -6.518328 10.187983 6.187078
v -6.527245 9.442302 6.187273
v -6.533950 9.447767 6.190186
v -6.536750 9.452124 6.197207
v -6.554595 9.443488 6.196475
v -6.553791 9.438482 6.189756
v -6.552168 9.430700 6.186709
v -6.529391 9.472603 6.198141
v -6.526277 9.468655 6.190375
v -6.518893 9.464760 6.186941
v -7.550778 9.441543 6.187411
v -7.544448 9.447473 6.190323
v -7.541797 9.451985 6.197319
v -7.549180 9.472385 6.197986
v -7.552441 9.468355 6.190379
v -7.560264 9.464070 6.186881
v -7.523934 9.443384 6.196650
v -7.524766 9.438360 6.189926
v -7.526406 9.430534 6.186864
v -7.550682 10.210861 6.187235
v -7.544274 10.204570 6.190144
v -7.541600 10.199922 6.197145
v -7.523737 10.208515 6.196495
v -7.524563 10.213531 6.189775
v -7.526193 10.221319 6.186754
v -7.548993 10.179561 6.197725
v -7.552221 10.182837 6.190261
v -7.559831 10.185266 6.186860
v -6.225436 9.442297 7.512960
v -6.228346 9.447762 7.506247
v -6.235361 9.452110 7.503436
v -6.236113 9.472536 7.510823
v -6.228474 9.468396 7.513936
v -6.225100 9.463903 7.521375
v -6.234645 9.443491 7.485576
v -6.227921 9.438486 7.486400
v -6.224874 9.430712 7.488028
v -6.225609 9.442192 6.488878
v -6.228519 9.447658 6.495590
v -6.235527 9.452013 6.498403
v -6.236274 9.472427 6.491032
v -6.228629 9.468222 6.487763
v -6.225226 9.463552 6.479943
v -6.234802 9.443380 6.516271
v -6.228086 9.438356 6.515433
v -6.225027 9.430525 6.513789
v -6.225616 10.210062 7.512973
v -6.228516 10.204424 7.506392
v -6.235518 10.200013 7.503633
v -6.234828 10.208622 7.485771
v -6.228107 10.213657 7.486605
v -6.225073 10.221497 7.488248
v -6.236326 10.179560 7.511012
v -6.228641 10.183887 7.514250
v -6.225232 10.188829 7.522018
v -6.225442 10.209951 6.489268
v -6.228343 10.204313 6.495842
v -6.235357 10.199898 6.498588
v -6.234651 10.208519 6.516434
v -6.227936 10.213535 6.515627
v -6.224916 10.221331 6.514002
v -6.236441 10.179377 6.491233
v -6.228568 10.183643 6.488215
v -6.225124 10.188306 6.481039
v -7.724149 14.411345 7.761098
v -6.257745 12.676016 6.241812
v -6.295960 12.675997 6.202785
v -7.761682 14.413050 7.724957
v -7.276269 0.096966 7.804948
v -7.276269 0.141285 7.823305
v -7.320588 0.141285 7.804948
v -7.338945 0.141285 7.760630
v -7.320588 0.096966 7.760630
v -7.276269 0.078609 7.760630
v -7.276269 0.096966 6.235252
v -7.276269 0.078609 6.279571
v -7.320588 0.096966 6.279571
v -7.338945 0.141285 6.279571
v -7.320588 0.141285 6.235252
v -7.276269 0.141285 6.216895
v -6.363977 0.096966 6.235252
v -6.363977 0.141285 6.216895
v -6.319659 0.141285 6.235252
v -6.301301 0.141285 6.279572
v -6.319659 0.096966 6.279572
v -6.363977 0.078609 6.279572
v -6.363977 0.096966 7.804948
v -6.363977 0.078609 7.760630
v -6.319659 0.096966 7.760630
v -6.301301 0.141285 7.760630
v -6.319659 0.141285 7.804948
v -6.363977 0.141285 7.823305
v -7.312443 0.105111 7.796803
v -7.312443 0.105111 6.243398
v -6.327804 0.105111 6.243398
v -6.327804 0.105111 7.796803
v -7.760629 3.223608 7.823305
v -7.760629 3.186128 7.823305
v -7.760629 3.148647 7.823305
v -6.227052 3.148899 7.823305
v -6.237788 3.186230 7.823305
v -6.241407 3.223760 7.823305
v -6.183187 3.150079 7.804949
v -6.193583 3.186687 7.804949
v -6.197088 3.224397 7.804949
v -6.178732 3.224298 7.760630
v -6.175269 3.186772 7.760630
v -6.164999 3.150513 7.760630
v -6.164998 3.150513 6.279572
v -6.175269 3.186772 6.279572
v -6.178731 3.224298 6.279572
v -6.183187 3.150079 6.235252
v -6.193583 3.186687 6.235252
v -6.197088 3.224397 6.235252
v -6.241407 3.223760 6.216895
v -6.237788 3.186230 6.216895
v -6.227052 3.148899 6.216895
v -7.760629 3.148647 6.216895
v -7.760629 3.186128 6.216895
v -7.760629 3.223608 6.216895
v -7.804947 3.148647 6.235252
v -7.804947 3.186128 6.235252
v -7.804947 3.223608 6.235252
v -7.823305 3.223608 6.279571
v -7.823305 3.186128 6.279571
v -7.823305 3.148647 6.279571
v -7.823305 3.148647 7.760630
v -7.823305 3.186128 7.760630
v -7.823305 3.223608 7.760630
v -7.804948 3.148647 7.804948
v -7.804948 3.186128 7.804948
v -7.804948 3.223608 7.804948
v -7.749033 1.627259 7.823305
v -7.757713 1.664111 7.823305
v -7.760629 1.701762 7.823305
v -5.827361 2.112383 7.823305
v -5.819648 2.075123 7.823305
v -5.824197 2.036934 7.823305
v -5.783113 2.112568 7.804949
v -5.775293 2.075360 7.804949
v -5.779667 2.037674 7.804949
v -5.764727 2.112487 7.760630
v -5.756934 2.075321 7.760630
v -5.761331 2.037603 7.760630
v -5.764728 2.112493 6.279572
v -5.756934 2.075321 6.279572
v -5.761332 2.037598 6.279572
v -5.783124 2.112596 6.235252
v -5.775297 2.075360 6.235252
v -5.779675 2.037646 6.235252
v -5.827361 2.112383 6.216895
v -5.819648 2.075123 6.216895
v -5.824197 2.036934 6.216895
v -7.760629 1.701762 6.216895
v -7.757713 1.664111 6.216895
v -7.749033 1.627259 6.216895
v -7.804947 1.701734 6.235252
v -7.802028 1.664094 6.235252
v -7.793340 1.627221 6.235252
v -7.823305 1.701668 6.279571
v -7.820410 1.664155 6.279571
v -7.811795 1.627530 6.279571
v -7.823305 1.701668 7.760630
v -7.820410 1.664155 7.760630
v -7.811795 1.627530 7.760630
v -7.804948 1.701734 7.804948
v -7.802029 1.664094 7.804948
v -7.793340 1.627221 7.804948
v -7.760629 6.249714 7.823305
v -6.260489 6.249790 7.823305
v -6.216170 6.250109 7.804948
v -6.197813 6.250059 7.760629
v -6.197813 6.250059 6.260489
v -6.216170 6.250109 6.216170
v -6.260489 6.249790 6.197813
v -7.760629 6.249714 6.197813
v -7.804947 6.249714 6.216170
v -7.823304 6.249714 6.260489
v -7.823305 6.249714 7.760629
v -7.804948 6.249714 7.804948
vt 0.062713 0.855150
vt 0.063602 0.855150
vt 0.063226 0.896569
vt 0.062431 0.896230
vt 0.062778 0.834500
vt 0.063602 0.834501
vt 0.091846 0.929026
vt 0.091843 0.855150
vt 0.063043 0.897371
vt 0.062373 0.896923
vt 0.063132 0.778247
vt 0.063956 0.778246
vt 0.091843 0.834501
vt 0.091850 0.930114
vt 0.092667 0.855150
vt 0.092674 0.929340
vt 0.063487 0.721993
vt 0.064311 0.721992
vt 0.091843 0.778246
vt 0.092667 0.834501
vt 0.092675 0.930155
vt 0.063489 0.721296
vt 0.064311 0.721295
vt 0.091843 0.721992
vt 0.092667 0.778246
vt 0.063491 0.720599
vt 0.064311 0.720598
vt 0.091843 0.721295
vt 0.092667 0.721992
vt 0.063576 0.693702
vt 0.064311 0.693700
vt 0.091843 0.720598
vt 0.092667 0.721295
vt 0.063551 0.693002
vt 0.064311 0.693002
vt 0.091843 0.693700
vt 0.092667 0.720598
vt 0.063473 0.692316
vt 0.064311 0.692321
vt 0.091843 0.693002
vt 0.092667 0.693701
vt 0.063487 0.664693
vt 0.064311 0.664693
vt 0.091843 0.692321
vt 0.092694 0.693001
vt 0.064311 0.663869
vt 0.063639 0.663869
vt 0.091843 0.664693
vt 0.092775 0.692316
vt 0.091843 0.663869
vt 0.092667 0.664693
vt 0.092516 0.663869
vt 0.150913 0.855167
vt 0.151737 0.855167
vt 0.152049 0.896248
vt 0.151239 0.896237
vt 0.150925 0.834517
vt 0.151749 0.834518
vt 0.151445 0.897296
vt 0.151397 0.897870
vt 0.122677 0.896190
vt 0.122671 0.855151
vt 0.150602 0.778269
vt 0.151426 0.778270
vt 0.148838 0.852669
vt 0.148853 0.836910
vt 0.122677 0.897034
vt 0.151027 0.898380
vt 0.150881 0.897726
vt 0.121847 0.855150
vt 0.121823 0.896234
vt 0.126391 0.853767
vt 0.147188 0.853774
vt 0.122683 0.834501
vt 0.122715 0.778253
vt 0.150279 0.722021
vt 0.151103 0.722023
vt 0.146460 0.851477
vt 0.146488 0.838005
vt 0.146322 0.837607
vt 0.146307 0.851880
vt 0.121880 0.896929
vt 0.122676 0.897703
vt 0.123171 0.929232
vt 0.123198 0.929845
vt 0.121853 0.834501
vt 0.127277 0.851871
vt 0.127736 0.852084
vt 0.145847 0.852091
vt 0.147205 0.835804
vt 0.126408 0.835797
vt 0.122047 0.778254
vt 0.122747 0.722005
vt 0.064311 0.587823
vt 0.151103 0.721322
vt 0.146343 0.838091
vt 0.146327 0.851391
vt 0.146198 0.837709
vt 0.145860 0.837390
vt 0.146185 0.851775
vt 0.121822 0.897384
vt 0.124758 0.836902
vt 0.124742 0.852661
vt 0.127109 0.851476
vt 0.127399 0.851766
vt 0.127767 0.851938
vt 0.145817 0.851946
vt 0.127749 0.837383
vt 0.127285 0.837598
vt 0.122240 0.722007
vt 0.091843 0.587823
vt 0.064311 0.588497
vt 0.063487 0.588506
vt 0.145829 0.837536
vt 0.146145 0.837790
vt 0.146282 0.838169
vt 0.122470 0.929694
vt 0.127128 0.838000
vt 0.127253 0.851384
vt 0.127451 0.851684
vt 0.127782 0.851844
vt 0.145802 0.851853
vt 0.146134 0.851693
vt 0.127779 0.837528
vt 0.127410 0.837700
vt 0.122273 0.721306
vt 0.091843 0.588497
vt 0.064311 0.607794
vt 0.063487 0.607792
vt 0.145813 0.837629
vt 0.127267 0.838084
vt 0.127313 0.851304
vt 0.127794 0.837621
vt 0.127462 0.837781
vt 0.092667 0.588505
vt 0.091843 0.607794
vt 0.064311 0.608485
vt 0.063487 0.608484
vt 0.127324 0.838161
vt 0.092667 0.607792
vt 0.091843 0.608485
vt 0.064311 0.609186
vt 0.063487 0.609185
vt 0.092667 0.608484
vt 0.091843 0.609186
vt 0.064311 0.644438
vt 0.063487 0.644438
vt 0.092667 0.609185
vt 0.091843 0.644438
vt 0.064311 0.645262
vt 0.063639 0.645262
vt 0.092667 0.644438
vt 0.091843 0.645262
vt 0.092516 0.645262
vt 0.044260 0.839987
vt 0.044600 0.840057
vt 0.666436 0.046290
vt 0.044195 0.849243
vt 0.044342 0.839658
vt 0.044606 0.839717
vt 0.044273 0.849573
vt 0.665555 0.046116
vt 0.039130 0.838009
vt 0.039042 0.851150
vt 0.039115 0.837629
vt 0.039021 0.851531
vt 0.038896 0.851226
vt 0.038986 0.837935
vt 0.038985 0.837547
vt 0.038890 0.851611
vt 0.645540 0.025870
vt 0.645854 0.025637
vt 0.651838 0.032117
vt 0.651587 0.032387
vt 0.645312 0.025563
vt 0.645604 0.025317
vt 0.646098 0.025389
vt 0.652101 0.031917
vt 0.651865 0.032666
vt 0.652120 0.032403
vt 0.631402 0.037459
vt 0.638137 0.044108
vt 0.631089 0.037182
vt 0.645855 0.025053
vt 0.656661 0.028621
vt 0.649537 0.021163
vt 0.652404 0.032201
vt 0.638395 0.044404
vt 0.631157 0.037749
vt 0.637884 0.044389
vt 0.630960 0.037496
vt 0.649529 0.020838
vt 0.656956 0.028729
vt 0.649604 0.021011
vt 0.656794 0.028542
vt 0.638127 0.044553
vt 0.649682 0.020783
vt 0.657050 0.028595
vt 0.124447 0.929137
vt 0.123834 0.929886
vt 0.123226 0.929809
vt 0.150505 0.899743
vt 0.152679 0.926869
vt 0.152561 0.927725
vt 0.151024 0.899151
vt 0.153229 0.926818
vt 0.153078 0.927528
vt 0.635065 0.011213
vt 0.635362 0.011036
vt 0.645332 0.025014
vt 0.645080 0.025259
vt 0.634812 0.010945
vt 0.635125 0.010652
vt 0.635651 0.010855
vt 0.645581 0.024764
vt 0.621248 0.021068
vt 0.630825 0.036862
vt 0.621077 0.020752
vt 0.634561 0.010677
vt 0.634813 0.010376
vt 0.635465 0.010526
vt 0.649428 0.020616
vt 0.639888 0.007404
vt 0.620934 0.021275
vt 0.630450 0.037037
vt 0.620737 0.020951
vt 0.620903 0.020437
vt 0.631193 0.005997
vt 0.631483 0.005789
vt 0.639625 0.007150
vt 0.640002 0.007297
vt 0.649551 0.020521
vt 0.630572 0.037352
vt 0.620565 0.020626
vt 0.618145 0.015589
vt 0.639727 0.007031
vt 0.649671 0.020748
vt 0.617926 0.015691
vt 0.664778 0.045996
vt 0.664951 0.046343
vt 0.650734 0.057606
vt 0.650525 0.057358
vt 0.664996 0.045693
vt 0.665109 0.046685
vt 0.650946 0.057852
vt 0.650262 0.057632
vt 0.650458 0.057867
vt 0.638700 0.044654
vt 0.652129 0.032958
vt 0.652401 0.032734
vt 0.665207 0.045395
vt 0.665550 0.045582
vt 0.665702 0.046664
vt 0.654573 0.062290
vt 0.666102 0.051780
vt 0.650648 0.058087
vt 0.638444 0.044934
vt 0.652155 0.032453
vt 0.652673 0.032509
vt 0.669042 0.041305
vt 0.669294 0.041562
vt 0.666157 0.051886
vt 0.654269 0.062490
vt 0.638261 0.044702
vt 0.657152 0.028905
vt 0.669408 0.041460
vt 0.669163 0.041206
vt 0.657261 0.028794
vt 0.657064 0.028606
vt 0.092667 0.663045
vt 0.091843 0.663045
vt 0.091843 0.646086
vt 0.092667 0.646086
vt 0.064311 0.663045
vt 0.064311 0.646086
vt 0.063487 0.663045
vt 0.063487 0.646086
vt 0.061824 0.855144
vt 0.061536 0.896180
vt 0.061954 0.834495
vt 0.061538 0.897022
vt 0.033995 0.896059
vt 0.034292 0.854971
vt 0.062309 0.778242
vt 0.060290 0.852593
vt 0.060050 0.837220
vt 0.033782 0.897103
vt 0.033468 0.854966
vt 0.033198 0.896045
vt 0.038270 0.853610
vt 0.058212 0.853730
vt 0.034422 0.834321
vt 0.034422 0.778067
vt 0.062663 0.721988
vt 0.057942 0.851852
vt 0.058115 0.851377
vt 0.058207 0.837971
vt 0.058034 0.837551
vt 0.033247 0.896906
vt 0.033598 0.834316
vt 0.038920 0.851715
vt 0.039375 0.851933
vt 0.057485 0.852044
vt 0.058331 0.835761
vt 0.038389 0.835641
vt 0.033598 0.778068
vt 0.034422 0.721813
vt 0.062668 0.721292
vt 0.057823 0.851734
vt 0.057974 0.851331
vt 0.058061 0.838050
vt 0.057915 0.837660
vt 0.057582 0.837344
vt 0.036482 0.836942
vt 0.036379 0.852304
vt 0.038754 0.851306
vt 0.039040 0.851613
vt 0.039406 0.851787
vt 0.057456 0.851899
vt 0.039471 0.837232
vt 0.039007 0.837445
vt 0.033598 0.721820
vt 0.034359 0.721115
vt 0.062672 0.720595
vt 0.057550 0.837489
vt 0.038849 0.837862
vt 0.039501 0.837377
vt 0.039131 0.837548
vt 0.033537 0.721119
vt 0.034164 0.720420
vt 0.062842 0.693698
vt 0.033348 0.720437
vt 0.026855 0.701105
vt 0.062792 0.692998
vt 0.026033 0.701104
vt 0.026716 0.700411
vt 0.062635 0.692312
vt 0.025892 0.700411
vt 0.026805 0.699702
vt 0.054021 0.664633
vt 0.054844 0.664639
vt 0.025978 0.699710
vt 0.037062 0.664527
vt 0.054026 0.663810
vt 0.054697 0.663965
vt 0.036238 0.664521
vt 0.037067 0.663703
vt 0.036394 0.663850
vt 0.093491 0.855150
vt 0.093491 0.929020
vt 0.093491 0.834501
vt 0.121024 0.855150
vt 0.121070 0.896577
vt 0.093480 0.930150
vt 0.093491 0.778246
vt 0.121024 0.834501
vt 0.121252 0.897384
vt 0.093491 0.721992
vt 0.121378 0.778248
vt 0.093491 0.721295
vt 0.121733 0.721995
vt 0.121800 0.721297
vt 0.093491 0.720598
vt 0.122000 0.720603
vt 0.093491 0.693701
vt 0.129430 0.701335
vt 0.122815 0.720625
vt 0.093546 0.693001
vt 0.129573 0.700642
vt 0.130253 0.701338
vt 0.093707 0.692316
vt 0.129489 0.699932
vt 0.130398 0.700646
vt 0.101671 0.664693
vt 0.102495 0.664693
vt 0.119455 0.664693
vt 0.130317 0.699946
vt 0.102495 0.663869
vt 0.101823 0.664020
vt 0.119455 0.663869
vt 0.120278 0.664693
vt 0.120127 0.664020
vt 0.676046 0.047018
vt 0.666295 0.046651
vt 0.676417 0.047054
vt 0.666460 0.051441
vt 0.677411 0.052379
vt 0.677810 0.052411
vt 0.677448 0.052536
vt 0.666249 0.051770
vt 0.666302 0.051959
vt 0.620618 0.021481
vt 0.630074 0.037207
vt 0.620405 0.021175
vt 0.630127 0.037582
vt 0.612720 0.025838
vt 0.621602 0.040742
vt 0.612534 0.025541
vt 0.620263 0.020875
vt 0.621623 0.041118
vt 0.612373 0.025994
vt 0.621247 0.040876
vt 0.612166 0.025694
vt 0.612320 0.025302
vt 0.617730 0.015855
vt 0.621319 0.041103
vt 0.611929 0.025441
vt 0.608471 0.021916
vt 0.608075 0.022054
vt 0.617638 0.015772
vt 0.608350 0.021813
vt 0.150279 0.721323
vt 0.063487 0.587825
vt 0.122747 0.721308
vt 0.092667 0.587825
vt 0.044536 0.849181
vt 0.044534 0.849518
vt 0.676520 0.046730
vt 0.676106 0.046669
vn -0.017925 -0.007808 -0.999809
vn -0.386277 -0.004690 -0.922371
vn -0.387484 -0.004094 -0.921867
vn -0.012657 -0.002976 -0.999915
vn -0.920172 -0.002166 -0.391509
vn -0.999958 -0.000051 -0.009208
vn -0.999968 0.002811 -0.007424
vn -0.917834 -0.000820 -0.396963
vn 0.999862 -0.000119 -0.016616
vn 0.924622 -0.002187 -0.380879
vn 0.925143 -0.001343 -0.379617
vn 0.999919 0.005279 -0.011557
vn 0.384442 -0.005096 -0.923135
vn 0.017373 -0.007796 -0.999819
vn 0.011744 -0.002432 -0.999928
vn 0.385131 -0.005708 -0.922845
vn -0.999894 0.000006 0.014530
vn -0.917580 0.000184 0.397551
vn -0.916725 0.005695 0.399478
vn -0.999696 0.019383 0.015262
vn -0.400526 0.000079 0.916286
vn -0.014886 -0.000096 0.999889
vn -0.015920 0.019770 0.999678
vn -0.403496 0.005495 0.914965
vn -0.879563 0.328809 -0.343880
vn -0.870683 0.324915 -0.369244
vn 0.438646 0.796733 -0.415699
vn -0.056327 0.668585 -0.741500
vn -0.451355 0.598448 -0.661921
vn -0.073661 0.995029 0.067015
vn 0.679296 0.593378 0.431809
vn 0.753253 0.655765 0.050819
vn 0.349335 0.322490 0.879753
vn 0.007703 0.002625 0.999967
vn 0.376118 0.318557 0.870090
vn 0.450871 0.774321 -0.444007
vn 0.754074 0.656670 -0.012514
vn 0.703623 0.710545 -0.006405
vn 0.442708 0.785400 -0.432616
vn 0.894405 0.447136 0.010490
vn 0.999912 0.004820 0.012345
vn 0.978491 0.206096 -0.008909
vn 0.006608 0.719123 -0.694851
vn 0.011834 0.668964 -0.743200
vn 0.009370 0.210436 -0.977563
vn -0.010902 0.455947 -0.889940
vn 0.999857 0.006164 0.015745
vn 0.923872 0.004260 0.382677
vn 0.923869 0.005826 0.382664
vn 0.999910 0.006306 0.011885
vn 0.382679 0.001767 0.923880
vn 0.011913 0.000055 0.999929
vn 0.011884 0.000075 0.999929
vn 0.382665 0.002413 0.923884
vn -0.011979 0.000000 0.999928
vn 0.009704 -0.000102 0.999953
vn -0.015946 -0.006139 -0.999854
vn 0.015809 -0.006058 -0.999857
vn 0.011886 -0.006230 -0.999910
vn -0.011885 -0.006305 -0.999910
vn -0.011885 0.000000 0.999929
vn 0.999850 -0.000012 0.017348
vn 0.999856 0.006091 -0.015846
vn 0.999910 0.006231 -0.011884
vn -0.999931 0.000000 0.011792
vn -0.999930 -0.000055 -0.011858
vn -0.999929 -0.000075 -0.011885
vn -0.999929 0.000000 0.011885
vn -0.001791 0.031247 -0.999510
vn 0.001867 0.029161 -0.999573
vn 0.024400 0.002789 -0.999698
vn 0.027254 -0.002913 -0.999624
vn 0.999618 0.027557 -0.002040
vn 0.999621 0.027445 0.001969
vn 0.999741 0.003114 0.022538
vn 0.999733 -0.003223 0.022886
vn -0.923879 -0.001763 -0.382680
vn -0.923877 -0.002413 -0.382682
vn -0.382681 -0.004263 -0.923871
vn -0.382679 -0.005826 -0.923863
vn 0.382695 -0.002500 -0.923872
vn 0.382703 -0.003413 -0.923865
vn 0.923879 0.002493 -0.382676
vn 0.923880 0.003413 -0.382668
vn -0.382681 0.000000 0.923880
vn -0.923883 0.000000 0.382675
vn 0.392005 -0.000076 0.919963
vn 0.397770 0.002342 0.917482
vn 0.922281 0.000278 0.386519
vn 0.921726 0.003252 0.387828
vn -0.382682 0.000000 0.923880
vn -0.923883 0.000000 0.382674
vn -0.911676 0.334736 0.238325
vn -0.257957 0.325589 0.909643
vn 0.836607 0.414562 0.358088
vn 0.761578 0.647510 0.027003
vn 0.688768 0.583867 0.429765
vn 0.472799 0.234497 0.849395
vn 0.927853 0.098768 -0.359630
vn 0.371667 0.101447 -0.922807
vn -0.851666 0.231640 -0.470115
vn -0.448216 0.590353 -0.671257
vn -0.028452 0.660953 -0.749887
vn -0.359547 0.414516 -0.836004
vn 0.001302 0.999998 -0.001295
vn -0.004964 0.988249 -0.152773
vn 0.008318 0.986543 -0.163289
vn 0.008091 0.999966 -0.001548
vn -0.007406 0.937284 -0.348489
vn 0.008099 0.937038 -0.349133
vn 0.348519 0.937273 0.007294
vn 0.153428 0.988147 0.004992
vn 0.164956 0.986266 -0.008284
vn 0.349142 0.937033 -0.008268
vn 0.001591 0.999966 -0.008092
vn -0.999719 0.009842 -0.021548
vn -0.922361 0.018286 0.385897
vn -0.922407 -0.018508 0.385775
vn -0.999724 -0.009513 -0.021477
vn -0.392432 0.018473 0.919596
vn 0.021422 0.009672 0.999724
vn 0.021401 -0.009840 0.999723
vn -0.392686 -0.018120 0.919494
vn 0.000018 0.015534 -0.999879
vn 0.000478 0.381724 -0.924276
vn 0.004950 0.381271 -0.924450
vn 0.007923 0.015496 -0.999849
vn 0.001404 0.923464 -0.383682
vn 0.007998 0.999936 -0.008003
vn 0.004975 0.923730 -0.383012
vn 0.036743 0.008726 -0.999287
vn 0.002014 0.013991 -0.999900
vn 0.002011 -0.013990 -0.999900
vn 0.036757 -0.008404 -0.999289
vn 0.000019 -0.015533 -0.999879
vn 0.001299 -0.999998 -0.001297
vn 0.152899 -0.988230 0.004872
vn 0.163299 -0.986542 -0.008318
vn 0.001550 -0.999966 -0.008090
vn 0.348494 -0.937282 0.007373
vn 0.349131 -0.937039 -0.008098
vn -0.007243 -0.937277 -0.348511
vn -0.004915 -0.988230 -0.152897
vn 0.008323 -0.986539 -0.163316
vn 0.008264 -0.937043 -0.349117
vn 0.008093 -0.999966 -0.001548
vn 0.001408 -0.923609 -0.383332
vn 0.004976 -0.923872 -0.382668
vn 0.008003 -0.999936 -0.007997
vn 0.000482 -0.381987 -0.924168
vn 0.007924 -0.015501 -0.999848
vn 0.004957 -0.381526 -0.924345
vn 0.999879 0.015535 -0.000018
vn 0.999900 0.013990 -0.001999
vn 0.999900 -0.013992 -0.002002
vn 0.999879 -0.015534 -0.000018
vn 0.999289 0.008399 -0.036756
vn 0.999287 -0.008721 -0.036742
vn 0.383363 0.923597 -0.001406
vn 0.382699 0.923860 -0.004976
vn 0.924146 0.382040 -0.000481
vn 0.999849 0.015502 -0.007923
vn 0.924323 0.381580 -0.004957
vn 0.924271 -0.381737 -0.000478
vn 0.924445 -0.381283 -0.004949
vn 0.999849 -0.015496 -0.007923
vn 0.383640 -0.923482 -0.001406
vn 0.382971 -0.923747 -0.004975
vn 0.381599 0.009732 -0.924277
vn 0.381599 -0.009732 -0.924277
vn 0.924279 0.009731 -0.381594
vn 0.924279 -0.009731 -0.381594
vn -0.926777 0.350178 -0.135871
vn -0.859427 0.449976 0.242706
vn -0.392662 0.861282 -0.322507
vn -0.089454 0.991435 0.095153
vn 0.324375 0.863789 0.385551
vn 0.140806 0.357650 0.923179
vn -0.238993 0.457621 0.856426
vn 0.162012 0.351581 -0.922032
vn 0.057903 0.372721 -0.926135
vn 0.332287 0.859612 -0.388139
vn 0.148121 0.909283 -0.388928
vn -0.392779 -0.860897 -0.323390
vn -0.093414 -0.991409 0.091557
vn -0.926741 -0.349783 -0.137121
vn -0.860138 -0.450682 0.238848
vn 0.137597 -0.353597 0.925222
vn -0.241745 -0.454880 0.857113
vn 0.322854 -0.862516 0.389656
vn 0.332953 -0.859418 -0.387999
vn 0.148184 -0.909384 -0.388666
vn 0.162749 -0.351369 -0.921983
vn 0.057801 -0.372974 -0.926040
vn 0.388024 0.859408 -0.332949
vn 0.388648 0.909396 -0.148163
vn 0.922000 0.351323 -0.162750
vn 0.926045 0.372958 -0.057815
vn 0.922046 -0.351539 -0.162023
vn 0.926132 -0.372729 -0.057897
vn 0.388161 -0.859605 -0.332279
vn 0.388892 -0.909289 -0.148181
vn 0.887924 0.325262 -0.325262
vn 0.325265 0.325299 -0.887910
vn 0.325241 0.887925 -0.325281
vn 0.325241 -0.325287 -0.887923
vn 0.887926 -0.325271 -0.325248
vn 0.325240 -0.887934 -0.325257
vn 0.999648 -0.026449 0.002061
vn 0.999651 -0.026343 -0.001987
vn 0.999735 -0.003097 -0.022816
vn 0.999740 0.003241 -0.022588
vn 0.001960 -0.028021 -0.999605
vn -0.001735 -0.029745 -0.999556
vn -0.023255 -0.002900 -0.999725
vn -0.022988 0.003070 -0.999731
vn -0.922956 -0.340406 -0.179657
vn -0.806971 -0.311961 -0.501477
vn -0.923212 -0.015165 -0.383991
vn -0.997957 -0.017738 -0.061372
vn -0.235446 -0.232914 -0.943566
vn -0.019639 -0.035304 -0.999184
vn -0.076614 0.003318 -0.997055
vn -0.414971 -0.002570 -0.909831
vn -0.398184 0.850050 -0.344767
vn -0.332160 0.736653 -0.589077
vn -0.006876 0.801121 -0.598463
vn -0.007515 0.931923 -0.362579
vn -0.236642 0.234074 -0.942979
vn -0.019833 0.035841 -0.999161
vn 0.001516 0.108701 -0.994073
vn -0.003594 0.363811 -0.931466
vn 0.918957 0.349590 -0.182498
vn 0.805097 0.308682 -0.506493
vn 0.915434 0.015189 -0.402183
vn 0.997969 0.018412 -0.060980
vn 0.236664 0.227492 -0.944583
vn 0.024966 0.035023 -0.999075
vn 0.088864 -0.002679 -0.996040
vn 0.406443 0.002739 -0.913672
vn 0.386807 -0.854553 -0.346583
vn 0.325682 -0.731894 -0.598550
vn 0.006810 -0.800188 -0.599710
vn 0.007463 -0.931897 -0.362647
vn 0.241806 -0.220045 -0.945045
vn 0.021832 -0.035026 -0.999148
vn -0.001930 -0.103951 -0.994581
vn 0.003326 -0.360113 -0.932903
vn 0.346413 0.854581 -0.386897
vn 0.589272 0.736675 -0.331765
vn 0.598517 0.801081 -0.006892
vn 0.362646 0.931897 -0.007451
vn 0.944190 0.234075 -0.231762
vn 0.999093 0.037753 -0.019685
vn 0.994123 0.108245 0.001319
vn 0.931493 0.363741 -0.003589
vn 0.183106 0.347905 0.919475
vn 0.512625 0.307937 0.801493
vn 0.383533 0.015141 0.923403
vn 0.061496 0.018101 0.997943
vn 0.945155 0.233394 0.228495
vn 0.999044 0.038990 0.019753
vn 0.997085 -0.003218 0.076236
vn 0.910643 0.002305 0.413188
vn 0.182756 -0.349710 -0.918859
vn 0.511407 -0.309604 -0.801628
vn 0.390715 -0.015576 -0.920380
vn 0.060759 -0.018445 -0.997982
vn 0.945853 -0.230941 -0.228098
vn 0.999126 -0.036946 -0.019533
vn 0.997116 0.003123 -0.075833
vn 0.914053 -0.002310 -0.405588
vn 0.344985 -0.851376 0.395152
vn 0.591070 -0.735442 0.331302
vn 0.599582 -0.800284 0.006855
vn 0.362614 -0.931909 0.007453
vn 0.943713 -0.232769 0.234998
vn 0.999178 -0.035444 0.019701
vn 0.994692 -0.102889 -0.001417
vn 0.932772 -0.360449 0.003535
vn -0.007351 -0.931902 -0.362635
vn -0.398164 -0.849799 -0.345407
vn -0.076913 -0.003077 -0.997033
vn -0.002067 0.109477 -0.993987
vn 0.089426 0.003010 -0.995989
vn 0.060598 0.018783 -0.997986
vn 0.181422 0.349785 -0.919095
vn 0.994113 0.108334 -0.001538
vn 0.362663 -0.931892 -0.007283
vn 0.347162 -0.854347 -0.386742
vn 0.997113 0.002735 0.075885
vn 0.362685 0.931883 0.007384
vn 0.061223 -0.018119 0.997960
vn 0.007287 0.931907 -0.362623
vn 0.998001 -0.018774 -0.060350
vn -0.997961 0.018080 -0.061207
vn 0.001853 -0.103426 -0.994635
vn 0.997100 -0.002864 -0.076053
vn 0.994683 -0.102974 0.001636
vn -0.923130 0.340519 -0.178545
vn 0.386751 0.854358 -0.347126
vn 0.919196 -0.349546 -0.181373
vn 0.347136 0.852287 0.391285
vn 0.179602 -0.344036 0.921619
vn -0.003167 -0.360318 -0.932824
vn -0.332909 -0.735537 -0.590048
vn -0.006474 -0.800305 -0.599559
vn -0.923360 0.015487 -0.383623
vn -0.415081 0.003358 -0.909778
vn 0.006453 0.801056 -0.598555
vn 0.003050 0.363705 -0.931509
vn -0.810859 0.308210 -0.497509
vn 0.915885 -0.014406 -0.401182
vn 0.406340 -0.003878 -0.913714
vn 0.329409 0.734021 -0.593889
vn 0.812110 -0.304188 -0.497943
vn 0.913966 0.003146 -0.405778
vn 0.504128 0.307177 -0.807154
vn 0.390145 0.015955 -0.920615
vn 0.598550 0.801059 0.006511
vn 0.931502 0.363723 0.003191
vn 0.382703 -0.016246 0.923729
vn 0.910424 -0.003192 0.413663
vn 0.590806 0.735525 0.331588
vn 0.932777 -0.360440 -0.003132
vn 0.592304 -0.734670 -0.330810
vn 0.599609 -0.800267 -0.006485
vn 0.495311 -0.310784 0.811222
vn -0.007738 -0.008249 0.999936
vn -0.011992 -0.381312 0.924369
vn 0.011992 -0.381312 0.924369
vn 0.010138 -0.008739 0.999910
vn -0.011992 -0.924366 0.381319
vn -0.018999 -0.999749 0.011843
vn 0.018999 -0.999749 0.011843
vn 0.011992 -0.924366 0.381319
vn -0.381835 -0.924200 0.007487
vn -0.381835 -0.924200 -0.007487
vn -0.018999 -0.999749 -0.011843
vn -0.924201 -0.381833 0.007487
vn -0.952112 -0.305510 0.012143
vn -0.952112 -0.305510 -0.012143
vn -0.924201 -0.381833 -0.007487
vn -0.011991 -0.924367 -0.381316
vn 0.011992 -0.924367 -0.381315
vn 0.018999 -0.999749 -0.011843
vn -0.011992 -0.381312 -0.924369
vn -0.007739 -0.008249 -0.999936
vn 0.010138 -0.008740 -0.999910
vn 0.011992 -0.381312 -0.924369
vn 0.381835 -0.924200 -0.007487
vn 0.381835 -0.924200 0.007487
vn 0.924201 -0.381833 -0.007487
vn 0.960959 -0.276422 -0.012208
vn 0.960959 -0.276423 0.012208
vn 0.924201 -0.381833 0.007487
vn -0.325272 -0.887916 0.325274
vn -0.378982 -0.124864 0.916941
vn -0.325272 -0.325266 0.887919
vn -0.886460 -0.283039 0.366166
vn -0.887923 -0.325259 0.325268
vn -0.378984 -0.124865 -0.916941
vn -0.325276 -0.325265 -0.887918
vn -0.325270 -0.887917 -0.325274
vn -0.886456 -0.283042 -0.366175
vn -0.887918 -0.325270 -0.325271
vn 0.325269 -0.887920 -0.325267
vn 0.379719 -0.111725 -0.918330
vn 0.325273 -0.325271 -0.887917
vn 0.893438 -0.255757 -0.369267
vn 0.887920 -0.325268 -0.325267
vn 0.379718 -0.111723 0.918331
vn 0.325268 -0.325272 0.887918
vn 0.325271 -0.887917 0.325272
vn 0.893436 -0.255758 0.369269
vn 0.887919 -0.325268 0.325270
vn -0.011762 0.000000 0.999931
vn -0.011707 0.000000 0.999931
vn -0.382685 0.000000 0.923879
vn -0.382676 0.000000 0.923883
vn -0.011812 0.000000 0.999930
vn -0.382682 0.000000 0.923880
vn 0.923869 0.006780 0.382648
vn 0.911235 0.166162 0.376884
vn 0.983019 0.183105 0.012100
vn 0.999902 0.007353 0.011930
vn 0.871324 0.332528 0.360859
vn 0.934042 0.356960 0.012077
vn 0.382706 -0.002905 -0.923865
vn 0.381799 0.075865 -0.921126
vn 0.010453 0.001870 -0.999944
vn 0.011806 -0.006136 -0.999912
vn 0.378643 0.145071 -0.914103
vn 0.005734 0.002183 -0.999981
vn -0.923876 -0.002384 -0.382684
vn -0.923879 0.000000 -0.382685
vn -0.999928 0.000000 -0.012034
vn -0.999930 -0.000074 -0.011872
vn -0.923877 0.000000 -0.382690
vn -0.999928 0.000000 -0.012033
vn -0.013325 -0.000027 0.999911
vn -0.009908 -0.001611 0.999950
vn 0.011058 0.000522 0.999939
vn 0.011265 0.004293 0.999927
vn -0.013683 -0.004333 0.999897
vn 0.022540 -0.006360 0.999726
vn 0.005733 0.002183 0.999981
vn 0.378615 0.145066 0.914115
vn 0.378724 0.142785 0.914429
vn 0.871655 0.331484 0.361022
vn 0.934888 0.354792 0.010326
vn 0.934888 0.354792 -0.010323
vn 0.934041 0.356961 -0.012077
vn 0.871318 0.332528 -0.360874
vn 0.871647 0.331483 -0.361039
vn 0.378753 0.142792 -0.914416
vn 0.011263 0.004292 -0.999927
vn -0.013325 -0.000027 -0.999911
vn -0.011762 0.000000 -0.999931
vn -0.382677 0.000000 -0.923882
vn -0.382677 -0.000719 -0.923882
vn -0.923873 -0.001839 -0.382695
vn -0.999926 -0.001949 -0.012019
vn -0.999928 0.000000 0.012033
vn -0.999926 -0.001949 0.012019
vn -0.923882 0.000000 0.382677
vn -0.923878 -0.001839 0.382682
vn -0.382675 -0.000719 0.923883
vn 0.380478 -0.106723 0.918611
vn 0.962542 -0.270915 0.010862
vn 0.894090 -0.251906 0.370334
vn 0.962542 -0.270915 -0.010859
vn 0.894091 -0.251905 -0.370332
vn 0.022534 -0.006358 -0.999726
vn 0.380480 -0.106726 -0.918610
vn -0.013683 -0.004333 -0.999897
vn -0.379923 -0.119832 -0.917223
vn -0.953430 -0.301426 -0.010637
vn -0.886765 -0.280578 -0.367319
vn -0.953430 -0.301426 0.010637
vn -0.886770 -0.280575 0.367311
vn -0.379922 -0.119831 0.917224
vn 0.010453 0.001870 0.999944
vn 0.011786 0.000087 0.999931
vn 0.381790 0.075859 0.921131
vn 0.382651 0.002845 0.923889
vn 0.983019 0.183105 -0.012099
vn 0.999903 0.007276 -0.011841
vn 0.911230 0.166168 -0.376892
vn 0.923880 0.004392 -0.382658
vn -0.011707 0.000000 -0.999932
vn -0.011829 -0.006228 -0.999911
vn -0.382685 0.000000 -0.923879
vn -0.382679 -0.005754 -0.923863
vn -0.999928 0.000000 0.012033
vn -0.999929 0.000000 0.011959
vn -0.923883 0.000000 0.382676
vn -0.923882 0.000000 0.382677
vn 0.382283 0.015174 0.923921
vn 0.922993 0.043842 0.382311
vn 0.998909 0.045253 0.011565
vn 0.998909 0.045253 -0.011573
vn 0.922963 0.043838 -0.382384
vn 0.382323 0.015177 -0.923904
vn 0.011062 0.000523 -0.999939
vn -0.009908 -0.001611 -0.999950
vn -0.382071 -0.056632 -0.922396
vn -0.914023 -0.144852 -0.378918
vn -0.988106 -0.153325 -0.011720
vn -0.988106 -0.153325 0.011720
vn -0.914027 -0.144852 0.378910
vn -0.382066 -0.056631 0.922399
s 1
g all Sunmao_005 leg_003
usemtl phongE1SG
f 4340/5901/10353 4339/5624/10354 4375/5627/10355 4374/5902/10356
s 2
f 4339/5624/10357 4338/5625/10358 4376/5626/10359 4375/5627/10360
s 1
f 4346/5676/10361 4345/5677/10362 4367/5678/10363 4366/5679/10364
f 4345/5911/10365 4344/5906/10366 4368/5905/10367 4367/5912/10368
s 2
f 4349/5631/10369 4348/5638/10370 4352/5639/10371 4351/5630/10372
s 6
f 4348/5638/10373 4347/5972/10374 4353/5973/10375 4352/5639/10376
s 2
f 4351/5630/10372 4350/5637/10377 4371/5632/10378 4376/5626/10359
s 1
f 4355/5708/10379 4550/5822/10380 4350/5823/10381 4383/5824/10382
f 4354/5740/10383 4547/5707/10384 4355/5708/10379 4383/5824/10382
s 6
f 4354/5977/10385 4353/5973/10375 4362/5976/10386 4361/5980/10387
s 1
f 4370/5691/10388 4548/5692/10389 4365/5682/10390 4385/5683/10391
f 4359/5690/10392 4364/5684/10393 4366/5679/10364 4365/5682/10394
f 4369/5828/10395 4549/5825/10396 4370/5691/10388 4385/5683/10391
f 4369/5910/10397 4368/5905/10367 4374/5902/10356 4373/5904/10398
f 4382/5697/10399 4381/5709/10400 4653/5715/10401 4654/5698/10402
s 6
f 4381/5709/10403 4380/5979/10404 4652/5982/10405 4653/5715/10406
f 4377/5974/10407 4380/5979/10404 4356/5975/10408 4347/5972/10374
f 4347/5972/10374 4356/5975/10408 4362/5976/10386 4353/5973/10375
s 1
f 4368/5905/10367 4344/5906/10366 4340/5901/10353 4374/5902/10356
f 4337/5903/10409 4341/5915/10410 4657/5916/10411 4658/5907/10412
s 6
f 4380/5979/10404 4377/5974/10407 4651/5978/10413 4652/5982/10405
s 1
f 4346/5676/10361 4366/5679/10364 4364/5684/10393 4358/5685/10414
f 4343/5680/10415 4382/5697/10399 4654/5698/10402 4655/5686/10416
s 2
f 4379/5636/10417 4335/5629/10418 4660/5635/10419 4661/5642/10420
f 4338/5625/10358 4335/5629/10418 4379/5636/10417 4349/5631/10369
f 4351/5630/10372 4376/5626/10359 4338/5625/10358 4349/5631/10369
s 1
f 4471/5927/10421 4472/5928/10422 4341/5915/10410 4337/5903/10409
f 4337/5903/10409 4340/5901/10353 4469/5908/10423 4470/5909/10424
f 4463/5713/10425 4464/5714/10426 4382/5697/10399 4343/5680/10415
f 4461/5688/10427 4462/5689/10428 4343/5680/10415 4346/5676/10361
f 4355/5708/10379 4370/5691/10388 4549/5825/10396 4550/5822/10380
f 4547/5707/10384 4548/5692/10389 4370/5691/10388 4355/5708/10379
s 2
f 4335/5629/10418 4336/5628/10429 4659/5634/10430 4660/5635/10419
s 1
f 4336/5628/10431 4337/5903/10409 4658/5907/10412 4659/5634/10432
f 4337/5903/10409 4336/5628/10431 4339/5624/10354 4340/5901/10353
s 2
f 4336/5628/10429 4335/5629/10418 4338/5625/10358 4339/5624/10357
s 1
f 4341/5915/10410 4342/5923/10433 4656/5929/10434 4657/5916/10411
f 4342/5681/10435 4343/5680/10415 4655/5686/10416 4656/5687/10436
f 4343/5680/10415 4342/5681/10435 4345/5677/10362 4346/5676/10361
f 4342/5923/10433 4341/5915/10410 4344/5906/10366 4345/5911/10365
s 6
f 4347/5972/10374 4348/5638/10373 4378/5643/10437 4377/5974/10407
s 2
f 4348/5638/10370 4349/5631/10369 4379/5636/10417 4378/5643/10438
s 6
f 4356/5975/10408 4357/5693/10439 4363/5694/10440 4362/5976/10386
s 1
f 4357/5693/10441 4358/5685/10414 4364/5684/10393 4363/5694/10442
s 6
f 4377/5974/10407 4378/5643/10437 4662/5648/10443 4651/5978/10413
s 2
f 4378/5643/10438 4379/5636/10417 4661/5642/10420 4662/5648/10444
s 1
f 4358/5685/10414 4357/5693/10441 4381/5709/10400 4382/5697/10399
s 6
f 4357/5693/10439 4356/5975/10408 4380/5979/10404 4381/5709/10403
s 2
f 4350/5637/10377 4351/5630/10372 4352/5639/10371 4383/5644/10445
s 6
f 4352/5639/10376 4353/5973/10375 4354/5977/10385 4383/5644/10446
s 1
f 4363/5694/10442 4364/5684/10393 4359/5690/10392 4384/5705/10447
f 4359/5690/10392 4360/5706/10448 4361/5724/10449 4384/5705/10447
s 6
f 4361/5980/10387 4362/5976/10386 4363/5694/10440 4384/5705/10450
s 1
f 4365/5682/10394 4366/5679/10364 4367/5678/10363 4385/5683/10451
f 4367/5912/10368 4368/5905/10367 4369/5910/10397 4385/5922/10452
s 2
f 4375/5627/10360 4376/5626/10359 4371/5632/10378 4386/5633/10453
s 1
f 4371/5827/10454 4372/5826/10455 4373/5829/10398 4386/5830/10456
f 4373/5904/10398 4374/5902/10356 4375/5627/10355 4386/5633/10456
s 14
f 4390/5831/10457 4389/5832/10458 4429/5833/10459 4428/5834/10460
f 4389/5832/10458 4388/5837/10461 4430/5838/10462 4429/5833/10459
f 4392/5842/10463 4391/5835/10464 4399/5841/10465 4398/5850/10466
f 4391/5835/10464 4390/5831/10457 4400/5839/10467 4399/5841/10465
s 16
f 4396/5778/10468 4395/5779/10469 4407/6039/10470 4406/5781/10471
s 17
f 4395/6042/10472 4394/6006/10473 4408/6007/10474 4407/5780/10475
s 18
f 4402/6015/10476 4401/5847/10477 4441/5848/10478 4440/6016/10479
s 14
f 4401/5847/10480 4400/5839/10467 4442/5840/10481 4441/5848/10482
s 18
f 4404/6022/10483 4403/6017/10484 4417/6021/10485 4416/6027/10486
f 4403/6017/10484 4402/6015/10476 4418/6019/10487 4417/6021/10485
s 20
f 4412/5862/10488 4411/5863/10489 4421/5864/10490 4420/5865/10491
f 4411/5863/10489 4410/5867/10492 4422/5868/10493 4421/5864/10490
f 4414/5874/10494 4413/5866/10495 4433/5873/10496 4432/5882/10497
f 4413/5866/10495 4412/5862/10488 4434/5872/10498 4433/5873/10496
f 4420/5865/10491 4419/5869/10499 4449/5880/10500 4448/5871/10501
s 18
f 4419/6024/10502 4418/6019/10487 4450/6020/10503 4449/6025/10504
s 22
f 4426/5794/10505 4425/5795/10506 4437/5796/10507 4436/5797/10508
f 4425/5795/10506 4424/5800/10509 4438/5801/10510 4437/5796/10507
s 14
f 4428/5834/10460 4427/5798/10511 4443/5806/10512 4442/5840/10481
s 22
f 4427/5798/10513 4426/5794/10505 4444/5804/10514 4443/5806/10515
f 4436/5797/10508 4435/5802/10516 4447/5811/10517 4446/5805/10518
s 20
f 4435/5802/10519 4434/5872/10498 4448/5871/10501 4447/5811/10520
s 18
f 4440/6016/10479 4439/6018/10521 4445/6023/10522 4450/6020/10503
s 22
f 4439/5812/10523 4444/5804/10514 4446/5805/10518 4445/5813/10524
s 14
f 4400/5839/10467 4390/5831/10457 4428/5834/10460 4442/5840/10481
s 20
f 4412/5862/10488 4420/5865/10491 4448/5871/10501 4434/5872/10498
s 18
f 4418/6019/10487 4402/6015/10476 4440/6016/10479 4450/6020/10503
s 22
f 4444/5804/10514 4426/5794/10505 4436/5797/10508 4446/5805/10518
s 16
f 4395/5779/10469 4396/5778/10468 4387/5782/10525 4451/5783/10526
s 14
f 4387/5844/10527 4388/5837/10461 4389/5832/10458 4451/5836/10528
f 4389/5832/10458 4390/5831/10457 4391/5835/10464 4451/5836/10528
f 4391/5835/10464 4392/5842/10463 4393/5843/10529 4451/5836/10528
s 17
f 4393/6008/10530 4394/6006/10473 4395/6042/10472 4451/6041/10531
s 18
f 4403/6017/10484 4404/6022/10483 4397/5857/10532 4452/5849/10533
s 14
f 4397/5857/10534 4398/5850/10466 4399/5841/10465 4452/5849/10535
f 4399/5841/10465 4400/5839/10467 4401/5847/10480 4452/5849/10535
s 18
f 4401/5847/10477 4402/6015/10476 4403/6017/10484 4452/5849/10533
s 20
f 4413/5866/10495 4414/5874/10494 4405/5875/10536 4453/5785/10537
s 16
f 4405/5784/10538 4406/5781/10471 4407/6039/10470 4453/6040/10539
s 17
f 4407/5780/10475 4408/6007/10474 4409/5876/10540 4453/5785/10541
s 20
f 4409/5876/10542 4410/5867/10492 4411/5863/10489 4453/5785/10537
f 4411/5863/10489 4412/5862/10488 4413/5866/10495 4453/5785/10537
f 4421/5864/10490 4422/5868/10493 4415/5879/10543 4454/5870/10544
s 18
f 4415/6030/10545 4416/6027/10486 4417/6021/10485 4454/6026/10546
f 4417/6021/10485 4418/6019/10487 4419/6024/10502 4454/6026/10546
s 20
f 4419/5869/10499 4420/5865/10491 4421/5864/10490 4454/5870/10544
s 14
f 4429/5833/10459 4430/5838/10462 4423/5807/10547 4455/5799/10548
s 22
f 4423/5807/10549 4424/5800/10509 4425/5795/10506 4455/5799/10550
f 4425/5795/10506 4426/5794/10505 4427/5798/10513 4455/5799/10550
s 14
f 4427/5798/10511 4428/5834/10460 4429/5833/10459 4455/5799/10548
s 22
f 4437/5796/10507 4438/5801/10510 4431/5810/10551 4456/5803/10552
s 20
f 4431/5810/10553 4432/5882/10497 4433/5873/10496 4456/5881/10554
f 4433/5873/10496 4434/5872/10498 4435/5802/10519 4456/5881/10554
s 22
f 4435/5802/10516 4436/5797/10508 4437/5796/10507 4456/5803/10552
f 4443/5806/10515 4444/5804/10514 4439/5812/10523 4457/5814/10555
s 18
f 4439/6018/10521 4440/6016/10479 4441/5848/10478 4457/5856/10556
s 14
f 4441/5848/10482 4442/5840/10481 4443/5806/10512 4457/5856/10557
s 18
f 4449/6025/10504 4450/6020/10503 4445/6023/10522 4458/6029/10558
s 22
f 4445/5813/10524 4446/5805/10518 4447/5811/10517 4458/5819/10559
s 20
f 4447/5811/10520 4448/5871/10501 4449/5880/10500 4458/5887/10560
s 1
f 4346/5676/10361 4358/5685/10414 4459/5695/10561 4460/5696/10562
f 4358/5685/10414 4382/5697/10399 4465/5725/10563 4466/5726/10564
f 4340/5901/10353 4344/5906/10366 4467/5913/10565 4468/5914/10566
f 4473/5937/10567 4474/5938/10568 4344/5906/10366 4341/5915/10410
s 16
f 4477/5789/10569 4476/5793/10570 4482/5790/10571 4481/5787/10572
s 1
f 4476/5940/10573 4475/5924/10574 4483/5939/10575 4482/5790/10576
s 14
f 4486/5853/10577 4485/5859/10578 4488/5854/10579 4487/5846/10580
s 1
f 4485/5951/10581 4484/5944/10582 4489/5943/10583 4488/5950/10584
s 22
f 4495/5815/10585 4494/5820/10586 4497/5817/10587 4496/5809/10588
s 1
f 4494/5935/10589 4493/5921/10590 4498/5920/10591 4497/5934/10592
s 20
f 4504/5816/10593 4503/5892/10594 4506/5891/10595 4505/5888/10596
s 1
f 4503/5932/10597 4502/5918/10598 4507/5926/10599 4506/5942/10600
s 14
f 4513/5757/10601 4512/5748/10602 4518/5747/10603 4517/5756/10604
s 1
f 4512/5748/10605 4511/5732/10606 4519/5731/10607 4518/5747/10608
s 17
f 4522/5738/10609 4521/5721/10610 4524/5719/10611 4523/5739/10612
s 1
f 4521/5721/10613 4520/5703/10614 4525/5702/10615 4524/5719/10616
s 18
f 4531/5743/10617 4530/5728/10618 4536/5742/10619 4535/5755/10620
s 1
f 4530/5728/10621 4529/5710/10622 4537/5727/10623 4536/5742/10624
s 20
f 4540/5746/10625 4539/5723/10626 4542/5730/10627 4541/5745/10628
s 1
f 4539/5723/10629 4538/5704/10630 4543/5712/10631 4542/5730/10632
s 20
f 4478/5883/10633 4477/5884/10634 4405/5875/10536 4414/5874/10494
s 16
f 4477/5789/10569 4481/5787/10572 4406/5781/10471 4405/5784/10538
s 1
f 4489/5943/10583 4484/5944/10582 4341/5915/10410 4472/5928/10422
f 4484/5944/10582 4492/5949/10635 4473/5937/10567 4341/5915/10410
f 4498/5920/10591 4493/5921/10590 4337/5903/10409 4470/5909/10424
f 4493/5921/10590 4501/5936/10636 4471/5927/10421 4337/5903/10409
f 4507/5926/10599 4502/5918/10598 4340/5901/10353 4468/5914/10566
f 4502/5918/10598 4510/5919/10637 4469/5908/10423 4340/5901/10353
s 18
f 4514/6028/10638 4513/5861/10639 4397/5857/10532 4404/6022/10483
s 14
f 4513/5861/10601 4517/5858/10604 4398/5850/10466 4397/5857/10534
s 1
f 4525/5702/10615 4520/5703/10614 4343/5680/10415 4462/5689/10428
f 4520/5703/10614 4528/5722/10640 4463/5713/10425 4343/5680/10415
s 20
f 4532/5877/10641 4531/5886/10642 4415/5879/10543 4422/5868/10493
s 18
f 4531/6032/10617 4535/6031/10620 4416/6027/10486 4415/6030/10545
s 1
f 4543/5712/10631 4538/5704/10630 4346/5676/10361 4460/5696/10562
f 4538/5704/10630 4546/5701/10643 4461/5688/10427 4346/5676/10361
s 14
f 4526/5851/10644 4392/5842/10463 4398/5850/10466 4517/5858/10604
s 17
f 4544/6009/10645 4408/6007/10474 4394/6006/10473 4523/6010/10612
s 20
f 4532/5877/10641 4422/5868/10493 4410/5867/10492 4541/5878/10628
s 18
f 4514/6028/10638 4404/6022/10483 4416/6027/10486 4535/6031/10620
s 14
f 4499/5845/10646 4430/5838/10462 4388/5837/10461 4487/5846/10580
s 22
f 4508/5808/10647 4438/5801/10510 4424/5800/10509 4496/5809/10588
s 20
f 4478/5883/10633 4414/5874/10494 4432/5882/10497 4505/5888/10596
s 16
f 4490/5786/10648 4396/5778/10468 4406/5781/10471 4481/5787/10572
s 1
f 4492/5949/10635 4483/5939/10575 4474/5938/10568 4473/5937/10567
f 4501/5936/10636 4489/5943/10583 4472/5928/10422 4471/5927/10421
f 4510/5919/10637 4498/5920/10591 4470/5909/10424 4469/5908/10423
f 4480/5925/10649 4507/5926/10599 4468/5914/10566 4467/5913/10565
f 4528/5722/10640 4519/5731/10607 4464/5714/10426 4463/5713/10425
f 4516/5741/10650 4537/5727/10623 4466/5726/10564 4465/5725/10563
f 4546/5701/10643 4525/5702/10615 4462/5689/10428 4461/5688/10427
f 4534/5711/10651 4543/5712/10631 4460/5696/10562 4459/5695/10561
f 4344/5906/10366 4475/5924/10574 4480/5925/10649 4467/5913/10565
f 4483/5939/10575 4475/5924/10574 4344/5906/10366 4474/5938/10568
s 16
f 4490/5786/10648 4486/5788/10652 4387/5782/10525 4396/5778/10468
s 14
f 4486/5853/10577 4487/5846/10580 4388/5837/10461 4387/5844/10527
f 4499/5845/10646 4495/5815/10653 4423/5807/10547 4430/5838/10462
s 22
f 4495/5815/10585 4496/5809/10588 4424/5800/10509 4423/5807/10549
f 4508/5808/10647 4504/5816/10654 4431/5810/10551 4438/5801/10510
s 20
f 4504/5816/10593 4505/5888/10596 4432/5882/10497 4431/5810/10553
s 1
f 4382/5697/10399 4511/5732/10606 4516/5741/10650 4465/5725/10563
f 4519/5731/10607 4511/5732/10606 4382/5697/10399 4464/5714/10426
s 14
f 4526/5851/10644 4522/5852/10655 4393/5843/10529 4392/5842/10463
s 17
f 4522/6011/10609 4523/6010/10612 4394/6006/10473 4393/6008/10530
s 1
f 4358/5685/10414 4529/5710/10622 4534/5711/10651 4459/5695/10561
f 4537/5727/10623 4529/5710/10622 4358/5685/10414 4466/5726/10564
s 17
f 4544/6009/10645 4540/5885/10656 4409/5876/10540 4408/6007/10474
s 20
f 4540/5885/10625 4541/5878/10628 4410/5867/10492 4409/5876/10542
s 1
f 4475/5924/10574 4476/5940/10573 4479/5941/10657 4480/5925/10649
s 20
f 4476/5889/10658 4477/5884/10634 4478/5883/10633 4479/5890/10659
s 16
f 4481/5787/10572 4482/5790/10571 4491/5791/10660 4490/5786/10648
s 1
f 4482/5790/10576 4483/5939/10575 4492/5949/10635 4491/5791/10661
s 14
f 4487/5846/10580 4488/5854/10579 4500/5855/10662 4499/5845/10646
s 1
f 4488/5950/10584 4489/5943/10583 4501/5936/10636 4500/5948/10663
f 4484/5944/10582 4485/5951/10581 4491/5791/10661 4492/5949/10635
s 16
f 4485/5792/10664 4486/5788/10652 4490/5786/10648 4491/5791/10660
s 22
f 4496/5809/10588 4497/5817/10587 4509/5818/10665 4508/5808/10647
s 1
f 4497/5934/10592 4498/5920/10591 4510/5919/10637 4509/5933/10666
f 4493/5921/10590 4494/5935/10589 4500/5948/10663 4501/5936/10636
s 14
f 4494/5860/10667 4495/5815/10653 4499/5845/10646 4500/5855/10662
s 1
f 4480/5925/10649 4479/5941/10657 4506/5942/10600 4507/5926/10599
s 20
f 4479/5890/10659 4478/5883/10633 4505/5888/10596 4506/5891/10595
s 1
f 4502/5918/10598 4503/5932/10597 4509/5933/10666 4510/5919/10637
s 22
f 4503/5821/10668 4504/5816/10654 4508/5808/10647 4509/5818/10665
s 1
f 4511/5732/10606 4512/5748/10605 4515/5754/10669 4516/5741/10650
s 18
f 4512/5748/10670 4513/5757/10639 4514/5762/10638 4515/5754/10671
s 14
f 4517/5756/10604 4518/5747/10603 4527/5737/10672 4526/5753/10644
s 1
f 4518/5747/10608 4519/5731/10607 4528/5722/10640 4527/5737/10673
s 17
f 4523/6010/10612 4524/6012/10611 4545/6013/10674 4544/6009/10645
s 1
f 4524/5719/10616 4525/5702/10615 4546/5701/10643 4545/5720/10675
f 4520/5703/10614 4521/5721/10613 4527/5737/10673 4528/5722/10640
s 14
f 4521/5721/10676 4522/5738/10655 4526/5753/10644 4527/5737/10672
s 1
f 4529/5710/10622 4530/5728/10621 4533/5729/10677 4534/5711/10651
s 20
f 4530/5728/10678 4531/5743/10642 4532/5744/10641 4533/5729/10679
s 1
f 4516/5741/10650 4515/5754/10669 4536/5742/10624 4537/5727/10623
s 18
f 4515/6033/10671 4514/6028/10638 4535/6031/10620 4536/6034/10619
s 1
f 4534/5711/10651 4533/5729/10677 4542/5730/10632 4543/5712/10631
s 20
f 4533/5729/10679 4532/5744/10641 4541/5745/10628 4542/5730/10627
s 1
f 4538/5704/10630 4539/5723/10629 4545/5720/10675 4546/5701/10643
s 17
f 4539/6014/10680 4540/5885/10656 4544/6009/10645 4545/6013/10674
s 1
f 4547/5707/10384 4354/5740/10383 4361/5724/10449 4360/5706/10448
f 4360/5706/10448 4548/5692/10389 4547/5707/10384
f 4360/5706/10448 4359/5690/10392 4365/5682/10390 4548/5692/10389
f 4549/5825/10396 4369/5828/10395 4373/5829/10398 4372/5826/10455
f 4550/5822/10380 4549/5825/10396 4372/5826/10455
f 4350/5823/10381 4550/5822/10380 4372/5826/10455 4371/5827/10454
s 6
f 4552/5998/10681 4551/6001/10682 4569/6003/10683 4574/5999/10684
s 40
f 4551/5893/10685 4556/5894/10686 4570/5895/10687 4569/5896/10688
f 4556/5894/10686 4555/5673/10689 4559/5669/10690 4558/5897/10691
s 2
f 4555/5673/10692 4554/5671/10693 4560/5666/10694 4559/5669/10695
s 40
f 4558/5897/10691 4557/5899/10696 4563/5900/10697 4568/5898/10698
s 1
f 4557/5967/10699 4562/5963/10700 4564/5966/10701 4563/5970/10702
s 40
f 4568/5898/10698 4567/5773/10703 4571/5776/10704 4570/5895/10687
s 1
f 4567/5773/10705 4566/5769/10706 4572/5772/10707 4571/5776/10708
s 40
f 4556/5894/10686 4558/5897/10691 4568/5898/10698 4570/5895/10687
f 4555/5673/10689 4556/5894/10686 4551/5893/10685 4575/5675/10709
s 6
f 4551/6001/10682 4552/5998/10681 4553/5997/10710 4575/6002/10711
s 2
f 4553/5674/10712 4554/5671/10693 4555/5673/10692 4575/5675/10713
s 1
f 4561/5964/10714 4562/5963/10700 4557/5967/10699 4576/5968/10715
s 40
f 4557/5899/10696 4558/5897/10691 4559/5669/10690 4576/5670/10716
s 2
f 4559/5669/10695 4560/5666/10694 4561/5665/10717 4576/5670/10718
s 40
f 4567/5773/10703 4568/5898/10698 4563/5900/10697 4577/5774/10719
s 1
f 4563/5970/10702 4564/5966/10701 4565/5969/10720 4577/5971/10721
f 4565/5770/10722 4566/5769/10706 4567/5773/10705 4577/5774/10723
s 6
f 4573/6004/10724 4574/5999/10684 4569/6003/10683 4578/6005/10725
s 40
f 4569/5896/10688 4570/5895/10687 4571/5776/10704 4578/5777/10726
s 1
f 4571/5776/10708 4572/5772/10707 4573/5775/10727 4578/5777/10728
s 6
f 4581/5986/10729 4580/5983/10730 4613/5656/10731 4612/5660/10732
f 4580/5983/10730 4579/5981/10733 4614/5652/10734 4613/5656/10731
s 1
f 4587/5733/10735 4586/5749/10736 4589/6037/10737 4588/5716/10738
f 4586/6038/10736 4585/5758/10739 4590/5750/10740 4589/5734/10737
f 4596/5945/10741 4595/5952/10742 4598/5946/10743 4597/5930/10744
f 4595/5952/10742 4594/5955/10745 4599/5953/10746 4598/5946/10743
s 2
f 4605/5640/10747 4604/5645/10748 4607/5646/10749 4606/5641/10750
f 4604/5645/10748 4603/5649/10751 4608/5650/10752 4607/5646/10749
s 6
f 4617/5988/10753 4616/5991/10754 4619/5992/10755 4618/5989/10756
f 4616/5991/10754 4615/5994/10757 4620/5995/10758 4619/5992/10755
f 4582/5987/10759 4581/5986/10729 4617/5988/10753 4618/5989/10756
f 4585/5990/10760 4582/5987/10759 4618/5989/10756 4621/5993/10761
s 1
f 4590/5750/10740 4585/5758/10739 4621/5763/10762 4624/5759/10763
f 4624/5759/10763 4627/5751/10764 4591/5735/10765 4590/5750/10740
f 4594/5736/10766 4591/5735/10765 4627/5751/10764 4630/5752/10767
f 4599/5953/10746 4594/5955/10745 4630/5958/10768 4633/5956/10769
f 4633/5956/10769 4636/5954/10770 4600/5947/10771 4599/5953/10746
f 4603/5649/10772 4600/5947/10771 4636/5954/10770 4639/5653/10773
s 2
f 4608/5650/10752 4603/5649/10751 4639/5653/10774 4642/5654/10775
f 4609/5655/10776 4608/5650/10752 4642/5654/10775 4645/5659/10777
f 4612/5660/10778 4609/5655/10776 4645/5659/10777 4648/5664/10779
s 6
f 4581/5986/10729 4612/5660/10732 4648/5664/10780 4617/5988/10753
f 4620/5995/10758 4615/5994/10757 4552/5998/10681 4574/5999/10684
f 4623/6000/10781 4620/5995/10758 4574/5999/10684 4573/6004/10724
s 1
f 4626/5768/10782 4623/5771/10783 4573/5775/10727 4572/5772/10707
f 4572/5772/10707 4566/5769/10706 4629/5765/10784 4626/5768/10782
f 4632/5766/10785 4629/5765/10784 4566/5769/10706 4565/5770/10722
f 4635/5962/10786 4632/5965/10787 4565/5969/10720 4564/5966/10701
f 4562/5963/10700 4638/5960/10788 4635/5962/10786 4564/5966/10701
f 4641/5661/10789 4638/5960/10788 4562/5963/10700 4561/5964/10714
s 2
f 4644/5662/10790 4641/5661/10791 4561/5665/10717 4560/5666/10694
f 4647/5667/10792 4644/5662/10790 4560/5666/10694 4554/5671/10693
f 4650/5672/10793 4647/5667/10792 4554/5671/10693 4553/5674/10712
s 6
f 4615/5994/10757 4650/5672/10794 4553/5997/10710 4552/5998/10681
f 4579/5981/10733 4580/5983/10730 4583/5985/10795 4584/5984/10796
f 4580/5983/10730 4581/5986/10729 4582/5987/10759 4583/5985/10795
f 4584/5984/10796 4583/5985/10795 4586/5749/10797 4587/5733/10798
f 4583/5985/10795 4582/5987/10759 4585/5990/10760 4586/5749/10797
s 1
f 4588/5716/10738 4589/6037/10737 4592/6035/10799 4593/5699/10800
f 4589/5734/10737 4590/5750/10740 4591/5735/10765 4592/5717/10799
f 4593/5699/10800 4592/6035/10799 4595/5718/10801 4596/5700/10802
f 4592/5717/10799 4591/5735/10765 4594/5736/10766 4595/6036/10801
f 4597/5930/10744 4598/5946/10743 4601/5931/10803 4602/5917/10804
f 4598/5946/10743 4599/5953/10746 4600/5947/10771 4601/5931/10803
f 4602/5917/10804 4601/5931/10803 4604/5645/10805 4605/5640/10806
f 4601/5931/10803 4600/5947/10771 4603/5649/10772 4604/5645/10805
s 2
f 4606/5641/10750 4607/5646/10749 4610/5651/10807 4611/5647/10808
f 4607/5646/10749 4608/5650/10752 4609/5655/10776 4610/5651/10807
f 4611/5647/10808 4610/5651/10807 4613/5656/10809 4614/5652/10810
f 4610/5651/10807 4609/5655/10776 4612/5660/10778 4613/5656/10809
s 6
f 4618/5989/10756 4619/5992/10755 4622/5996/10811 4621/5993/10761
f 4619/5992/10755 4620/5995/10758 4623/6000/10781 4622/5996/10811
s 1
f 4621/5763/10762 4622/5767/10812 4625/5764/10813 4624/5759/10763
f 4622/5767/10812 4623/5771/10783 4626/5768/10782 4625/5764/10813
f 4624/5759/10763 4625/5764/10813 4628/5760/10814 4627/5751/10764
f 4625/5764/10813 4626/5768/10782 4629/5765/10784 4628/5760/10814
f 4627/5751/10764 4628/5760/10814 4631/5761/10815 4630/5752/10767
f 4628/5760/10814 4629/5765/10784 4632/5766/10785 4631/5761/10815
f 4630/5958/10768 4631/5961/10816 4634/5959/10817 4633/5956/10769
f 4631/5961/10816 4632/5965/10787 4635/5962/10786 4634/5959/10817
f 4633/5956/10769 4634/5959/10817 4637/5957/10818 4636/5954/10770
f 4634/5959/10817 4635/5962/10786 4638/5960/10788 4637/5957/10818
f 4636/5954/10770 4637/5957/10818 4640/5657/10819 4639/5653/10773
f 4637/5957/10818 4638/5960/10788 4641/5661/10789 4640/5657/10819
s 2
f 4639/5653/10774 4640/5657/10820 4643/5658/10821 4642/5654/10775
f 4640/5657/10820 4641/5661/10791 4644/5662/10790 4643/5658/10821
f 4642/5654/10775 4643/5658/10821 4646/5663/10822 4645/5659/10777
f 4643/5658/10821 4644/5662/10790 4647/5667/10792 4646/5663/10822
f 4645/5659/10777 4646/5663/10822 4649/5668/10823 4648/5664/10779
f 4646/5663/10822 4647/5667/10792 4650/5672/10793 4649/5668/10823
s 6
f 4615/5994/10757 4616/5991/10754 4649/5668/10824 4650/5672/10794
f 4616/5991/10754 4617/5988/10753 4648/5664/10780 4649/5668/10824
f 4652/5982/10405 4651/5978/10413 4579/5981/10733 4584/5984/10796
f 4653/5715/10406 4652/5982/10405 4584/5984/10796 4587/5733/10798
s 1
f 4654/5698/10402 4653/5715/10401 4587/5733/10735 4588/5716/10738
f 4655/5686/10416 4654/5698/10402 4588/5716/10738 4593/5699/10800
f 4656/5687/10436 4655/5686/10416 4593/5699/10800 4596/5700/10802
f 4657/5916/10411 4656/5929/10434 4596/5945/10741 4597/5930/10744
f 4658/5907/10412 4657/5916/10411 4597/5930/10744 4602/5917/10804
f 4659/5634/10432 4658/5907/10412 4602/5917/10804 4605/5640/10806
s 2
f 4660/5635/10419 4659/5634/10430 4605/5640/10747 4606/5641/10750
f 4661/5642/10420 4660/5635/10419 4606/5641/10750 4611/5647/10808
f 4662/5648/10444 4661/5642/10420 4611/5647/10808 4614/5652/10810
s 6
f 4651/5978/10413 4662/5648/10443 4614/5652/10734 4579/5981/10733
g default
v 7.823301 9.275820 6.241407
v 7.804944 9.275820 6.197088
v 7.760625 9.275820 6.178731
v 7.823301 10.386639 6.241407
v 7.804944 10.386639 6.197088
v 7.760625 10.386639 6.178731
v 6.279567 9.275820 6.178731
v 6.235249 9.275820 6.197089
v 6.216891 9.275820 6.241407
v 6.279567 10.386639 6.178731
v 6.235249 10.386639 6.197089
v 6.216891 10.386639 6.241407
v 7.760626 10.386639 7.823305
v 7.804945 10.386639 7.804947
v 7.823302 10.386639 7.760629
v 7.799239 14.419156 7.760960
v 7.823302 14.360662 7.760763
v 7.803273 14.377562 7.803944
v 7.760626 14.360347 7.824170
v 7.761217 14.421097 7.800288
v 7.761723 14.439895 7.761128
v 6.279568 10.386639 7.823305
v 6.235249 10.386639 7.804947
v 6.216892 10.386639 7.760629
v 6.227546 12.639692 7.759023
v 6.257285 12.675667 7.759038
v 6.267269 12.658504 7.805008
v 6.277057 12.615129 7.823304
v 6.236592 12.596666 7.805004
v 6.216893 12.594250 7.759038
v 6.228072 12.652883 6.211488
v 6.216892 12.595949 6.222641
v 6.234645 12.596512 6.179045
v 6.277512 12.596992 6.160990
v 6.266442 12.653197 6.172471
v 6.257754 12.676024 6.202823
v 7.805254 12.657843 6.211328
v 7.759839 12.674916 6.201327
v 7.759428 12.639453 6.171639
v 7.759052 12.594120 6.160987
v 7.804982 12.596502 6.180612
v 7.823302 12.614693 6.221177
v 7.760626 9.275820 7.823305
v 7.804945 9.275820 7.804947
v 7.823302 9.275820 7.760629
v 6.279568 9.275820 7.823305
v 6.235249 9.275820 7.804947
v 6.216892 9.275820 7.760629
v 7.792510 14.421372 7.793285
v 6.238677 12.634056 7.796715
v 6.237592 12.642811 6.182105
v 7.796879 12.633781 6.182716
v 6.546487 9.559305 6.479143
v 6.565010 9.552340 6.483531
v 6.563025 9.557039 6.502120
v 6.559689 9.558464 6.521530
v 6.539987 9.556953 6.525570
v 6.520954 9.552081 6.527940
v 6.516902 9.559168 6.508698
v 6.512982 9.577045 6.501019
v 6.531323 9.580707 6.493164
v 6.539177 9.577045 6.474823
v 6.520757 9.560300 7.493198
v 6.521101 9.552134 7.474315
v 6.539437 9.556870 7.474342
v 6.558286 9.558464 7.474377
v 6.558193 9.566309 7.493215
v 6.558115 9.585247 7.501018
v 6.538191 9.584200 7.501018
v 6.520404 9.580020 7.501018
v 6.546487 10.092707 6.479143
v 6.539177 10.074966 6.474823
v 6.531499 10.071518 6.493135
v 6.513460 10.075306 6.501019
v 6.517537 10.092781 6.508358
v 6.521690 10.099672 6.526851
v 6.540279 10.094973 6.524866
v 6.559689 10.093548 6.521530
v 6.563025 10.094972 6.502120
v 6.565010 10.099672 6.483531
v 6.520752 10.091715 7.493198
v 6.520404 10.071992 7.501018
v 6.538163 10.067829 7.501018
v 6.558094 10.066795 7.501018
v 6.558188 10.085712 7.493210
v 6.558298 10.093548 7.474361
v 6.539441 10.095141 7.474334
v 6.521101 10.099878 7.474315
v 7.531357 9.560297 6.482593
v 7.539177 9.580020 6.482245
v 7.539177 9.584183 6.500003
v 7.539177 9.585217 6.519935
v 7.531370 9.566299 6.520029
v 7.512520 9.558464 6.520139
v 7.512494 9.556870 6.501281
v 7.512474 9.552134 6.482942
v 7.531357 10.091714 6.482593
v 7.512474 10.099878 6.482942
v 7.512502 10.095140 6.501278
v 7.512537 10.093547 6.520127
v 7.531374 10.085703 6.520034
v 7.539177 10.066765 6.519956
v 7.539177 10.067812 6.500031
v 7.539177 10.071991 6.482245
v 7.531365 9.585136 7.493206
v 7.512505 9.585137 7.501018
v 7.512505 9.566277 7.493206
v 7.512505 9.558464 7.474345
v 7.531365 9.566277 7.474345
v 7.539178 9.585137 7.474345
v 7.531365 10.066875 7.493206
v 7.539178 10.066874 7.474345
v 7.531365 10.085734 7.474345
v 7.512505 10.093547 7.474345
v 7.512505 10.085734 7.493206
v 7.512505 10.066874 7.501018
v 6.539312 9.562403 6.501496
v 6.538885 9.564873 7.493207
v 6.539520 10.089638 6.501274
v 6.538873 10.087145 7.493204
v 7.531363 9.564867 6.500713
v 7.531366 10.087140 6.500724
v 7.527899 9.569742 7.489739
v 7.527899 10.082269 7.489739
v 6.216892 10.312101 7.560549
v 6.216891 10.311798 6.441807
v 6.216891 10.252344 6.353103
v 6.216891 9.404623 6.352747
v 6.216891 9.345134 6.441487
v 6.216892 9.345438 7.560229
v 6.216892 9.404891 7.648933
v 6.216892 10.252613 7.649289
v 6.493101 10.312101 6.178731
v 7.565861 10.311798 6.178731
v 7.677273 10.249929 6.178731
v 7.659141 9.423082 6.178731
v 7.566173 9.345134 6.178731
v 6.493412 9.345438 6.178731
v 6.391263 9.416101 6.178731
v 6.390907 10.242462 6.178731
v 6.527415 10.209925 6.187459
v 6.533854 10.204382 6.190357
v 6.536550 10.199999 6.197364
v 6.554397 10.208626 6.196657
v 6.553582 10.213662 6.189941
v 6.551944 10.221513 6.186909
v 6.529200 10.179494 6.198351
v 6.525983 10.183632 6.190541
v 6.518325 10.187983 6.187078
v 6.527242 9.442302 6.187273
v 6.533947 9.447767 6.190186
v 6.536747 9.452124 6.197207
v 6.554593 9.443488 6.196475
v 6.553788 9.438482 6.189756
v 6.552166 9.430700 6.186709
v 6.529388 9.472603 6.198141
v 6.526274 9.468655 6.190375
v 6.518890 9.464760 6.186941
v 7.550776 9.441543 6.187411
v 7.544446 9.447473 6.190323
v 7.541794 9.451985 6.197319
v 7.549177 9.472385 6.197986
v 7.552438 9.468355 6.190379
v 7.560261 9.464070 6.186881
v 7.523931 9.443384 6.196650
v 7.524763 9.438360 6.189926
v 7.526403 9.430534 6.186864
v 7.550679 10.210861 6.187235
v 7.544271 10.204570 6.190144
v 7.541597 10.199922 6.197145
v 7.523735 10.208515 6.196495
v 7.524560 10.213531 6.189775
v 7.526190 10.221319 6.186754
v 7.548990 10.179561 6.197725
v 7.552218 10.182837 6.190261
v 7.559828 10.185266 6.186860
v 6.225433 9.442297 7.512960
v 6.228343 9.447762 7.506247
v 6.235358 9.452110 7.503436
v 6.236110 9.472536 7.510823
v 6.228471 9.468396 7.513936
v 6.225097 9.463903 7.521375
v 6.234643 9.443491 7.485576
v 6.227919 9.438486 7.486400
v 6.224871 9.430712 7.488028
v 6.225606 9.442192 6.488878
v 6.228516 9.447658 6.495590
v 6.235524 9.452013 6.498403
v 6.236271 9.472427 6.491032
v 6.228626 9.468222 6.487763
v 6.225224 9.463552 6.479943
v 6.234799 9.443380 6.516271
v 6.228083 9.438356 6.515433
v 6.225024 9.430525 6.513789
v 6.225613 10.210062 7.512973
v 6.228513 10.204424 7.506392
v 6.235515 10.200013 7.503633
v 6.234825 10.208622 7.485771
v 6.228104 10.213657 7.486605
v 6.225070 10.221497 7.488248
v 6.236323 10.179560 7.511012
v 6.228638 10.183887 7.514250
v 6.225229 10.188829 7.522018
v 6.225439 10.209951 6.489268
v 6.228341 10.204313 6.495842
v 6.235354 10.199898 6.498588
v 6.234648 10.208519 6.516434
v 6.227933 10.213535 6.515627
v 6.224914 10.221331 6.514002
v 6.236438 10.179377 6.491233
v 6.228565 10.183643 6.488215
v 6.225121 10.188306 6.481039
v 7.724146 14.411345 7.761098
v 6.257742 12.676016 6.241812
v 6.295957 12.675997 6.202785
v 7.761679 14.413050 7.724957
v 7.276267 0.096966 7.804948
v 7.276267 0.141285 7.823305
v 7.320585 0.141285 7.804948
v 7.338943 0.141285 7.760630
v 7.320585 0.096966 7.760630
v 7.276267 0.078609 7.760630
v 7.276267 0.096966 6.235252
v 7.276267 0.078609 6.279571
v 7.320585 0.096966 6.279571
v 7.338943 0.141285 6.279571
v 7.320585 0.141285 6.235252
v 7.276267 0.141285 6.216895
v 6.363975 0.096966 6.235252
v 6.363975 0.141285 6.216895
v 6.319656 0.141285 6.235252
v 6.301299 0.141285 6.279572
v 6.319656 0.096966 6.279572
v 6.363975 0.078609 6.279572
v 6.363975 0.096966 7.804948
v 6.363975 0.078609 7.760630
v 6.319656 0.096966 7.760630
v 6.301299 0.141285 7.760630
v 6.319656 0.141285 7.804948
v 6.363975 0.141285 7.823305
v 7.312440 0.105111 7.796803
v 7.312440 0.105111 6.243398
v 6.327801 0.105111 6.243398
v 6.327801 0.105111 7.796803
v 7.760626 3.223608 7.823305
v 7.760626 3.186128 7.823305
v 7.760626 3.148647 7.823305
v 6.227049 3.148899 7.823305
v 6.237785 3.186230 7.823305
v 6.241405 3.223760 7.823305
v 6.183185 3.150079 7.804949
v 6.193581 3.186687 7.804949
v 6.197085 3.224397 7.804949
v 6.178729 3.224298 7.760630
v 6.175266 3.186772 7.760630
v 6.164996 3.150513 7.760630
v 6.164995 3.150513 6.279572
v 6.175266 3.186772 6.279572
v 6.178729 3.224298 6.279572
v 6.183185 3.150079 6.235252
v 6.193581 3.186687 6.235252
v 6.197085 3.224397 6.235252
v 6.241405 3.223760 6.216895
v 6.237785 3.186230 6.216895
v 6.227049 3.148899 6.216895
v 7.760626 3.148647 6.216895
v 7.760626 3.186128 6.216895
v 7.760626 3.223608 6.216895
v 7.804945 3.148647 6.235252
v 7.804945 3.186128 6.235252
v 7.804945 3.223608 6.235252
v 7.823302 3.223608 6.279571
v 7.823302 3.186128 6.279571
v 7.823302 3.148647 6.279571
v 7.823302 3.148647 7.760630
v 7.823302 3.186128 7.760630
v 7.823302 3.223608 7.760630
v 7.804945 3.148647 7.804948
v 7.804945 3.186128 7.804948
v 7.804945 3.223608 7.804948
v 7.749031 1.627259 7.823305
v 7.757710 1.664111 7.823305
v 7.760626 1.701762 7.823305
v 5.827358 2.112383 7.823305
v 5.819645 2.075123 7.823305
v 5.824194 2.036934 7.823305
v 5.783111 2.112568 7.804949
v 5.775290 2.075360 7.804949
v 5.779664 2.037674 7.804949
v 5.764724 2.112487 7.760630
v 5.756931 2.075321 7.760630
v 5.761328 2.037603 7.760630
v 5.764725 2.112493 6.279572
v 5.756931 2.075321 6.279572
v 5.761329 2.037598 6.279572
v 5.783121 2.112596 6.235252
v 5.775294 2.075360 6.235252
v 5.779672 2.037646 6.235252
v 5.827358 2.112383 6.216895
v 5.819645 2.075123 6.216895
v 5.824194 2.036934 6.216895
v 7.760626 1.701762 6.216895
v 7.757710 1.664111 6.216895
v 7.749031 1.627259 6.216895
v 7.804945 1.701734 6.235252
v 7.802025 1.664094 6.235252
v 7.793337 1.627221 6.235252
v 7.823302 1.701668 6.279571
v 7.820407 1.664155 6.279571
v 7.811792 1.627530 6.279571
v 7.823302 1.701668 7.760630
v 7.820407 1.664155 7.760630
v 7.811792 1.627530 7.760630
v 7.804945 1.701734 7.804948
v 7.802026 1.664094 7.804948
v 7.793337 1.627221 7.804948
v 7.760626 6.249714 7.823305
v 6.260486 6.249790 7.823305
v 6.216167 6.250109 7.804948
v 6.197810 6.250059 7.760629
v 6.197810 6.250059 6.260489
v 6.216167 6.250109 6.216170
v 6.260486 6.249790 6.197813
v 7.760626 6.249714 6.197813
v 7.804944 6.249714 6.216170
v 7.823301 6.249714 6.260489
v 7.823302 6.249714 7.760629
v 7.804945 6.249714 7.804948
vt 0.062713 0.855150
vt 0.063602 0.855150
vt 0.063226 0.896569
vt 0.062431 0.896230
vt 0.062778 0.834500
vt 0.063602 0.834501
vt 0.091846 0.929026
vt 0.091843 0.855150
vt 0.063043 0.897371
vt 0.062373 0.896923
vt 0.063133 0.778247
vt 0.063956 0.778246
vt 0.091843 0.834501
vt 0.091850 0.930114
vt 0.092667 0.855150
vt 0.092674 0.929340
vt 0.063487 0.721993
vt 0.064311 0.721992
vt 0.091843 0.778246
vt 0.092667 0.834501
vt 0.092675 0.930155
vt 0.063489 0.721296
vt 0.064311 0.721295
vt 0.091843 0.721992
vt 0.092667 0.778246
vt 0.063492 0.720599
vt 0.064311 0.720599
vt 0.091843 0.721295
vt 0.092667 0.721992
vt 0.063576 0.693702
vt 0.064311 0.693700
vt 0.091843 0.720598
vt 0.092667 0.721295
vt 0.063551 0.693002
vt 0.064311 0.693002
vt 0.091843 0.693700
vt 0.092667 0.720598
vt 0.063473 0.692316
vt 0.064311 0.692321
vt 0.091843 0.693002
vt 0.092667 0.693701
vt 0.063487 0.664693
vt 0.064311 0.664693
vt 0.091843 0.692321
vt 0.092694 0.693001
vt 0.064311 0.663869
vt 0.063639 0.663869
vt 0.091843 0.664693
vt 0.092775 0.692316
vt 0.091843 0.663869
vt 0.092667 0.664693
vt 0.092516 0.663869
vt 0.150913 0.855167
vt 0.151737 0.855167
vt 0.152049 0.896248
vt 0.151239 0.896237
vt 0.150925 0.834517
vt 0.151749 0.834518
vt 0.151445 0.897296
vt 0.151397 0.897870
vt 0.122677 0.896190
vt 0.122671 0.855151
vt 0.150602 0.778269
vt 0.151426 0.778270
vt 0.148838 0.852669
vt 0.148854 0.836910
vt 0.122677 0.897034
vt 0.151027 0.898380
vt 0.150881 0.897726
vt 0.121847 0.855150
vt 0.121823 0.896234
vt 0.126391 0.853767
vt 0.147188 0.853774
vt 0.122683 0.834501
vt 0.122715 0.778253
vt 0.150279 0.722021
vt 0.151103 0.722023
vt 0.146460 0.851477
vt 0.146488 0.838004
vt 0.146322 0.837607
vt 0.146307 0.851880
vt 0.121880 0.896929
vt 0.122676 0.897703
vt 0.123171 0.929232
vt 0.123198 0.929845
vt 0.121853 0.834501
vt 0.127277 0.851871
vt 0.127736 0.852084
vt 0.145847 0.852091
vt 0.147205 0.835804
vt 0.126408 0.835797
vt 0.122047 0.778254
vt 0.122747 0.722005
vt 0.064311 0.587823
vt 0.151103 0.721322
vt 0.146343 0.838091
vt 0.146327 0.851391
vt 0.146198 0.837709
vt 0.145860 0.837390
vt 0.146185 0.851775
vt 0.121822 0.897384
vt 0.124758 0.836902
vt 0.124742 0.852661
vt 0.127109 0.851476
vt 0.127399 0.851766
vt 0.127767 0.851938
vt 0.145817 0.851946
vt 0.127749 0.837383
vt 0.127285 0.837598
vt 0.122240 0.722007
vt 0.091843 0.587823
vt 0.064311 0.588497
vt 0.063487 0.588505
vt 0.145829 0.837536
vt 0.146145 0.837790
vt 0.146282 0.838169
vt 0.122470 0.929694
vt 0.127128 0.838000
vt 0.127253 0.851384
vt 0.127451 0.851684
vt 0.127782 0.851844
vt 0.145802 0.851853
vt 0.146134 0.851693
vt 0.127779 0.837528
vt 0.127410 0.837700
vt 0.122273 0.721306
vt 0.091843 0.588497
vt 0.064311 0.607794
vt 0.063487 0.607792
vt 0.145813 0.837629
vt 0.127267 0.838084
vt 0.127314 0.851304
vt 0.127794 0.837621
vt 0.127462 0.837781
vt 0.092667 0.588505
vt 0.091843 0.607794
vt 0.064311 0.608485
vt 0.063487 0.608484
vt 0.127325 0.838161
vt 0.092667 0.607792
vt 0.091843 0.608485
vt 0.064311 0.609186
vt 0.063487 0.609185
vt 0.092667 0.608484
vt 0.091843 0.609186
vt 0.064311 0.644438
vt 0.063487 0.644438
vt 0.092667 0.609185
vt 0.091843 0.644438
vt 0.064311 0.645262
vt 0.063639 0.645262
vt 0.092667 0.644438
vt 0.091843 0.645262
vt 0.092516 0.645262
vt 0.044260 0.839987
vt 0.044600 0.840057
vt 0.666436 0.046290
vt 0.044195 0.849243
vt 0.044342 0.839658
vt 0.044606 0.839717
vt 0.044273 0.849573
vt 0.665555 0.046116
vt 0.039130 0.838009
vt 0.039042 0.851150
vt 0.039115 0.837629
vt 0.039021 0.851531
vt 0.038896 0.851226
vt 0.038986 0.837935
vt 0.038985 0.837547
vt 0.038890 0.851611
vt 0.645540 0.025870
vt 0.645854 0.025637
vt 0.651838 0.032117
vt 0.651587 0.032387
vt 0.645312 0.025563
vt 0.645604 0.025317
vt 0.646098 0.025389
vt 0.652101 0.031917
vt 0.651865 0.032666
vt 0.652120 0.032403
vt 0.631402 0.037459
vt 0.638137 0.044108
vt 0.631089 0.037182
vt 0.645855 0.025053
vt 0.656661 0.028621
vt 0.649537 0.021163
vt 0.652404 0.032201
vt 0.638395 0.044404
vt 0.631157 0.037749
vt 0.637884 0.044389
vt 0.630960 0.037496
vt 0.649528 0.020838
vt 0.656956 0.028729
vt 0.649604 0.021011
vt 0.656794 0.028542
vt 0.638127 0.044553
vt 0.649682 0.020783
vt 0.657050 0.028595
vt 0.124447 0.929137
vt 0.123834 0.929886
vt 0.123226 0.929809
vt 0.150505 0.899743
vt 0.152679 0.926869
vt 0.152561 0.927725
vt 0.151024 0.899151
vt 0.153229 0.926818
vt 0.153079 0.927528
vt 0.635065 0.011213
vt 0.635362 0.011036
vt 0.645332 0.025014
vt 0.645080 0.025259
vt 0.634812 0.010945
vt 0.635125 0.010652
vt 0.635651 0.010855
vt 0.645581 0.024764
vt 0.621248 0.021068
vt 0.630825 0.036862
vt 0.621077 0.020752
vt 0.634561 0.010677
vt 0.634813 0.010376
vt 0.635465 0.010526
vt 0.649428 0.020616
vt 0.639888 0.007404
vt 0.620934 0.021275
vt 0.630450 0.037037
vt 0.620737 0.020951
vt 0.620903 0.020437
vt 0.631193 0.005997
vt 0.631483 0.005789
vt 0.639625 0.007150
vt 0.640002 0.007297
vt 0.649551 0.020521
vt 0.630572 0.037352
vt 0.620565 0.020626
vt 0.618145 0.015589
vt 0.639727 0.007031
vt 0.649671 0.020748
vt 0.617926 0.015691
vt 0.664778 0.045996
vt 0.664951 0.046343
vt 0.650734 0.057606
vt 0.650525 0.057358
vt 0.664996 0.045693
vt 0.665109 0.046685
vt 0.650946 0.057852
vt 0.650262 0.057632
vt 0.650458 0.057867
vt 0.638700 0.044654
vt 0.652129 0.032958
vt 0.652401 0.032734
vt 0.665207 0.045395
vt 0.665550 0.045582
vt 0.665702 0.046664
vt 0.654573 0.062290
vt 0.666102 0.051780
vt 0.650648 0.058087
vt 0.638444 0.044934
vt 0.652155 0.032453
vt 0.652673 0.032509
vt 0.669042 0.041305
vt 0.669294 0.041562
vt 0.666157 0.051886
vt 0.654269 0.062490
vt 0.638261 0.044702
vt 0.657152 0.028905
vt 0.669408 0.041460
vt 0.669163 0.041206
vt 0.657261 0.028794
vt 0.657064 0.028606
vt 0.092667 0.663045
vt 0.091843 0.663045
vt 0.091843 0.646086
vt 0.092667 0.646086
vt 0.064311 0.663045
vt 0.064311 0.646086
vt 0.063487 0.663045
vt 0.063487 0.646086
vt 0.061824 0.855144
vt 0.061536 0.896180
vt 0.061954 0.834495
vt 0.061538 0.897022
vt 0.033995 0.896059
vt 0.034292 0.854971
vt 0.062309 0.778242
vt 0.060290 0.852593
vt 0.060050 0.837220
vt 0.033782 0.897103
vt 0.033468 0.854966
vt 0.033198 0.896045
vt 0.038270 0.853610
vt 0.058212 0.853730
vt 0.034422 0.834321
vt 0.034422 0.778067
vt 0.062663 0.721988
vt 0.057942 0.851852
vt 0.058115 0.851377
vt 0.058207 0.837971
vt 0.058034 0.837551
vt 0.033247 0.896906
vt 0.033598 0.834316
vt 0.038920 0.851715
vt 0.039375 0.851933
vt 0.057485 0.852044
vt 0.058331 0.835761
vt 0.038389 0.835641
vt 0.033598 0.778068
vt 0.034422 0.721813
vt 0.062668 0.721292
vt 0.057823 0.851734
vt 0.057974 0.851331
vt 0.058061 0.838050
vt 0.057915 0.837660
vt 0.057582 0.837344
vt 0.036482 0.836942
vt 0.036379 0.852304
vt 0.038754 0.851306
vt 0.039040 0.851612
vt 0.039406 0.851787
vt 0.057456 0.851899
vt 0.039471 0.837232
vt 0.039007 0.837445
vt 0.033598 0.721820
vt 0.034359 0.721115
vt 0.062672 0.720595
vt 0.057550 0.837489
vt 0.038849 0.837862
vt 0.039501 0.837377
vt 0.039131 0.837548
vt 0.033537 0.721119
vt 0.034164 0.720420
vt 0.062842 0.693698
vt 0.033348 0.720437
vt 0.026855 0.701105
vt 0.062792 0.692998
vt 0.026033 0.701104
vt 0.026716 0.700411
vt 0.062635 0.692312
vt 0.025892 0.700411
vt 0.026805 0.699702
vt 0.054021 0.664633
vt 0.054844 0.664639
vt 0.025978 0.699710
vt 0.037062 0.664527
vt 0.054026 0.663810
vt 0.054697 0.663965
vt 0.036238 0.664521
vt 0.037067 0.663703
vt 0.036394 0.663850
vt 0.093491 0.855150
vt 0.093491 0.929020
vt 0.093491 0.834501
vt 0.121024 0.855150
vt 0.121070 0.896577
vt 0.093480 0.930150
vt 0.093491 0.778246
vt 0.121024 0.834501
vt 0.121252 0.897384
vt 0.093491 0.721992
vt 0.121378 0.778248
vt 0.093491 0.721295
vt 0.121733 0.721995
vt 0.121800 0.721297
vt 0.093491 0.720598
vt 0.122000 0.720603
vt 0.093491 0.693701
vt 0.129430 0.701335
vt 0.122815 0.720625
vt 0.093546 0.693001
vt 0.129573 0.700642
vt 0.130253 0.701338
vt 0.093707 0.692316
vt 0.129489 0.699932
vt 0.130398 0.700646
vt 0.101671 0.664693
vt 0.102495 0.664693
vt 0.119455 0.664693
vt 0.130317 0.699946
vt 0.102495 0.663869
vt 0.101823 0.664020
vt 0.119455 0.663869
vt 0.120278 0.664693
vt 0.120127 0.664020
vt 0.676046 0.047018
vt 0.666295 0.046651
vt 0.676417 0.047054
vt 0.666460 0.051441
vt 0.677411 0.052379
vt 0.677810 0.052411
vt 0.677448 0.052536
vt 0.666249 0.051770
vt 0.666302 0.051959
vt 0.620618 0.021481
vt 0.630074 0.037207
vt 0.620405 0.021175
vt 0.630127 0.037582
vt 0.612720 0.025838
vt 0.621602 0.040742
vt 0.612534 0.025541
vt 0.620263 0.020875
vt 0.621623 0.041118
vt 0.612373 0.025994
vt 0.621247 0.040876
vt 0.612166 0.025694
vt 0.612320 0.025302
vt 0.617730 0.015855
vt 0.621319 0.041103
vt 0.611929 0.025441
vt 0.608471 0.021916
vt 0.608075 0.022054
vt 0.617638 0.015772
vt 0.608350 0.021813
vt 0.150279 0.721323
vt 0.063487 0.587825
vt 0.122747 0.721308
vt 0.092667 0.587825
vt 0.044536 0.849181
vt 0.044534 0.849518
vt 0.676520 0.046730
vt 0.676106 0.046669
vn 0.017925 -0.007808 -0.999809
vn 0.012657 -0.002976 -0.999916
vn 0.387485 -0.004094 -0.921867
vn 0.386277 -0.004690 -0.922371
vn 0.920172 -0.002166 -0.391509
vn 0.917834 -0.000820 -0.396963
vn 0.999968 0.002811 -0.007424
vn 0.999958 -0.000051 -0.009208
vn -0.999862 -0.000119 -0.016616
vn -0.999919 0.005279 -0.011557
vn -0.925143 -0.001343 -0.379617
vn -0.924623 -0.002187 -0.380879
vn -0.384442 -0.005096 -0.923135
vn -0.385131 -0.005708 -0.922844
vn -0.011744 -0.002432 -0.999928
vn -0.017373 -0.007796 -0.999819
vn 0.999894 0.000007 0.014530
vn 0.999696 0.019383 0.015262
vn 0.916725 0.005695 0.399478
vn 0.917580 0.000184 0.397551
vn 0.400526 0.000079 0.916285
vn 0.403497 0.005495 0.914965
vn 0.015920 0.019769 0.999678
vn 0.014886 -0.000096 0.999889
vn 0.870683 0.324914 -0.369244
vn 0.879563 0.328808 -0.343880
vn -0.438646 0.796732 -0.415703
vn 0.073661 0.995029 0.067020
vn 0.451354 0.598449 -0.661920
vn 0.056328 0.668584 -0.741500
vn -0.679292 0.593377 0.431816
vn -0.753252 0.655766 0.050818
vn -0.349331 0.322488 0.879755
vn -0.376114 0.318555 0.870093
vn -0.007703 0.002625 0.999967
vn -0.450871 0.774319 -0.444012
vn -0.442710 0.785396 -0.432621
vn -0.703630 0.710538 -0.006405
vn -0.754074 0.656670 -0.012515
vn -0.894408 0.447129 0.010490
vn -0.978492 0.206091 -0.008909
vn -0.999912 0.004820 0.012345
vn -0.006608 0.719119 -0.694856
vn -0.011834 0.668964 -0.743201
vn -0.009370 0.210435 -0.977563
vn 0.010902 0.455942 -0.889943
vn -0.999857 0.006164 0.015745
vn -0.999910 0.006306 0.011885
vn -0.923869 0.005827 0.382665
vn -0.923872 0.004260 0.382677
vn -0.382679 0.001767 0.923880
vn -0.382664 0.002413 0.923884
vn -0.011884 0.000075 0.999929
vn -0.011913 0.000055 0.999929
vn 0.011979 0.000000 0.999928
vn -0.009704 -0.000102 0.999953
vn 0.015945 -0.006139 -0.999854
vn 0.011885 -0.006305 -0.999910
vn -0.011886 -0.006230 -0.999910
vn -0.015809 -0.006058 -0.999857
vn 0.011885 0.000000 0.999929
vn -0.999850 -0.000012 0.017348
vn -0.999856 0.006091 -0.015846
vn -0.999910 0.006231 -0.011884
vn 0.999931 0.000000 0.011792
vn 0.999929 0.000000 0.011885
vn 0.999929 -0.000075 -0.011885
vn 0.999930 -0.000055 -0.011858
vn 0.001790 0.031247 -0.999510
vn -0.001866 0.029161 -0.999573
vn -0.027255 -0.002913 -0.999624
vn -0.024401 0.002789 -0.999698
vn -0.999618 0.027565 -0.002040
vn -0.999621 0.027453 0.001969
vn -0.999741 0.003113 0.022538
vn -0.999733 -0.003223 0.022886
vn 0.923877 -0.002413 -0.382682
vn 0.923879 -0.001763 -0.382680
vn 0.382681 -0.004263 -0.923871
vn 0.382679 -0.005826 -0.923863
vn -0.382705 -0.003413 -0.923864
vn -0.382695 -0.002500 -0.923872
vn -0.923879 0.002493 -0.382676
vn -0.923880 0.003413 -0.382668
vn 0.382681 0.000000 0.923880
vn 0.923883 0.000000 0.382675
vn -0.397770 0.002342 0.917482
vn -0.392005 -0.000076 0.919963
vn -0.922281 0.000278 0.386519
vn -0.921726 0.003252 0.387828
vn 0.382682 0.000000 0.923880
vn 0.923883 0.000000 0.382674
vn 0.911682 0.334720 0.238323
vn 0.257964 0.325583 0.909643
vn -0.836606 0.414564 0.358088
vn -0.688764 0.583866 0.429773
vn -0.761578 0.647511 0.027003
vn -0.472803 0.234495 0.849394
vn -0.927852 0.098783 -0.359628
vn -0.371673 0.101451 -0.922804
vn 0.851664 0.231638 -0.470119
vn 0.448215 0.590354 -0.671257
vn 0.359547 0.414510 -0.836007
vn 0.028452 0.660953 -0.749888
vn -0.001302 0.999998 -0.001295
vn -0.008091 0.999966 -0.001549
vn -0.008318 0.986545 -0.163281
vn 0.004964 0.988250 -0.152766
vn -0.008099 0.937038 -0.349133
vn 0.007406 0.937284 -0.348489
vn -0.348519 0.937273 0.007294
vn -0.349142 0.937033 -0.008268
vn -0.164957 0.986266 -0.008284
vn -0.153430 0.988147 0.004992
vn -0.001591 0.999966 -0.008093
vn 0.999719 0.009842 -0.021548
vn 0.999724 -0.009513 -0.021478
vn 0.922408 -0.018510 0.385774
vn 0.922362 0.018286 0.385895
vn 0.392426 0.018473 0.919598
vn 0.392679 -0.018120 0.919497
vn -0.021401 -0.009840 0.999723
vn -0.021422 0.009672 0.999724
vn -0.000018 0.015534 -0.999879
vn -0.007923 0.015496 -0.999849
vn -0.004950 0.381278 -0.924447
vn -0.000478 0.381732 -0.924273
vn -0.001404 0.923470 -0.383668
vn -0.004975 0.923735 -0.382999
vn -0.007998 0.999936 -0.008003
vn -0.036743 0.008726 -0.999287
vn -0.036757 -0.008404 -0.999289
vn -0.002007 -0.013990 -0.999900
vn -0.002011 0.013990 -0.999900
vn -0.000018 -0.015534 -0.999879
vn -0.001299 -0.999998 -0.001297
vn -0.001550 -0.999966 -0.008091
vn -0.163301 -0.986541 -0.008319
vn -0.152901 -0.988230 0.004872
vn -0.349132 -0.937039 -0.008099
vn -0.348495 -0.937282 0.007372
vn 0.007243 -0.937278 -0.348508
vn -0.008264 -0.937043 -0.349115
vn -0.008323 -0.986542 -0.163298
vn 0.004915 -0.988233 -0.152879
vn -0.008093 -0.999966 -0.001548
vn -0.008003 -0.999936 -0.007998
vn -0.004976 -0.923866 -0.382683
vn -0.001408 -0.923603 -0.383347
vn -0.000482 -0.381995 -0.924164
vn -0.004957 -0.381534 -0.924341
vn -0.007924 -0.015501 -0.999848
vn -0.999879 0.015534 -0.000018
vn -0.999879 -0.015534 -0.000018
vn -0.999900 -0.013991 -0.002002
vn -0.999900 0.013990 -0.001999
vn -0.999287 -0.008722 -0.036742
vn -0.999289 0.008399 -0.036756
vn -0.382695 0.923861 -0.004976
vn -0.383359 0.923598 -0.001406
vn -0.924149 0.382031 -0.000481
vn -0.924327 0.381570 -0.004957
vn -0.999849 0.015502 -0.007923
vn -0.999849 -0.015496 -0.007923
vn -0.924448 -0.381277 -0.004949
vn -0.924273 -0.381731 -0.000478
vn -0.383642 -0.923481 -0.001406
vn -0.382973 -0.923746 -0.004976
vn -0.381598 -0.009732 -0.924277
vn -0.381599 0.009731 -0.924277
vn -0.924279 0.009730 -0.381593
vn -0.924279 -0.009731 -0.381593
vn 0.859434 0.449975 0.242684
vn 0.926776 0.350177 -0.135874
vn 0.392651 0.861289 -0.322499
vn 0.089455 0.991436 0.095149
vn -0.324379 0.863789 0.385548
vn -0.140810 0.357655 0.923177
vn 0.239007 0.457623 0.856421
vn -0.057906 0.372718 -0.926136
vn -0.162014 0.351580 -0.922032
vn -0.332273 0.859611 -0.388154
vn -0.148122 0.909284 -0.388924
vn 0.093417 -0.991409 0.091551
vn 0.392781 -0.860896 -0.323389
vn 0.926741 -0.349783 -0.137122
vn 0.860121 -0.450715 0.238848
vn 0.241744 -0.454887 0.857110
vn -0.137593 -0.353604 0.925220
vn -0.322853 -0.862522 0.389642
vn -0.148183 -0.909385 -0.388665
vn -0.332950 -0.859416 -0.388006
vn -0.162748 -0.351374 -0.921981
vn -0.057794 -0.372975 -0.926040
vn -0.388654 0.909394 -0.148161
vn -0.388025 0.859410 -0.332944
vn -0.921996 0.351333 -0.162751
vn -0.926049 0.372949 -0.057816
vn -0.926147 -0.372693 -0.057894
vn -0.922033 -0.351575 -0.162021
vn -0.388173 -0.859597 -0.332288
vn -0.388879 -0.909294 -0.148179
vn -0.887936 0.325235 -0.325257
vn -0.325253 0.325290 -0.887917
vn -0.325232 0.887929 -0.325278
vn -0.325247 -0.325281 -0.887923
vn -0.887932 -0.325251 -0.325251
vn -0.325245 -0.887920 -0.325291
vn -0.999651 -0.026348 -0.001987
vn -0.999648 -0.026454 0.002061
vn -0.999740 0.003241 -0.022588
vn -0.999735 -0.003097 -0.022816
vn 0.001735 -0.029745 -0.999556
vn -0.001960 -0.028020 -0.999605
vn 0.023254 -0.002900 -0.999725
vn 0.022987 0.003070 -0.999731
vn 0.922956 -0.340404 -0.179657
vn 0.997957 -0.017738 -0.061371
vn 0.923217 -0.015167 -0.383980
vn 0.806972 -0.311974 -0.501467
vn 0.235438 -0.232929 -0.943564
vn 0.414950 -0.002570 -0.909841
vn 0.076612 0.003318 -0.997055
vn 0.019641 -0.035305 -0.999184
vn 0.398172 0.850059 -0.344759
vn 0.007515 0.931922 -0.362580
vn 0.006876 0.801110 -0.598477
vn 0.332130 0.736665 -0.589079
vn 0.236640 0.234076 -0.942979
vn 0.003594 0.363802 -0.931470
vn -0.001515 0.108700 -0.994074
vn 0.019839 0.035841 -0.999161
vn -0.918952 0.349603 -0.182499
vn -0.997969 0.018413 -0.060980
vn -0.915436 0.015191 -0.402176
vn -0.805089 0.308722 -0.506481
vn -0.236657 0.227482 -0.944588
vn -0.406446 0.002738 -0.913671
vn -0.088865 -0.002680 -0.996040
vn -0.024971 0.035023 -0.999075
vn -0.386822 -0.854543 -0.346591
vn -0.007463 -0.931897 -0.362645
vn -0.006811 -0.800212 -0.599678
vn -0.325720 -0.731899 -0.598523
vn -0.241814 -0.220042 -0.945044
vn -0.003327 -0.360102 -0.932907
vn 0.001931 -0.103949 -0.994581
vn -0.021832 -0.035027 -0.999148
vn -0.346398 0.854580 -0.386912
vn -0.362646 0.931897 -0.007451
vn -0.598499 0.801094 -0.006892
vn -0.589296 0.736657 -0.331762
vn -0.944183 0.234102 -0.231765
vn -0.931490 0.363749 -0.003589
vn -0.994124 0.108241 0.001319
vn -0.999093 0.037749 -0.019685
vn -0.183109 0.347910 0.919473
vn -0.061498 0.018101 0.997943
vn -0.383564 0.015142 0.923390
vn -0.512608 0.307956 0.801496
vn -0.945155 0.233392 0.228494
vn -0.910641 0.002305 0.413192
vn -0.997085 -0.003218 0.076236
vn -0.999045 0.038984 0.019754
vn -0.182755 -0.349716 -0.918858
vn -0.060757 -0.018445 -0.997982
vn -0.390683 -0.015576 -0.920394
vn -0.511395 -0.309608 -0.801635
vn -0.945857 -0.230918 -0.228104
vn -0.914048 -0.002310 -0.405598
vn -0.997116 0.003122 -0.075833
vn -0.999126 -0.036955 -0.019533
vn -0.344983 -0.851383 0.395137
vn -0.362614 -0.931910 0.007452
vn -0.599557 -0.800302 0.006855
vn -0.591001 -0.735501 0.331296
vn -0.943715 -0.232772 0.234990
vn -0.932780 -0.360429 0.003534
vn -0.994692 -0.102888 -0.001417
vn -0.999177 -0.035448 0.019701
vn 0.007351 -0.931903 -0.362633
vn 0.398166 -0.849799 -0.345406
vn 0.076911 -0.003077 -0.997033
vn 0.002067 0.109476 -0.993987
vn -0.089428 0.003010 -0.995989
vn -0.060596 0.018784 -0.997986
vn -0.181424 0.349784 -0.919095
vn -0.994114 0.108329 -0.001538
vn -0.362663 -0.931892 -0.007284
vn -0.347159 -0.854344 -0.386752
vn -0.997113 0.002735 0.075886
vn -0.362685 0.931882 0.007384
vn -0.061225 -0.018119 0.997960
vn -0.007288 0.931907 -0.362624
vn -0.998001 -0.018776 -0.060350
vn 0.997961 0.018080 -0.061206
vn -0.001853 -0.103425 -0.994636
vn -0.997100 -0.002863 -0.076053
vn -0.994683 -0.102974 0.001636
vn 0.923130 0.340518 -0.178546
vn -0.386752 0.854359 -0.347122
vn -0.919181 -0.349585 -0.181374
vn -0.347140 0.852285 0.391285
vn -0.179596 -0.344044 0.921618
vn 0.003168 -0.360308 -0.932828
vn 0.332898 -0.735534 -0.590058
vn 0.006474 -0.800328 -0.599528
vn 0.923365 0.015487 -0.383612
vn 0.415061 0.003358 -0.909788
vn -0.006454 0.801046 -0.598569
vn -0.003049 0.363696 -0.931513
vn 0.810876 0.308210 -0.497481
vn -0.915887 -0.014407 -0.401177
vn -0.406342 -0.003878 -0.913713
vn -0.329429 0.734014 -0.593885
vn -0.812078 -0.304206 -0.497985
vn -0.913962 0.003146 -0.405788
vn -0.504143 0.307173 -0.807146
vn -0.390115 0.015954 -0.920628
vn -0.598532 0.801073 0.006511
vn -0.931499 0.363729 0.003191
vn -0.382734 -0.016246 0.923716
vn -0.910423 -0.003192 0.413667
vn -0.590785 0.735538 0.331597
vn -0.932786 -0.360418 -0.003132
vn -0.592300 -0.734666 -0.330827
vn -0.599586 -0.800284 -0.006485
vn -0.495303 -0.310796 0.811221
vn 0.007738 -0.008249 0.999936
vn -0.010138 -0.008739 0.999910
vn -0.011992 -0.381312 0.924369
vn 0.011992 -0.381312 0.924369
vn 0.011992 -0.924366 0.381319
vn -0.011992 -0.924366 0.381319
vn -0.018999 -0.999749 0.011843
vn 0.018999 -0.999749 0.011843
vn 0.018999 -0.999749 -0.011843
vn 0.381835 -0.924200 -0.007487
vn 0.381835 -0.924200 0.007487
vn 0.924201 -0.381833 0.007487
vn 0.924201 -0.381833 -0.007487
vn 0.952112 -0.305510 -0.012143
vn 0.952112 -0.305510 0.012143
vn -0.018999 -0.999749 -0.011843
vn -0.011992 -0.924367 -0.381315
vn 0.011991 -0.924367 -0.381316
vn 0.011992 -0.381312 -0.924369
vn -0.011992 -0.381312 -0.924369
vn -0.010138 -0.008740 -0.999910
vn 0.007739 -0.008249 -0.999936
vn -0.381835 -0.924200 0.007487
vn -0.381835 -0.924200 -0.007487
vn -0.924201 -0.381833 -0.007487
vn -0.924201 -0.381833 0.007487
vn -0.960959 -0.276423 0.012208
vn -0.960959 -0.276422 -0.012207
vn 0.325269 -0.887917 0.325275
vn 0.325269 -0.325261 0.887922
vn 0.378987 -0.124864 0.916940
vn 0.886459 -0.283040 0.366168
vn 0.887917 -0.325271 0.325272
vn 0.378984 -0.124865 -0.916941
vn 0.325269 -0.325261 -0.887922
vn 0.325272 -0.887916 -0.325274
vn 0.887917 -0.325271 -0.325272
vn 0.886455 -0.283043 -0.366176
vn -0.325267 -0.887922 -0.325264
vn -0.325268 -0.325272 -0.887918
vn -0.379720 -0.111725 -0.918330
vn -0.893438 -0.255756 -0.369266
vn -0.887921 -0.325266 -0.325267
vn -0.379716 -0.111723 0.918332
vn -0.325268 -0.325272 0.887918
vn -0.325276 -0.887915 0.325274
vn -0.887917 -0.325271 0.325272
vn -0.893436 -0.255758 0.369269
vn 0.011761 0.000000 0.999931
vn 0.382676 0.000000 0.923883
vn 0.382685 0.000000 0.923879
vn 0.011707 0.000000 0.999932
vn 0.382682 0.000000 0.923880
vn 0.011812 0.000000 0.999930
vn -0.923869 0.006780 0.382649
vn -0.999902 0.007353 0.011930
vn -0.983019 0.183105 0.012100
vn -0.911234 0.166162 0.376886
vn -0.934041 0.356961 0.012077
vn -0.871325 0.332528 0.360858
vn -0.382711 -0.002905 -0.923863
vn -0.011806 -0.006136 -0.999912
vn -0.010453 0.001870 -0.999944
vn -0.381799 0.075865 -0.921126
vn -0.005733 0.002183 -0.999981
vn -0.378641 0.145072 -0.914104
vn 0.923876 -0.002384 -0.382684
vn 0.999930 -0.000074 -0.011872
vn 0.999928 0.000000 -0.012034
vn 0.923879 0.000000 -0.382685
vn 0.999928 0.000000 -0.012033
vn 0.923877 0.000000 -0.382690
vn 0.013325 -0.000027 0.999911
vn -0.011266 0.004293 0.999927
vn -0.011058 0.000522 0.999939
vn 0.009908 -0.001611 0.999950
vn -0.022540 -0.006360 0.999726
vn 0.013683 -0.004333 0.999897
vn -0.005734 0.002183 0.999981
vn -0.378617 0.145066 0.914115
vn -0.378725 0.142785 0.914429
vn -0.934888 0.354792 0.010326
vn -0.871655 0.331483 0.361021
vn -0.934041 0.356961 -0.012077
vn -0.934888 0.354793 -0.010323
vn -0.871318 0.332529 -0.360875
vn -0.871647 0.331485 -0.361040
vn -0.011263 0.004292 -0.999927
vn -0.378750 0.142792 -0.914417
vn 0.011762 0.000000 -0.999931
vn 0.013325 -0.000027 -0.999911
vn 0.382677 0.000000 -0.923882
vn 0.382677 -0.000719 -0.923882
vn 0.999926 -0.001949 -0.012019
vn 0.923873 -0.001839 -0.382695
vn 0.999928 0.000000 0.012033
vn 0.999926 -0.001949 0.012019
vn 0.923882 0.000000 0.382677
vn 0.923878 -0.001839 0.382682
vn 0.382675 -0.000719 0.923883
vn -0.380475 -0.106723 0.918612
vn -0.962542 -0.270915 0.010862
vn -0.894090 -0.251906 0.370333
vn -0.962542 -0.270915 -0.010858
vn -0.894091 -0.251905 -0.370332
vn -0.022534 -0.006358 -0.999726
vn -0.380481 -0.106726 -0.918610
vn 0.013683 -0.004333 -0.999897
vn 0.379924 -0.119832 -0.917223
vn 0.953430 -0.301425 -0.010637
vn 0.886764 -0.280579 -0.367321
vn 0.953431 -0.301425 0.010637
vn 0.886769 -0.280576 0.367312
vn 0.379926 -0.119831 0.917222
vn -0.011786 0.000087 0.999931
vn -0.010453 0.001870 0.999944
vn -0.382650 0.002845 0.923889
vn -0.381793 0.075859 0.921129
vn -0.999903 0.007275 -0.011841
vn -0.983019 0.183105 -0.012099
vn -0.923880 0.004392 -0.382657
vn -0.911230 0.166168 -0.376892
vn 0.011829 -0.006228 -0.999911
vn 0.011707 0.000000 -0.999932
vn 0.382679 -0.005754 -0.923863
vn 0.382685 0.000000 -0.923879
vn 0.999929 0.000000 0.011959
vn 0.999928 0.000000 0.012033
vn 0.923882 0.000000 0.382677
vn 0.923883 0.000000 0.382676
vn -0.382283 0.015174 0.923921
vn -0.998909 0.045253 0.011565
vn -0.922994 0.043834 0.382310
vn -0.998909 0.045253 -0.011573
vn -0.922963 0.043838 -0.382384
vn -0.011063 0.000523 -0.999939
vn -0.382321 0.015175 -0.923905
vn 0.009907 -0.001611 -0.999950
vn 0.382069 -0.056636 -0.922397
vn 0.988108 -0.153317 -0.011720
vn 0.914023 -0.144860 -0.378917
vn 0.988108 -0.153317 0.011720
vn 0.914026 -0.144861 0.378909
vn 0.382066 -0.056635 0.922398
s 1
g all Sunmao_005 leg_004
usemtl phongE1SG
f 4668/6320/10825 4702/6321/10826 4703/6046/10827 4667/6043/10828
s 2
f 4667/6043/10829 4703/6046/10830 4704/6045/10831 4666/6044/10832
s 1
f 4674/6095/10833 4694/6098/10834 4695/6097/10835 4673/6096/10836
f 4673/6330/10837 4695/6331/10838 4696/6324/10839 4672/6325/10840
s 2
f 4677/6050/10841 4679/6049/10842 4680/6058/10843 4676/6057/10844
s 5
f 4676/6057/10845 4680/6058/10846 4681/6392/10847 4675/6391/10848
s 2
f 4679/6049/10842 4704/6045/10831 4699/6051/10849 4678/6056/10850
s 1
f 4683/6127/10851 4711/6243/10852 4678/6242/10853 4878/6241/10854
f 4682/6159/10855 4711/6243/10852 4683/6127/10851 4875/6126/10856
s 5
f 4682/6396/10857 4689/6399/10858 4690/6395/10859 4681/6392/10847
s 1
f 4698/6110/10860 4713/6102/10861 4693/6101/10862 4876/6111/10863
f 4687/6109/10864 4693/6101/10865 4694/6098/10834 4692/6103/10866
f 4697/6247/10867 4713/6102/10861 4698/6110/10860 4877/6244/10868
f 4697/6329/10869 4701/6323/10870 4702/6321/10826 4696/6324/10839
f 4710/6116/10871 4982/6117/10872 4981/6134/10873 4709/6128/10874
s 5
f 4709/6128/10875 4981/6134/10876 4980/6401/10877 4708/6398/10878
f 4705/6393/10879 4675/6391/10848 4684/6394/10880 4708/6398/10878
f 4675/6391/10848 4681/6392/10847 4690/6395/10859 4684/6394/10880
s 1
f 4696/6324/10839 4702/6321/10826 4668/6320/10825 4672/6325/10840
f 4665/6322/10881 4986/6326/10882 4985/6335/10883 4669/6334/10884
s 5
f 4708/6398/10878 4980/6401/10877 4979/6397/10885 4705/6393/10879
s 1
f 4674/6095/10833 4686/6104/10886 4692/6103/10866 4694/6098/10834
f 4671/6099/10887 4983/6105/10888 4982/6117/10872 4710/6116/10871
s 2
f 4707/6055/10889 4989/6061/10890 4988/6054/10891 4663/6048/10892
f 4666/6044/10832 4677/6050/10841 4707/6055/10889 4663/6048/10892
f 4679/6049/10842 4677/6050/10841 4666/6044/10832 4704/6045/10831
s 1
f 4799/6346/10893 4665/6322/10881 4669/6334/10884 4800/6347/10894
f 4665/6322/10881 4798/6328/10895 4797/6327/10896 4668/6320/10825
f 4791/6132/10897 4671/6099/10887 4710/6116/10871 4792/6133/10898
f 4789/6107/10899 4674/6095/10833 4671/6099/10887 4790/6108/10900
f 4683/6127/10851 4878/6241/10854 4877/6244/10868 4698/6110/10860
f 4875/6126/10856 4683/6127/10851 4698/6110/10860 4876/6111/10863
s 2
f 4663/6048/10892 4988/6054/10891 4987/6053/10901 4664/6047/10902
s 1
f 4664/6047/10903 4987/6053/10904 4986/6326/10882 4665/6322/10881
f 4665/6322/10881 4668/6320/10825 4667/6043/10828 4664/6047/10903
s 2
f 4664/6047/10902 4667/6043/10829 4666/6044/10832 4663/6048/10892
s 1
f 4669/6334/10884 4985/6335/10883 4984/6348/10905 4670/6342/10906
f 4670/6100/10907 4984/6106/10908 4983/6105/10888 4671/6099/10887
f 4671/6099/10887 4674/6095/10833 4673/6096/10836 4670/6100/10907
f 4670/6342/10906 4673/6330/10837 4672/6325/10840 4669/6334/10884
s 5
f 4675/6391/10848 4705/6393/10879 4706/6062/10909 4676/6057/10845
s 2
f 4676/6057/10844 4706/6062/10910 4707/6055/10889 4677/6050/10841
s 5
f 4684/6394/10880 4690/6395/10859 4691/6113/10911 4685/6112/10912
s 1
f 4685/6112/10913 4691/6113/10914 4692/6103/10866 4686/6104/10886
s 5
f 4705/6393/10879 4979/6397/10885 4990/6067/10915 4706/6062/10909
s 2
f 4706/6062/10910 4990/6067/10916 4989/6061/10890 4707/6055/10889
s 1
f 4686/6104/10886 4710/6116/10871 4709/6128/10874 4685/6112/10913
s 5
f 4685/6112/10912 4709/6128/10875 4708/6398/10878 4684/6394/10880
s 2
f 4678/6056/10850 4711/6063/10917 4680/6058/10843 4679/6049/10842
s 5
f 4680/6058/10846 4711/6063/10918 4682/6396/10857 4681/6392/10847
s 1
f 4691/6113/10914 4712/6124/10919 4687/6109/10864 4692/6103/10866
f 4687/6109/10864 4712/6124/10919 4689/6143/10920 4688/6125/10921
s 5
f 4689/6399/10858 4712/6124/10922 4691/6113/10911 4690/6395/10859
s 1
f 4693/6101/10865 4713/6102/10923 4695/6097/10835 4694/6098/10834
f 4695/6331/10838 4713/6341/10924 4697/6329/10869 4696/6324/10839
s 2
f 4703/6046/10830 4714/6052/10925 4699/6051/10849 4704/6045/10831
s 1
f 4699/6246/10926 4714/6249/10927 4701/6248/10870 4700/6245/10928
f 4701/6323/10870 4714/6052/10927 4703/6046/10827 4702/6321/10826
s 15
f 4718/6250/10929 4756/6253/10930 4757/6252/10931 4717/6251/10932
f 4717/6251/10932 4757/6252/10931 4758/6257/10933 4716/6256/10934
f 4720/6261/10935 4726/6269/10936 4727/6260/10937 4719/6254/10938
f 4719/6254/10938 4727/6260/10937 4728/6258/10939 4718/6250/10929
s 17
f 4724/6197/10940 4734/6200/10941 4735/6458/10942 4723/6198/10943
s 18
f 4723/6461/10944 4735/6199/10945 4736/6426/10946 4722/6425/10947
s 19
f 4730/6434/10948 4768/6435/10949 4769/6267/10950 4729/6266/10951
s 15
f 4729/6266/10952 4769/6267/10953 4770/6259/10954 4728/6258/10939
s 19
f 4732/6441/10955 4744/6446/10956 4745/6440/10957 4731/6436/10958
f 4731/6436/10958 4745/6440/10957 4746/6438/10959 4730/6434/10948
s 22
f 4740/6281/10960 4748/6284/10961 4749/6283/10962 4739/6282/10963
f 4739/6282/10963 4749/6283/10962 4750/6287/10964 4738/6286/10965
f 4742/6293/10966 4760/6301/10967 4761/6292/10968 4741/6285/10969
f 4741/6285/10969 4761/6292/10968 4762/6291/10970 4740/6281/10960
f 4748/6284/10961 4776/6290/10971 4777/6299/10972 4747/6288/10973
s 19
f 4747/6443/10974 4777/6444/10975 4778/6439/10976 4746/6438/10959
s 25
f 4754/6213/10977 4764/6216/10978 4765/6215/10979 4753/6214/10980
f 4753/6214/10980 4765/6215/10979 4766/6220/10981 4752/6219/10982
s 15
f 4756/6253/10930 4770/6259/10954 4771/6225/10983 4755/6217/10984
s 25
f 4755/6217/10985 4771/6225/10986 4772/6223/10987 4754/6213/10977
f 4764/6216/10978 4774/6224/10988 4775/6230/10989 4763/6221/10990
s 22
f 4763/6221/10991 4775/6230/10992 4776/6290/10971 4762/6291/10970
s 19
f 4768/6435/10949 4778/6439/10976 4773/6442/10993 4767/6437/10994
s 25
f 4767/6231/10995 4773/6232/10996 4774/6224/10988 4772/6223/10987
s 15
f 4728/6258/10939 4770/6259/10954 4756/6253/10930 4718/6250/10929
s 22
f 4740/6281/10960 4762/6291/10970 4776/6290/10971 4748/6284/10961
s 19
f 4746/6438/10959 4778/6439/10976 4768/6435/10949 4730/6434/10948
s 25
f 4772/6223/10987 4774/6224/10988 4764/6216/10978 4754/6213/10977
s 17
f 4723/6198/10943 4779/6202/10997 4715/6201/10998 4724/6197/10940
s 15
f 4715/6263/10999 4779/6255/11000 4717/6251/10932 4716/6256/10934
f 4717/6251/10932 4779/6255/11000 4719/6254/10938 4718/6250/10929
f 4719/6254/10938 4779/6255/11000 4721/6262/11001 4720/6261/10935
s 18
f 4721/6427/11002 4779/6460/11003 4723/6461/10944 4722/6425/10947
s 19
f 4731/6436/10958 4780/6268/11004 4725/6276/11005 4732/6441/10955
s 15
f 4725/6276/11006 4780/6268/11007 4727/6260/10937 4726/6269/10936
f 4727/6260/10937 4780/6268/11007 4729/6266/10952 4728/6258/10939
s 19
f 4729/6266/10951 4780/6268/11004 4731/6436/10958 4730/6434/10948
s 22
f 4741/6285/10969 4781/6204/11008 4733/6294/11009 4742/6293/10966
s 17
f 4733/6203/11010 4781/6459/11011 4735/6458/10942 4734/6200/10941
s 18
f 4735/6199/10945 4781/6204/11012 4737/6295/11013 4736/6426/10946
s 22
f 4737/6295/11014 4781/6204/11008 4739/6282/10963 4738/6286/10965
f 4739/6282/10963 4781/6204/11008 4741/6285/10969 4740/6281/10960
f 4749/6283/10962 4782/6289/11015 4743/6298/11016 4750/6287/10964
s 19
f 4743/6449/11017 4782/6445/11018 4745/6440/10957 4744/6446/10956
f 4745/6440/10957 4782/6445/11018 4747/6443/10974 4746/6438/10959
s 22
f 4747/6288/10973 4782/6289/11015 4749/6283/10962 4748/6284/10961
s 15
f 4757/6252/10931 4783/6218/11019 4751/6226/11020 4758/6257/10933
s 25
f 4751/6226/11021 4783/6218/11022 4753/6214/10980 4752/6219/10982
f 4753/6214/10980 4783/6218/11022 4755/6217/10985 4754/6213/10977
s 15
f 4755/6217/10984 4783/6218/11019 4757/6252/10931 4756/6253/10930
s 25
f 4765/6215/10979 4784/6222/11023 4759/6229/11024 4766/6220/10981
s 22
f 4759/6229/11025 4784/6300/11026 4761/6292/10968 4760/6301/10967
f 4761/6292/10968 4784/6300/11026 4763/6221/10991 4762/6291/10970
s 25
f 4763/6221/10990 4784/6222/11023 4765/6215/10979 4764/6216/10978
f 4771/6225/10986 4785/6233/11027 4767/6231/10995 4772/6223/10987
s 19
f 4767/6437/10994 4785/6275/11028 4769/6267/10950 4768/6435/10949
s 15
f 4769/6267/10953 4785/6275/11029 4771/6225/10983 4770/6259/10954
s 19
f 4777/6444/10975 4786/6448/11030 4773/6442/10993 4778/6439/10976
s 25
f 4773/6232/10996 4786/6238/11031 4775/6230/10989 4774/6224/10988
s 22
f 4775/6230/10992 4786/6306/11032 4777/6299/10972 4776/6290/10971
s 1
f 4674/6095/10833 4788/6115/11033 4787/6114/11034 4686/6104/10886
f 4686/6104/10886 4794/6145/11035 4793/6144/11036 4710/6116/10871
f 4668/6320/10825 4796/6333/11037 4795/6332/11038 4672/6325/10840
f 4801/6356/11039 4669/6334/10884 4672/6325/10840 4802/6357/11040
s 17
f 4805/6208/11041 4809/6206/11042 4810/6209/11043 4804/6212/11044
s 1
f 4804/6359/11045 4810/6209/11046 4811/6358/11047 4803/6343/11048
s 15
f 4814/6272/11049 4815/6265/11050 4816/6273/11051 4813/6278/11052
s 1
f 4813/6370/11053 4816/6369/11054 4817/6362/11055 4812/6363/11056
s 25
f 4823/6234/11057 4824/6228/11058 4825/6236/11059 4822/6239/11060
s 1
f 4822/6354/11061 4825/6353/11062 4826/6339/11063 4821/6340/11064
s 22
f 4832/6235/11065 4833/6307/11066 4834/6310/11067 4831/6311/11068
s 1
f 4831/6351/11069 4834/6361/11070 4835/6345/11071 4830/6337/11072
s 15
f 4841/6176/11073 4845/6175/11074 4846/6166/11075 4840/6167/11076
s 1
f 4840/6167/11077 4846/6166/11078 4847/6150/11079 4839/6151/11080
s 18
f 4850/6157/11081 4851/6158/11082 4852/6138/11083 4849/6140/11084
s 1
f 4849/6140/11085 4852/6138/11086 4853/6121/11087 4848/6122/11088
s 19
f 4859/6162/11089 4863/6174/11090 4864/6161/11091 4858/6147/11092
s 1
f 4858/6147/11093 4864/6161/11094 4865/6146/11095 4857/6129/11096
s 22
f 4868/6165/11097 4869/6164/11098 4870/6149/11099 4867/6142/11100
s 1
f 4867/6142/11101 4870/6149/11102 4871/6131/11103 4866/6123/11104
s 22
f 4806/6302/11105 4742/6293/10966 4733/6294/11009 4805/6303/11106
s 17
f 4805/6208/11041 4733/6203/11010 4734/6200/10941 4809/6206/11042
s 1
f 4817/6362/11055 4800/6347/10894 4669/6334/10884 4812/6363/11056
f 4812/6363/11056 4669/6334/10884 4801/6356/11039 4820/6368/11107
f 4826/6339/11063 4798/6328/10895 4665/6322/10881 4821/6340/11064
f 4821/6340/11064 4665/6322/10881 4799/6346/10893 4829/6355/11108
f 4835/6345/11071 4796/6333/11037 4668/6320/10825 4830/6337/11072
f 4830/6337/11072 4668/6320/10825 4797/6327/10896 4838/6338/11109
s 19
f 4842/6447/11110 4732/6441/10955 4725/6276/11005 4841/6280/11111
s 15
f 4841/6280/11073 4725/6276/11006 4726/6269/10936 4845/6277/11074
s 1
f 4853/6121/11087 4790/6108/10900 4671/6099/10887 4848/6122/11088
f 4848/6122/11088 4671/6099/10887 4791/6132/10897 4856/6141/11112
s 22
f 4860/6296/11113 4750/6287/10964 4743/6298/11016 4859/6305/11114
s 19
f 4859/6451/11089 4743/6449/11017 4744/6446/10956 4863/6450/11090
s 1
f 4871/6131/11103 4788/6115/11033 4674/6095/10833 4866/6123/11104
f 4866/6123/11104 4674/6095/10833 4789/6107/10899 4874/6120/11115
s 15
f 4854/6270/11116 4845/6277/11074 4726/6269/10936 4720/6261/10935
s 18
f 4872/6428/11117 4851/6429/11082 4722/6425/10947 4736/6426/10946
s 22
f 4860/6296/11113 4869/6297/11098 4738/6286/10965 4750/6287/10964
s 19
f 4842/6447/11110 4863/6450/11090 4744/6446/10956 4732/6441/10955
s 15
f 4827/6264/11118 4815/6265/11050 4716/6256/10934 4758/6257/10933
s 25
f 4836/6227/11119 4824/6228/11058 4752/6219/10982 4766/6220/10981
s 22
f 4806/6302/11105 4833/6307/11066 4760/6301/10967 4742/6293/10966
s 17
f 4818/6205/11120 4809/6206/11042 4734/6200/10941 4724/6197/10940
s 1
f 4820/6368/11107 4801/6356/11039 4802/6357/11040 4811/6358/11047
f 4829/6355/11108 4799/6346/10893 4800/6347/10894 4817/6362/11055
f 4838/6338/11109 4797/6327/10896 4798/6328/10895 4826/6339/11063
f 4808/6344/11121 4795/6332/11038 4796/6333/11037 4835/6345/11071
f 4856/6141/11112 4791/6132/10897 4792/6133/10898 4847/6150/11079
f 4844/6160/11122 4793/6144/11036 4794/6145/11035 4865/6146/11095
f 4874/6120/11115 4789/6107/10899 4790/6108/10900 4853/6121/11087
f 4862/6130/11123 4787/6114/11034 4788/6115/11033 4871/6131/11103
f 4672/6325/10840 4795/6332/11038 4808/6344/11121 4803/6343/11048
f 4811/6358/11047 4802/6357/11040 4672/6325/10840 4803/6343/11048
s 17
f 4818/6205/11120 4724/6197/10940 4715/6201/10998 4814/6207/11124
s 15
f 4814/6272/11049 4715/6263/10999 4716/6256/10934 4815/6265/11050
f 4827/6264/11118 4758/6257/10933 4751/6226/11020 4823/6234/11125
s 25
f 4823/6234/11057 4751/6226/11021 4752/6219/10982 4824/6228/11058
f 4836/6227/11119 4766/6220/10981 4759/6229/11024 4832/6235/11126
s 22
f 4832/6235/11065 4759/6229/11025 4760/6301/10967 4833/6307/11066
s 1
f 4710/6116/10871 4793/6144/11036 4844/6160/11122 4839/6151/11080
f 4847/6150/11079 4792/6133/10898 4710/6116/10871 4839/6151/11080
s 15
f 4854/6270/11116 4720/6261/10935 4721/6262/11001 4850/6271/11127
s 18
f 4850/6430/11081 4721/6427/11002 4722/6425/10947 4851/6429/11082
s 1
f 4686/6104/10886 4787/6114/11034 4862/6130/11123 4857/6129/11096
f 4865/6146/11095 4794/6145/11035 4686/6104/10886 4857/6129/11096
s 18
f 4872/6428/11117 4736/6426/10946 4737/6295/11013 4868/6304/11128
s 22
f 4868/6304/11097 4737/6295/11014 4738/6286/10965 4869/6297/11098
s 1
f 4803/6343/11048 4808/6344/11121 4807/6360/11129 4804/6359/11045
s 22
f 4804/6308/11130 4807/6309/11131 4806/6302/11105 4805/6303/11106
s 17
f 4809/6206/11042 4818/6205/11120 4819/6210/11132 4810/6209/11043
s 1
f 4810/6209/11046 4819/6210/11133 4820/6368/11107 4811/6358/11047
s 15
f 4815/6265/11050 4827/6264/11118 4828/6274/11134 4816/6273/11051
s 1
f 4816/6369/11054 4828/6367/11135 4829/6355/11108 4817/6362/11055
f 4812/6363/11056 4820/6368/11107 4819/6210/11133 4813/6370/11053
s 17
f 4813/6211/11136 4819/6210/11132 4818/6205/11120 4814/6207/11124
s 25
f 4824/6228/11058 4836/6227/11119 4837/6237/11137 4825/6236/11059
s 1
f 4825/6353/11062 4837/6352/11138 4838/6338/11109 4826/6339/11063
f 4821/6340/11064 4829/6355/11108 4828/6367/11135 4822/6354/11061
s 15
f 4822/6279/11139 4828/6274/11134 4827/6264/11118 4823/6234/11125
s 1
f 4808/6344/11121 4835/6345/11071 4834/6361/11070 4807/6360/11129
s 22
f 4807/6309/11131 4834/6310/11067 4833/6307/11066 4806/6302/11105
s 1
f 4830/6337/11072 4838/6338/11109 4837/6352/11138 4831/6351/11069
s 25
f 4831/6240/11140 4837/6237/11137 4836/6227/11119 4832/6235/11126
s 1
f 4839/6151/11080 4844/6160/11122 4843/6173/11141 4840/6167/11077
s 19
f 4840/6167/11142 4843/6173/11143 4842/6181/11110 4841/6176/11111
s 15
f 4845/6175/11074 4854/6172/11116 4855/6156/11144 4846/6166/11075
s 1
f 4846/6166/11078 4855/6156/11145 4856/6141/11112 4847/6150/11079
s 18
f 4851/6429/11082 4872/6428/11117 4873/6432/11146 4852/6431/11083
s 1
f 4852/6138/11086 4873/6139/11147 4874/6120/11115 4853/6121/11087
f 4848/6122/11088 4856/6141/11112 4855/6156/11145 4849/6140/11085
s 15
f 4849/6140/11148 4855/6156/11144 4854/6172/11116 4850/6157/11127
s 1
f 4857/6129/11096 4862/6130/11123 4861/6148/11149 4858/6147/11093
s 22
f 4858/6147/11150 4861/6148/11151 4860/6163/11113 4859/6162/11114
s 1
f 4844/6160/11122 4865/6146/11095 4864/6161/11094 4843/6173/11141
s 19
f 4843/6452/11143 4864/6453/11091 4863/6450/11090 4842/6447/11110
s 1
f 4862/6130/11123 4871/6131/11103 4870/6149/11102 4861/6148/11149
s 22
f 4861/6148/11151 4870/6149/11099 4869/6164/11098 4860/6163/11113
s 1
f 4866/6123/11104 4874/6120/11115 4873/6139/11147 4867/6142/11101
s 18
f 4867/6433/11152 4873/6432/11146 4872/6428/11117 4868/6304/11128
s 1
f 4875/6126/10856 4688/6125/10921 4689/6143/10920 4682/6159/10855
f 4688/6125/10921 4875/6126/10856 4876/6111/10863
f 4688/6125/10921 4876/6111/10863 4693/6101/10862 4687/6109/10864
f 4877/6244/10868 4700/6245/10928 4701/6248/10870 4697/6247/10867
f 4878/6241/10854 4700/6245/10928 4877/6244/10868
f 4678/6242/10853 4699/6246/10926 4700/6245/10928 4878/6241/10854
s 5
f 4880/6417/11153 4902/6418/11154 4897/6422/11155 4879/6420/11156
s 36
f 4879/6312/11157 4897/6315/11158 4898/6314/11159 4884/6313/11160
f 4884/6313/11160 4886/6316/11161 4887/6088/11162 4883/6092/11163
s 2
f 4883/6092/11164 4887/6088/11165 4888/6085/11166 4882/6090/11167
s 36
f 4886/6316/11161 4896/6317/11168 4891/6319/11169 4885/6318/11170
s 1
f 4885/6386/11171 4891/6389/11172 4892/6385/11173 4890/6382/11174
s 36
f 4896/6317/11168 4898/6314/11159 4899/6195/11175 4895/6192/11176
s 1
f 4895/6192/11177 4899/6195/11178 4900/6191/11179 4894/6188/11180
s 36
f 4884/6313/11160 4898/6314/11159 4896/6317/11168 4886/6316/11161
f 4883/6092/11163 4903/6094/11181 4879/6312/11157 4884/6313/11160
s 5
f 4879/6420/11156 4903/6421/11182 4881/6416/11183 4880/6417/11153
s 2
f 4881/6093/11184 4903/6094/11185 4883/6092/11164 4882/6090/11167
s 1
f 4889/6383/11186 4904/6387/11187 4885/6386/11171 4890/6382/11174
s 36
f 4885/6318/11170 4904/6089/11188 4887/6088/11162 4886/6316/11161
s 2
f 4887/6088/11165 4904/6089/11189 4889/6084/11190 4888/6085/11166
s 36
f 4895/6192/11176 4905/6193/11191 4891/6319/11169 4896/6317/11168
s 1
f 4891/6389/11172 4905/6390/11192 4893/6388/11193 4892/6385/11173
f 4893/6189/11194 4905/6193/11195 4895/6192/11177 4894/6188/11180
s 5
f 4901/6423/11196 4906/6424/11197 4897/6422/11155 4902/6418/11154
s 36
f 4897/6315/11158 4906/6196/11198 4899/6195/11175 4898/6314/11159
s 1
f 4899/6195/11178 4906/6196/11199 4901/6194/11200 4900/6191/11179
s 5
f 4909/6405/11201 4940/6079/11202 4941/6075/11203 4908/6402/11204
f 4908/6402/11204 4941/6075/11203 4942/6071/11205 4907/6400/11206
s 1
f 4915/6152/11207 4916/6135/11208 4917/6456/11209 4914/6168/11210
f 4914/6457/11210 4917/6153/11209 4918/6169/11211 4913/6177/11212
f 4924/6364/11213 4925/6349/11214 4926/6365/11215 4923/6371/11216
f 4923/6371/11216 4926/6365/11215 4927/6372/11217 4922/6374/11218
s 2
f 4933/6059/11219 4934/6060/11220 4935/6065/11221 4932/6064/11222
f 4932/6064/11222 4935/6065/11221 4936/6069/11223 4931/6068/11224
s 5
f 4945/6407/11225 4946/6408/11226 4947/6411/11227 4944/6410/11228
f 4944/6410/11228 4947/6411/11227 4948/6414/11229 4943/6413/11230
f 4910/6406/11231 4946/6408/11226 4945/6407/11225 4909/6405/11201
f 4913/6409/11232 4949/6412/11233 4946/6408/11226 4910/6406/11231
s 1
f 4918/6169/11211 4952/6178/11234 4949/6182/11235 4913/6177/11212
f 4952/6178/11234 4918/6169/11211 4919/6154/11236 4955/6170/11237
f 4922/6155/11238 4958/6171/11239 4955/6170/11237 4919/6154/11236
f 4927/6372/11217 4961/6375/11240 4958/6377/11241 4922/6374/11218
f 4961/6375/11240 4927/6372/11217 4928/6366/11242 4964/6373/11243
f 4931/6068/11244 4967/6072/11245 4964/6373/11243 4928/6366/11242
s 2
f 4936/6069/11223 4970/6073/11246 4967/6072/11247 4931/6068/11224
f 4937/6074/11248 4973/6078/11249 4970/6073/11246 4936/6069/11223
f 4940/6079/11250 4976/6083/11251 4973/6078/11249 4937/6074/11248
s 5
f 4909/6405/11201 4945/6407/11225 4976/6083/11252 4940/6079/11202
f 4948/6414/11229 4902/6418/11154 4880/6417/11153 4943/6413/11230
f 4951/6419/11253 4901/6423/11196 4902/6418/11154 4948/6414/11229
s 1
f 4954/6187/11254 4900/6191/11179 4901/6194/11200 4951/6190/11255
f 4900/6191/11179 4954/6187/11254 4957/6184/11256 4894/6188/11180
f 4960/6185/11257 4893/6189/11194 4894/6188/11180 4957/6184/11256
f 4963/6381/11258 4892/6385/11173 4893/6388/11193 4960/6384/11259
f 4890/6382/11174 4892/6385/11173 4963/6381/11258 4966/6379/11260
f 4969/6080/11261 4889/6383/11186 4890/6382/11174 4966/6379/11260
s 2
f 4972/6081/11262 4888/6085/11166 4889/6084/11190 4969/6080/11263
f 4975/6086/11264 4882/6090/11167 4888/6085/11166 4972/6081/11262
f 4978/6091/11265 4881/6093/11184 4882/6090/11167 4975/6086/11264
s 5
f 4943/6413/11230 4880/6417/11153 4881/6416/11183 4978/6091/11266
f 4907/6400/11206 4912/6403/11267 4911/6404/11268 4908/6402/11204
f 4908/6402/11204 4911/6404/11268 4910/6406/11231 4909/6405/11201
f 4912/6403/11267 4915/6152/11269 4914/6168/11270 4911/6404/11268
f 4911/6404/11268 4914/6168/11270 4913/6409/11232 4910/6406/11231
s 1
f 4916/6135/11208 4921/6118/11271 4920/6454/11272 4917/6456/11209
f 4917/6153/11209 4920/6136/11272 4919/6154/11236 4918/6169/11211
f 4921/6118/11271 4924/6119/11273 4923/6137/11274 4920/6454/11272
f 4920/6136/11272 4923/6455/11274 4922/6155/11238 4919/6154/11236
f 4925/6349/11214 4930/6336/11275 4929/6350/11276 4926/6365/11215
f 4926/6365/11215 4929/6350/11276 4928/6366/11242 4927/6372/11217
f 4930/6336/11275 4933/6059/11277 4932/6064/11278 4929/6350/11276
f 4929/6350/11276 4932/6064/11278 4931/6068/11244 4928/6366/11242
s 2
f 4934/6060/11220 4939/6066/11279 4938/6070/11280 4935/6065/11221
f 4935/6065/11221 4938/6070/11280 4937/6074/11248 4936/6069/11223
f 4939/6066/11279 4942/6071/11281 4941/6075/11282 4938/6070/11280
f 4938/6070/11280 4941/6075/11282 4940/6079/11250 4937/6074/11248
s 5
f 4946/6408/11226 4949/6412/11233 4950/6415/11283 4947/6411/11227
f 4947/6411/11227 4950/6415/11283 4951/6419/11253 4948/6414/11229
s 1
f 4949/6182/11235 4952/6178/11234 4953/6183/11284 4950/6186/11285
f 4950/6186/11285 4953/6183/11284 4954/6187/11254 4951/6190/11255
f 4952/6178/11234 4955/6170/11237 4956/6179/11286 4953/6183/11284
f 4953/6183/11284 4956/6179/11286 4957/6184/11256 4954/6187/11254
f 4955/6170/11237 4958/6171/11239 4959/6180/11287 4956/6179/11286
f 4956/6179/11286 4959/6180/11287 4960/6185/11257 4957/6184/11256
f 4958/6377/11241 4961/6375/11240 4962/6378/11288 4959/6380/11289
f 4959/6380/11289 4962/6378/11288 4963/6381/11258 4960/6384/11259
f 4961/6375/11240 4964/6373/11243 4965/6376/11290 4962/6378/11288
f 4962/6378/11288 4965/6376/11290 4966/6379/11260 4963/6381/11258
f 4964/6373/11243 4967/6072/11245 4968/6076/11291 4965/6376/11290
f 4965/6376/11290 4968/6076/11291 4969/6080/11261 4966/6379/11260
s 2
f 4967/6072/11247 4970/6073/11246 4971/6077/11292 4968/6076/11293
f 4968/6076/11293 4971/6077/11292 4972/6081/11262 4969/6080/11263
f 4970/6073/11246 4973/6078/11249 4974/6082/11294 4971/6077/11292
f 4971/6077/11292 4974/6082/11294 4975/6086/11264 4972/6081/11262
f 4973/6078/11249 4976/6083/11251 4977/6087/11295 4974/6082/11294
f 4974/6082/11294 4977/6087/11295 4978/6091/11265 4975/6086/11264
s 5
f 4943/6413/11230 4978/6091/11266 4977/6087/11296 4944/6410/11228
f 4944/6410/11228 4977/6087/11296 4976/6083/11252 4945/6407/11225
f 4980/6401/10877 4912/6403/11267 4907/6400/11206 4979/6397/10885
f 4981/6134/10876 4915/6152/11269 4912/6403/11267 4980/6401/10877
s 1
f 4982/6117/10872 4916/6135/11208 4915/6152/11207 4981/6134/10873
f 4983/6105/10888 4921/6118/11271 4916/6135/11208 4982/6117/10872
f 4984/6106/10908 4924/6119/11273 4921/6118/11271 4983/6105/10888
f 4985/6335/10883 4925/6349/11214 4924/6364/11213 4984/6348/10905
f 4986/6326/10882 4930/6336/11275 4925/6349/11214 4985/6335/10883
f 4987/6053/10904 4933/6059/11277 4930/6336/11275 4986/6326/10882
s 2
f 4988/6054/10891 4934/6060/11220 4933/6059/11219 4987/6053/10901
f 4989/6061/10890 4939/6066/11279 4934/6060/11220 4988/6054/10891
f 4990/6067/10916 4942/6071/11281 4939/6066/11279 4989/6061/10890
s 5
f 4979/6397/10885 4907/6400/11206 4942/6071/11205 4990/6067/10915
