# This file uses centimeters as units for non-parametric coordinates.

mtllib Sunmao_008.mtl
g default
v -0.222565 -0.403876 0.717428
v 1.092319 -0.403876 0.717428
v -0.222565 -0.085214 0.717428
v 1.092319 -0.085214 0.717428
v -0.222565 -0.085214 -0.717428
v 1.092319 -0.085214 -0.717428
v -0.222565 -0.403876 -0.717428
v 1.092319 -0.403876 -0.717428
v -0.222565 -0.307755 0.717428
v 1.092319 -0.307755 0.717428
v 1.092319 -0.307755 -0.717428
v -0.222565 -0.307755 -0.717428
v -0.222565 -0.188257 0.717428
v 1.092319 -0.188257 0.717428
v 1.092319 -0.188257 -0.717428
v -0.222565 -0.188257 -0.717428
v -0.222565 -0.140043 0.717428
v 1.092319 -0.140043 0.717428
v 1.092319 -0.140043 -0.717428
v -0.222565 -0.140043 -0.717428
v 0.215730 -0.403876 0.717428
v 0.215730 -0.403876 -0.717428
v 0.215730 -0.307755 -0.717428
v 0.215730 -0.188257 -0.717428
v 0.215730 -0.140043 -0.717428
v 0.215730 -0.085214 -0.717428
v 0.215730 -0.085214 0.717428
v 0.215730 -0.140043 0.717428
v 0.215730 -0.188257 0.717428
v 0.215730 -0.307755 0.717428
v 0.654025 -0.403876 0.717428
v 0.654025 -0.403876 -0.717428
v 0.654025 -0.307755 -0.717428
v 0.654025 -0.188257 -0.717428
v 0.654025 -0.140043 -0.717428
v 0.654025 -0.085214 -0.717428
v 0.654025 -0.085214 0.717428
v 0.654025 -0.140043 0.717428
v 0.654025 -0.188257 0.717428
v 0.654025 -0.307755 0.717428
v -0.222565 -0.085214 0.409198
v 0.215730 -0.085214 0.409198
v 0.654025 -0.085214 0.409198
v 1.092319 -0.085214 0.409198
v 1.092319 -0.140043 0.409198
v 1.092319 -0.188257 0.409198
v 1.092319 -0.307755 0.409198
v 1.092319 -0.403876 0.409198
v 0.654025 -0.403876 0.409198
v 0.215730 -0.403876 0.409198
v -0.222565 -0.403876 0.409198
v -0.222565 -0.307755 0.409198
v -0.222565 -0.188257 0.409198
v -0.222565 -0.140043 0.409198
v -0.222565 -0.085214 0.239142
v 0.215730 -0.085214 0.239142
v 0.654025 -0.085214 0.239142
v 1.092319 -0.085214 0.239142
v 1.092319 -0.140043 0.239142
v 1.092319 -0.188257 0.239142
v 1.092319 -0.307755 0.239142
v 1.092319 -0.403876 0.239142
v 0.654025 -0.403876 0.239142
v 0.215730 -0.403876 0.239142
v -0.222565 -0.403876 0.239142
v -0.222565 -0.307755 0.239142
v -0.222565 -0.188257 0.239142
v -0.222565 -0.140043 0.239142
v -0.222565 -0.085214 -0.000000
v 0.215730 -0.085214 -0.000000
v 0.654025 -0.085214 -0.000000
v 1.092319 -0.085214 -0.000000
v 1.092319 -0.140043 -0.000000
v 1.092319 -0.188257 -0.000000
v 1.092319 -0.307755 -0.000000
v 1.092319 -0.403876 -0.000000
v 0.654025 -0.403876 -0.000000
v 0.215730 -0.403876 -0.000000
v -0.222565 -0.403876 -0.000000
v -0.222565 -0.307755 -0.000000
v -0.222565 -0.188257 -0.000000
v -0.222565 -0.140043 -0.000000
v -0.222565 -0.085214 -0.239142
v 0.215730 -0.085214 -0.239142
v 0.654025 -0.085214 -0.239142
v 1.092319 -0.085214 -0.239142
v 1.092319 -0.140043 -0.239142
v 1.092319 -0.188257 -0.239142
v 1.092319 -0.307755 -0.239142
v 1.092319 -0.403876 -0.239142
v 0.654025 -0.403876 -0.239142
v 0.215730 -0.403876 -0.239142
v -0.222565 -0.403876 -0.239142
v -0.222565 -0.307755 -0.239142
v -0.222565 -0.188257 -0.239142
v -0.222565 -0.140043 -0.239142
v -0.222565 -0.085214 -0.409198
v 0.215730 -0.085214 -0.409198
v 0.654025 -0.085214 -0.409198
v 1.092319 -0.085214 -0.409198
v 1.092319 -0.140043 -0.409198
v 1.092319 -0.188257 -0.409198
v 1.092319 -0.307755 -0.409198
v 1.092319 -0.403876 -0.409198
v 0.654025 -0.403876 -0.409198
v 0.215730 -0.403876 -0.409198
v -0.222565 -0.403876 -0.409198
v -0.222565 -0.307755 -0.409198
v -0.222565 -0.188257 -0.409198
v -0.222565 -0.140043 -0.409198
v -0.654847 -0.403876 -0.717428
v -0.654847 -0.307755 -0.717428
v -0.654847 -0.188257 -0.717428
v -0.654847 -0.140043 -0.717428
v -0.654847 -0.403876 0.717428
v -0.654847 -0.307755 0.717428
v -0.654847 -0.188257 0.717428
v -0.654847 -0.140043 0.717428
v -0.473802 -0.307755 0.239142
v -0.473802 -0.307755 0.409198
v -0.473802 -0.188257 0.239142
v -0.473802 -0.188257 0.409198
v -0.473802 -0.307755 -0.409198
v -0.473802 -0.307755 -0.239142
v -0.473802 -0.188257 -0.409198
v -0.473802 -0.188257 -0.239142
vt 0.952614 0.703173
vt 0.942546 0.703173
vt 0.942546 0.622692
vt 0.952614 0.622692
vt 0.630625 0.483696
vt 0.687224 0.483696
vt 0.687224 0.564178
vt 0.630625 0.564178
vt 0.582179 0.703173
vt 0.572111 0.703173
vt 0.572111 0.622692
vt 0.582179 0.622692
vt 0.687224 0.622692
vt 0.687224 0.703173
vt 0.630625 0.703173
vt 0.630625 0.622692
vt 0.687224 0.574245
vt 0.630625 0.574245
vt 0.630625 0.312665
vt 0.687224 0.312665
vt 0.687224 0.322733
vt 0.630625 0.322733
vt 0.894100 0.622692
vt 0.911750 0.622692
vt 0.911750 0.703173
vt 0.894100 0.703173
vt 0.630625 0.605042
vt 0.687224 0.605041
vt 0.612975 0.703173
vt 0.612975 0.622692
vt 0.933692 0.622692
vt 0.933692 0.703173
vt 0.630625 0.583099
vt 0.687224 0.583099
vt 0.591032 0.703173
vt 0.591032 0.622692
vt 0.630625 0.864136
vt 0.630625 0.783655
vt 0.687224 0.783655
vt 0.681289 0.872460
vt 0.612975 0.864136
vt 0.612975 0.783655
vt 0.591032 0.864136
vt 0.591032 0.783655
vt 0.582179 0.864136
vt 0.582179 0.783655
vt 0.572111 0.864136
vt 0.572111 0.783655
vt 0.687224 0.403214
vt 0.630625 0.403214
vt 0.942546 0.864136
vt 0.942546 0.783655
vt 0.952614 0.783655
vt 0.952614 0.864136
vt 0.933692 0.864136
vt 0.933692 0.783655
vt 0.911750 0.864136
vt 0.911750 0.783655
vt 0.894100 0.864136
vt 0.894100 0.783655
vt 0.894100 0.322733
vt 0.894100 0.403214
vt 0.837501 0.403214
vt 0.837501 0.322733
vt 0.837501 0.483696
vt 0.894100 0.483696
vt 0.837501 0.564178
vt 0.894100 0.564178
vt 0.894100 0.574245
vt 0.837501 0.574245
vt 0.894100 0.583099
vt 0.837501 0.583099
vt 0.894100 0.605042
vt 0.837501 0.605041
vt 0.837501 0.622692
vt 0.837501 0.703173
vt 0.837501 0.783655
vt 0.843436 0.872460
vt 0.837501 0.312665
vt 0.894100 0.312665
vt 0.806275 0.403214
vt 0.806275 0.322733
vt 0.806275 0.483696
vt 0.806275 0.564178
vt 0.806275 0.574245
vt 0.806275 0.583099
vt 0.806275 0.605041
vt 0.806275 0.622692
vt 0.806275 0.703173
vt 0.806275 0.783655
vt 0.806275 0.864136
vt 0.837501 0.281869
vt 0.806275 0.281869
vt 0.806275 0.264219
vt 0.837501 0.264219
vt 0.268817 0.111235
vt 0.247061 0.111235
vt 0.247061 0.080275
vt 0.268817 0.080275
vt 0.806275 0.312665
vt 0.806275 0.303812
vt 0.837501 0.303812
vt 0.762362 0.403214
vt 0.762362 0.322733
vt 0.762362 0.483696
vt 0.762362 0.564178
vt 0.762362 0.574245
vt 0.762362 0.583099
vt 0.762362 0.605042
vt 0.762362 0.622692
vt 0.762362 0.703173
vt 0.762362 0.783655
vt 0.762362 0.864136
vt 0.762362 0.281869
vt 0.762362 0.264219
vt 0.762362 0.303812
vt 0.762362 0.312665
vt 0.718450 0.403214
vt 0.718450 0.322733
vt 0.718450 0.483696
vt 0.718450 0.564178
vt 0.718450 0.574245
vt 0.718450 0.583099
vt 0.718450 0.605041
vt 0.718450 0.622692
vt 0.718450 0.703173
vt 0.718450 0.783655
vt 0.718450 0.864136
vt 0.718450 0.281869
vt 0.718450 0.264219
vt 0.718450 0.303812
vt 0.718450 0.312665
vt 0.687224 0.281869
vt 0.687224 0.264219
vt 0.271123 0.102029
vt 0.271125 0.080274
vt 0.302085 0.080275
vt 0.302083 0.102032
vt 0.687224 0.303812
vt 0.636560 0.935191
vt 0.689725 0.891030
vt 0.656866 0.937114
vt 0.612975 0.943514
vt 0.707591 0.903769
vt 0.674732 0.949853
vt 0.591032 0.943514
vt 0.714800 0.908909
vt 0.681940 0.954993
vt 0.630625 0.233287
vt 0.582179 0.943514
vt 0.888165 0.935190
vt 0.911750 0.943514
vt 0.867859 0.937114
vt 0.835000 0.891030
vt 0.933692 0.943514
vt 0.849993 0.949853
vt 0.817134 0.903770
vt 0.809925 0.908910
vt 0.842784 0.954993
vt 0.942546 0.943514
vt 0.894100 0.233287
vt 0.163384 0.034534
vt 0.194345 0.034534
vt 0.194345 0.080275
vt 0.163384 0.080275
vt 0.216101 0.034534
vt 0.216100 0.080275
vt 0.247061 0.034534
vt 0.268817 0.034534
vt 0.323841 0.034535
vt 0.354801 0.034535
vt 0.354801 0.080275
vt 0.323841 0.080275
vt 0.376557 0.034535
vt 0.376557 0.080275
vt 0.302085 0.034534
vt 0.271125 0.034535
vn 0.000000 0.000000 1.000000
vn 0.000000 0.000000 1.000000
vn 0.000000 0.000000 1.000000
vn 0.000000 0.000000 1.000000
vn 0.000000 1.000000 0.000000
vn 0.000000 1.000000 0.000000
vn 0.000000 1.000000 0.000000
vn 0.000000 1.000000 0.000000
vn 0.000000 0.000000 -1.000000
vn 0.000000 0.000000 -1.000000
vn 0.000000 0.000000 -1.000000
vn 0.000000 0.000000 -1.000000
vn 0.000000 -1.000000 0.000000
vn 0.000000 -1.000000 0.000000
vn 0.000000 -1.000000 0.000000
vn 0.000000 -1.000000 0.000000
vn 1.000000 0.000000 0.000000
vn 1.000000 0.000000 0.000000
vn 1.000000 0.000000 0.000000
vn 1.000000 0.000000 0.000000
vn -1.000000 0.000000 0.000000
vn -1.000000 0.000000 0.000000
vn -1.000000 0.000000 0.000000
vn -1.000000 0.000000 0.000000
vn 0.000000 0.000000 1.000000
vn 0.000000 0.000000 1.000000
vn 0.000000 0.000000 1.000000
vn 0.000000 0.000000 1.000000
vn 1.000000 0.000000 0.000000
vn 1.000000 0.000000 0.000000
vn 1.000000 0.000000 0.000000
vn 1.000000 0.000000 0.000000
vn 0.000000 0.000000 -1.000000
vn 0.000000 0.000000 -1.000000
vn 0.000000 0.000000 -1.000000
vn 0.000000 0.000000 -1.000000
vn 0.000000 0.000000 1.000000
vn 0.000000 0.000000 1.000000
vn 0.000000 0.000000 1.000000
vn 0.000000 0.000000 1.000000
vn 1.000000 0.000000 0.000000
vn 1.000000 0.000000 0.000000
vn 1.000000 0.000000 0.000000
vn 1.000000 0.000000 0.000000
vn 0.000000 0.000000 -1.000000
vn 0.000000 0.000000 -1.000000
vn 0.000000 0.000000 -1.000000
vn 0.000000 0.000000 -1.000000
vn 0.000000 0.000000 1.000000
vn 0.000000 0.000000 1.000000
vn 0.000000 0.000000 1.000000
vn 0.000000 0.000000 1.000000
vn 1.000000 0.000000 0.000000
vn 1.000000 0.000000 0.000000
vn 1.000000 0.000000 0.000000
vn 1.000000 0.000000 0.000000
vn 0.000000 0.000000 -1.000000
vn 0.000000 0.000000 -1.000000
vn 0.000000 0.000000 -1.000000
vn 0.000000 0.000000 -1.000000
vn 0.000000 -1.000000 0.000000
vn 0.000000 -1.000000 0.000000
vn 0.000000 -1.000000 0.000000
vn 0.000000 -1.000000 0.000000
vn 0.000000 0.000000 -1.000000
vn 0.000000 0.000000 -1.000000
vn 0.000000 0.000000 -1.000000
vn 0.000000 0.000000 -1.000000
vn 0.000000 0.000000 -1.000000
vn 0.000000 0.000000 -1.000000
vn 0.000000 0.000000 -1.000000
vn 0.000000 0.000000 -1.000000
vn 0.000000 0.000000 -1.000000
vn 0.000000 0.000000 -1.000000
vn 0.000000 0.000000 -1.000000
vn 0.000000 0.000000 -1.000000
vn 0.000000 0.000000 -1.000000
vn 0.000000 0.000000 -1.000000
vn 0.000000 0.000000 -1.000000
vn 0.000000 0.000000 -1.000000
vn 0.000000 1.000000 0.000000
vn 0.000000 1.000000 0.000000
vn 0.000000 1.000000 0.000000
vn 0.000000 1.000000 0.000000
vn 0.000000 0.000000 1.000000
vn 0.000000 0.000000 1.000000
vn 0.000000 0.000000 1.000000
vn 0.000000 0.000000 1.000000
vn 0.000000 0.000000 1.000000
vn 0.000000 0.000000 1.000000
vn 0.000000 0.000000 1.000000
vn 0.000000 0.000000 1.000000
vn 0.000000 0.000000 1.000000
vn 0.000000 0.000000 1.000000
vn 0.000000 0.000000 1.000000
vn 0.000000 0.000000 1.000000
vn 0.000000 0.000000 1.000000
vn 0.000000 0.000000 1.000000
vn 0.000000 0.000000 1.000000
vn 0.000000 0.000000 1.000000
vn 0.000000 -1.000000 0.000000
vn 0.000000 -1.000000 0.000000
vn 0.000000 -1.000000 0.000000
vn 0.000000 -1.000000 0.000000
vn 0.000000 0.000000 -1.000000
vn 0.000000 0.000000 -1.000000
vn 0.000000 0.000000 -1.000000
vn 0.000000 0.000000 -1.000000
vn 0.000000 0.000000 -1.000000
vn 0.000000 0.000000 -1.000000
vn 0.000000 0.000000 -1.000000
vn 0.000000 0.000000 -1.000000
vn 0.000000 0.000000 -1.000000
vn 0.000000 0.000000 -1.000000
vn 0.000000 0.000000 -1.000000
vn 0.000000 0.000000 -1.000000
vn 0.000000 0.000000 -1.000000
vn 0.000000 0.000000 -1.000000
vn 0.000000 0.000000 -1.000000
vn 0.000000 0.000000 -1.000000
vn 0.000000 1.000000 0.000000
vn 0.000000 1.000000 0.000000
vn 0.000000 1.000000 0.000000
vn 0.000000 1.000000 0.000000
vn 0.000000 0.000000 1.000000
vn 0.000000 0.000000 1.000000
vn 0.000000 0.000000 1.000000
vn 0.000000 0.000000 1.000000
vn 0.000000 0.000000 1.000000
vn 0.000000 0.000000 1.000000
vn 0.000000 0.000000 1.000000
vn 0.000000 0.000000 1.000000
vn 0.000000 0.000000 1.000000
vn 0.000000 0.000000 1.000000
vn 0.000000 0.000000 1.000000
vn 0.000000 0.000000 1.000000
vn 0.000000 0.000000 1.000000
vn 0.000000 0.000000 1.000000
vn 0.000000 0.000000 1.000000
vn 0.000000 0.000000 1.000000
vn 0.000000 1.000000 0.000000
vn 0.000000 1.000000 0.000000
vn 0.000000 1.000000 0.000000
vn 0.000000 1.000000 0.000000
vn 0.000000 1.000000 0.000000
vn 0.000000 1.000000 0.000000
vn 0.000000 1.000000 0.000000
vn 0.000000 1.000000 0.000000
vn 0.000000 1.000000 0.000000
vn 0.000000 1.000000 0.000000
vn 0.000000 1.000000 0.000000
vn 0.000000 1.000000 0.000000
vn 1.000000 0.000000 0.000000
vn 1.000000 0.000000 0.000000
vn 1.000000 0.000000 0.000000
vn 1.000000 0.000000 0.000000
vn 1.000000 0.000000 0.000000
vn 1.000000 0.000000 0.000000
vn 1.000000 0.000000 0.000000
vn 1.000000 0.000000 0.000000
vn 1.000000 0.000000 0.000000
vn 1.000000 0.000000 0.000000
vn 1.000000 0.000000 0.000000
vn 1.000000 0.000000 0.000000
vn 1.000000 0.000000 0.000000
vn 1.000000 0.000000 0.000000
vn 1.000000 0.000000 0.000000
vn 1.000000 0.000000 0.000000
vn 0.000000 -1.000000 0.000000
vn 0.000000 -1.000000 0.000000
vn 0.000000 -1.000000 0.000000
vn 0.000000 -1.000000 0.000000
vn 0.000000 -1.000000 0.000000
vn 0.000000 -1.000000 0.000000
vn 0.000000 -1.000000 0.000000
vn 0.000000 -1.000000 0.000000
vn 0.000000 -1.000000 0.000000
vn 0.000000 -1.000000 0.000000
vn 0.000000 -1.000000 0.000000
vn 0.000000 -1.000000 0.000000
vn -1.000000 0.000000 0.000000
vn -1.000000 0.000000 0.000000
vn -1.000000 0.000000 0.000000
vn -1.000000 0.000000 0.000000
vn 0.000000 1.000000 0.000000
vn 0.000000 1.000000 0.000000
vn 0.000000 1.000000 0.000000
vn 0.000000 1.000000 0.000000
vn 0.000000 1.000000 0.000000
vn 0.000000 1.000000 0.000000
vn 0.000000 1.000000 0.000000
vn 0.000000 1.000000 0.000000
vn 0.000000 1.000000 0.000000
vn 0.000000 1.000000 0.000000
vn 0.000000 1.000000 0.000000
vn 0.000000 1.000000 0.000000
vn 1.000000 0.000000 0.000000
vn 1.000000 0.000000 0.000000
vn 1.000000 0.000000 0.000000
vn 1.000000 0.000000 0.000000
vn 1.000000 0.000000 0.000000
vn 1.000000 0.000000 0.000000
vn 1.000000 0.000000 0.000000
vn 1.000000 0.000000 0.000000
vn 1.000000 0.000000 0.000000
vn 1.000000 0.000000 0.000000
vn 1.000000 0.000000 0.000000
vn 1.000000 0.000000 0.000000
vn 1.000000 0.000000 0.000000
vn 1.000000 0.000000 0.000000
vn 1.000000 0.000000 0.000000
vn 1.000000 0.000000 0.000000
vn 0.000000 -1.000000 0.000000
vn 0.000000 -1.000000 0.000000
vn 0.000000 -1.000000 0.000000
vn 0.000000 -1.000000 0.000000
vn 0.000000 -1.000000 0.000000
vn 0.000000 -1.000000 0.000000
vn 0.000000 -1.000000 0.000000
vn 0.000000 -1.000000 0.000000
vn 0.000000 -1.000000 0.000000
vn 0.000000 -1.000000 0.000000
vn 0.000000 -1.000000 0.000000
vn 0.000000 -1.000000 0.000000
vn -1.000000 0.000000 0.000000
vn -1.000000 0.000000 0.000000
vn -1.000000 0.000000 0.000000
vn -1.000000 0.000000 0.000000
vn -1.000000 0.000000 0.000000
vn -1.000000 0.000000 0.000000
vn -1.000000 0.000000 0.000000
vn -1.000000 0.000000 0.000000
vn -1.000000 0.000000 0.000000
vn -1.000000 0.000000 0.000000
vn -1.000000 0.000000 0.000000
vn -1.000000 0.000000 0.000000
vn -1.000000 0.000000 0.000000
vn -1.000000 0.000000 0.000000
vn -1.000000 0.000000 0.000000
vn -1.000000 0.000000 0.000000
vn 0.000000 1.000000 0.000000
vn 0.000000 1.000000 0.000000
vn 0.000000 1.000000 0.000000
vn 0.000000 1.000000 0.000000
vn 0.000000 1.000000 0.000000
vn 0.000000 1.000000 0.000000
vn 0.000000 1.000000 0.000000
vn 0.000000 1.000000 0.000000
vn 0.000000 1.000000 0.000000
vn 0.000000 1.000000 0.000000
vn 0.000000 1.000000 0.000000
vn 0.000000 1.000000 0.000000
vn 1.000000 0.000000 0.000000
vn 1.000000 0.000000 0.000000
vn 1.000000 0.000000 0.000000
vn 1.000000 0.000000 0.000000
vn 1.000000 0.000000 0.000000
vn 1.000000 0.000000 0.000000
vn 1.000000 0.000000 0.000000
vn 1.000000 0.000000 0.000000
vn 1.000000 0.000000 0.000000
vn 1.000000 0.000000 0.000000
vn 1.000000 0.000000 0.000000
vn 1.000000 0.000000 0.000000
vn 1.000000 0.000000 0.000000
vn 1.000000 0.000000 0.000000
vn 1.000000 0.000000 0.000000
vn 1.000000 0.000000 0.000000
vn 0.000000 -1.000000 0.000000
vn 0.000000 -1.000000 0.000000
vn 0.000000 -1.000000 0.000000
vn 0.000000 -1.000000 0.000000
vn 0.000000 -1.000000 0.000000
vn 0.000000 -1.000000 0.000000
vn 0.000000 -1.000000 0.000000
vn 0.000000 -1.000000 0.000000
vn 0.000000 -1.000000 0.000000
vn 0.000000 -1.000000 0.000000
vn 0.000000 -1.000000 0.000000
vn 0.000000 -1.000000 0.000000
vn -1.000000 0.000000 0.000000
vn -1.000000 0.000000 0.000000
vn -1.000000 0.000000 0.000000
vn -1.000000 0.000000 0.000000
vn -1.000000 0.000000 0.000000
vn -1.000000 0.000000 0.000000
vn -1.000000 0.000000 0.000000
vn -1.000000 0.000000 0.000000
vn -1.000000 0.000000 0.000000
vn -1.000000 0.000000 0.000000
vn -1.000000 0.000000 0.000000
vn -1.000000 0.000000 0.000000
vn -1.000000 0.000000 0.000000
vn -1.000000 0.000000 0.000000
vn -1.000000 0.000000 0.000000
vn -1.000000 0.000000 0.000000
vn 0.000000 1.000000 0.000000
vn 0.000000 1.000000 0.000000
vn 0.000000 1.000000 0.000000
vn 0.000000 1.000000 0.000000
vn 0.000000 1.000000 0.000000
vn 0.000000 1.000000 0.000000
vn 0.000000 1.000000 0.000000
vn 0.000000 1.000000 0.000000
vn 0.000000 1.000000 0.000000
vn 0.000000 1.000000 0.000000
vn 0.000000 1.000000 0.000000
vn 0.000000 1.000000 0.000000
vn 1.000000 0.000000 0.000000
vn 1.000000 0.000000 0.000000
vn 1.000000 0.000000 0.000000
vn 1.000000 0.000000 0.000000
vn 1.000000 0.000000 0.000000
vn 1.000000 0.000000 0.000000
vn 1.000000 0.000000 0.000000
vn 1.000000 0.000000 0.000000
vn 1.000000 0.000000 0.000000
vn 1.000000 0.000000 0.000000
vn 1.000000 0.000000 0.000000
vn 1.000000 0.000000 0.000000
vn 1.000000 0.000000 0.000000
vn 1.000000 0.000000 0.000000
vn 1.000000 0.000000 0.000000
vn 1.000000 0.000000 0.000000
vn 0.000000 -1.000000 0.000000
vn 0.000000 -1.000000 0.000000
vn 0.000000 -1.000000 0.000000
vn 0.000000 -1.000000 0.000000
vn 0.000000 -1.000000 0.000000
vn 0.000000 -1.000000 0.000000
vn 0.000000 -1.000000 0.000000
vn 0.000000 -1.000000 0.000000
vn 0.000000 -1.000000 0.000000
vn 0.000000 -1.000000 0.000000
vn 0.000000 -1.000000 0.000000
vn 0.000000 -1.000000 0.000000
vn -1.000000 0.000000 0.000000
vn -1.000000 0.000000 0.000000
vn -1.000000 0.000000 0.000000
vn -1.000000 0.000000 0.000000
vn -1.000000 0.000000 0.000000
vn -1.000000 0.000000 0.000000
vn -1.000000 0.000000 0.000000
vn -1.000000 0.000000 0.000000
vn -1.000000 0.000000 0.000000
vn -1.000000 0.000000 0.000000
vn -1.000000 0.000000 0.000000
vn -1.000000 0.000000 0.000000
vn -1.000000 0.000000 0.000000
vn -1.000000 0.000000 0.000000
vn -1.000000 0.000000 0.000000
vn -1.000000 0.000000 0.000000
vn 0.000000 1.000000 0.000000
vn 0.000000 1.000000 0.000000
vn 0.000000 1.000000 0.000000
vn 0.000000 1.000000 0.000000
vn 0.000000 1.000000 0.000000
vn 0.000000 1.000000 0.000000
vn 0.000000 1.000000 0.000000
vn 0.000000 1.000000 0.000000
vn 0.000000 1.000000 0.000000
vn 0.000000 1.000000 0.000000
vn 0.000000 1.000000 0.000000
vn 0.000000 1.000000 0.000000
vn 1.000000 0.000000 0.000000
vn 1.000000 0.000000 0.000000
vn 1.000000 0.000000 0.000000
vn 1.000000 0.000000 0.000000
vn 1.000000 0.000000 0.000000
vn 1.000000 0.000000 0.000000
vn 1.000000 0.000000 0.000000
vn 1.000000 0.000000 0.000000
vn 1.000000 0.000000 0.000000
vn 1.000000 0.000000 0.000000
vn 1.000000 0.000000 0.000000
vn 1.000000 0.000000 0.000000
vn 1.000000 0.000000 0.000000
vn 1.000000 0.000000 0.000000
vn 1.000000 0.000000 0.000000
vn 1.000000 0.000000 0.000000
vn 0.000000 -1.000000 0.000000
vn 0.000000 -1.000000 0.000000
vn 0.000000 -1.000000 0.000000
vn 0.000000 -1.000000 0.000000
vn 0.000000 -1.000000 0.000000
vn 0.000000 -1.000000 0.000000
vn 0.000000 -1.000000 0.000000
vn 0.000000 -1.000000 0.000000
vn 0.000000 -1.000000 0.000000
vn 0.000000 -1.000000 0.000000
vn 0.000000 -1.000000 0.000000
vn 0.000000 -1.000000 0.000000
vn -1.000000 0.000000 0.000000
vn -1.000000 0.000000 0.000000
vn -1.000000 0.000000 0.000000
vn -1.000000 0.000000 0.000000
vn -1.000000 0.000000 0.000000
vn -1.000000 0.000000 0.000000
vn -1.000000 0.000000 0.000000
vn -1.000000 0.000000 0.000000
vn -1.000000 0.000000 0.000000
vn -1.000000 0.000000 0.000000
vn -1.000000 0.000000 0.000000
vn -1.000000 0.000000 0.000000
vn -1.000000 0.000000 0.000000
vn -1.000000 0.000000 0.000000
vn -1.000000 0.000000 0.000000
vn -1.000000 0.000000 0.000000
vn 0.000000 -1.000000 0.000000
vn 0.000000 -1.000000 0.000000
vn 0.000000 -1.000000 0.000000
vn -0.580561 0.000000 0.814217
vn -0.580561 0.000000 0.814217
vn -0.580561 0.000000 0.814217
vn -0.580561 0.000000 0.814217
vn 0.000000 0.000000 -1.000000
vn 0.000000 0.000000 -1.000000
vn 0.000000 0.000000 -1.000000
vn 0.000000 0.000000 -1.000000
vn -0.580561 0.000000 0.814217
vn -0.580561 0.000000 0.814217
vn -0.580561 0.000000 0.814217
vn -0.580561 0.000000 0.814217
vn 0.000000 0.000000 -1.000000
vn 0.000000 0.000000 -1.000000
vn 0.000000 0.000000 -1.000000
vn 0.000000 0.000000 -1.000000
vn -0.580561 0.000000 0.814217
vn -0.580561 0.000000 0.814217
vn -0.580561 0.000000 0.814217
vn -0.580561 0.000000 0.814217
vn 0.000000 1.000000 0.000000
vn 0.000000 1.000000 0.000000
vn 0.000000 1.000000 0.000000
vn 0.000000 0.000000 -1.000000
vn 0.000000 0.000000 -1.000000
vn 0.000000 0.000000 -1.000000
vn 0.000000 0.000000 -1.000000
vn 0.000000 -1.000000 0.000000
vn 0.000000 -1.000000 0.000000
vn 0.000000 -1.000000 0.000000
vn 0.000000 0.000000 1.000000
vn 0.000000 0.000000 1.000000
vn 0.000000 0.000000 1.000000
vn 0.000000 0.000000 1.000000
vn -0.580561 0.000000 -0.814217
vn -0.580561 0.000000 -0.814217
vn -0.580561 0.000000 -0.814217
vn -0.580561 0.000000 -0.814217
vn 0.000000 0.000000 1.000000
vn 0.000000 0.000000 1.000000
vn 0.000000 0.000000 1.000000
vn 0.000000 0.000000 1.000000
vn -0.580561 0.000000 -0.814217
vn -0.580561 0.000000 -0.814217
vn -0.580561 0.000000 -0.814217
vn -0.580561 0.000000 -0.814217
vn -0.580561 0.000000 -0.814217
vn -0.580561 0.000000 -0.814217
vn -0.580561 0.000000 -0.814217
vn -0.580561 0.000000 -0.814217
vn 0.000000 0.000000 1.000000
vn 0.000000 0.000000 1.000000
vn 0.000000 0.000000 1.000000
vn 0.000000 0.000000 1.000000
vn 0.000000 1.000000 0.000000
vn 0.000000 1.000000 0.000000
vn 0.000000 1.000000 0.000000
vn 0.000000 -1.000000 0.000000
vn 0.000000 -1.000000 0.000000
vn 0.000000 -1.000000 0.000000
vn 0.000000 -1.000000 0.000000
vn 0.000000 0.000000 1.000000
vn 0.000000 0.000000 1.000000
vn 0.000000 0.000000 1.000000
vn 0.000000 0.000000 1.000000
vn 0.000000 0.000000 -1.000000
vn 0.000000 0.000000 -1.000000
vn 0.000000 0.000000 -1.000000
vn 0.000000 0.000000 -1.000000
vn 0.000000 1.000000 0.000000
vn 0.000000 1.000000 0.000000
vn 0.000000 1.000000 0.000000
vn 0.000000 1.000000 0.000000
vn 0.000000 -1.000000 0.000000
vn 0.000000 -1.000000 0.000000
vn 0.000000 -1.000000 0.000000
vn 0.000000 -1.000000 0.000000
vn 0.000000 0.000000 1.000000
vn 0.000000 0.000000 1.000000
vn 0.000000 0.000000 1.000000
vn 0.000000 0.000000 1.000000
vn 0.000000 0.000000 -1.000000
vn 0.000000 0.000000 -1.000000
vn 0.000000 0.000000 -1.000000
vn 0.000000 0.000000 -1.000000
vn 0.000000 1.000000 0.000000
vn 0.000000 1.000000 0.000000
vn 0.000000 1.000000 0.000000
vn 0.000000 1.000000 0.000000
s off
g initialShadingGroup Sunmao_008_B
f 37/1/1 38/2/2 18/3/3 4/4/4
f 36/5/5 99/6/6 100/7/7 6/8/8
f 35/9/9 36/10/10 6/11/11 19/12/12
f 104/13/13 105/14/14 32/15/15 8/16/16
f 100/7/17 101/17/18 19/18/19 6/8/20
f 20/19/21 110/20/22 97/21/23 5/22/24
f 2/23/25 10/24/26 40/25/27 31/26/28
f 8/16/29 11/27/30 103/28/31 104/13/32
f 32/15/33 33/29/34 11/30/35 8/16/36
f 10/24/37 14/31/38 39/32/39 40/25/40
f 11/27/41 15/33/42 102/34/43 103/28/44
f 33/29/45 34/35/46 15/36/47 11/30/48
f 38/2/49 39/32/50 14/31/51 18/3/52
f 101/17/53 102/34/54 15/33/55 19/18/56
f 34/35/57 35/9/58 19/12/59 15/36/60
f 7/37/61 22/38/62 106/39/63 107/40/64
f 12/41/65 23/42/66 22/38/67 7/37/68
f 16/43/69 24/44/70 23/42/71 12/41/72
f 20/45/73 25/46/74 24/44/75 16/43/76
f 5/47/77 26/48/78 25/46/79 20/45/80
f 97/21/81 98/49/82 26/50/83 5/22/84
f 17/51/85 28/52/86 27/53/87 3/54/88
f 13/55/89 29/56/90 28/52/91 17/51/92
f 29/56/93 13/55/94 9/57/95 30/58/96
f 30/58/97 9/57/98 1/59/99 21/60/100
f 105/14/101 106/39/102 22/38/103 32/15/104
f 22/38/105 23/42/106 33/29/107 32/15/108
f 23/42/109 24/44/110 34/35/111 33/29/112
f 24/44/113 25/46/114 35/9/115 34/35/116
f 25/46/117 26/48/118 36/10/119 35/9/120
f 26/50/121 98/49/122 99/6/123 36/5/124
f 27/53/125 28/52/126 38/2/127 37/1/128
f 28/52/129 29/56/130 39/32/131 38/2/132
f 39/32/133 29/56/134 30/58/135 40/25/136
f 40/25/137 30/58/138 21/60/139 31/26/140
f 3/61/141 27/62/142 42/63/143 41/64/144
f 43/65/145 42/63/146 27/62/147 37/66/148
f 44/67/149 43/65/150 37/66/151 4/68/152
f 18/69/153 45/70/154 44/67/155 4/68/156
f 14/71/157 46/72/158 45/70/159 18/69/160
f 46/72/161 14/71/162 10/73/163 47/74/164
f 47/74/165 10/73/166 2/23/167 48/75/168
f 31/26/169 49/76/170 48/75/171 2/23/172
f 21/60/173 50/77/174 49/76/175 31/26/176
f 51/78/177 50/77/178 21/60/179 1/59/180
f 41/64/181 54/79/182 17/80/183 3/61/184
f 41/64/185 42/63/186 56/81/187 55/82/188
f 57/83/189 56/81/190 42/63/191 43/65/192
f 58/84/193 57/83/194 43/65/195 44/67/196
f 44/67/197 45/70/198 59/85/199 58/84/200
f 45/70/201 46/72/202 60/86/203 59/85/204
f 60/86/205 46/72/206 47/74/207 61/87/208
f 61/87/209 47/74/210 48/75/211 62/88/212
f 48/75/213 49/76/214 63/89/215 62/88/216
f 49/76/217 50/77/218 64/90/219 63/89/220
f 65/91/221 64/90/222 50/77/223 51/78/224
f 52/92/225 66/93/226 65/94/227 51/95/228
f 120/96/229 122/97/230 121/98/231 119/99/232
f 68/100/233 67/101/234 53/102/235 54/79/236
f 55/82/237 68/100/238 54/79/239 41/64/240
f 55/82/241 56/81/242 70/103/243 69/104/244
f 71/105/245 70/103/246 56/81/247 57/83/248
f 72/106/249 71/105/250 57/83/251 58/84/252
f 58/84/253 59/85/254 73/107/255 72/106/256
f 59/85/257 60/86/258 74/108/259 73/107/260
f 74/108/261 60/86/262 61/87/263 75/109/264
f 75/109/265 61/87/266 62/88/267 76/110/268
f 62/88/269 63/89/270 77/111/271 76/110/272
f 63/89/273 64/90/274 78/112/275 77/111/276
f 79/113/277 78/112/278 64/90/279 65/91/280
f 65/94/281 66/93/282 80/114/283 79/115/284
f 67/101/285 81/116/286 80/114/287 66/93/288
f 82/117/289 81/116/290 67/101/291 68/100/292
f 69/104/293 82/117/294 68/100/295 55/82/296
f 69/104/297 70/103/298 84/118/299 83/119/300
f 85/120/301 84/118/302 70/103/303 71/105/304
f 86/121/305 85/120/306 71/105/307 72/106/308
f 72/106/309 73/107/310 87/122/311 86/121/312
f 73/107/313 74/108/314 88/123/315 87/122/316
f 88/123/317 74/108/318 75/109/319 89/124/320
f 89/124/321 75/109/322 76/110/323 90/125/324
f 76/110/325 77/111/326 91/126/327 90/125/328
f 77/111/329 78/112/330 92/127/331 91/126/332
f 93/128/333 92/127/334 78/112/335 79/113/336
f 79/115/337 80/114/338 94/129/339 93/130/340
f 80/114/341 81/116/342 95/131/343 94/129/344
f 96/132/345 95/131/346 81/116/347 82/117/348
f 83/119/349 96/132/350 82/117/351 69/104/352
f 83/119/353 84/118/354 98/49/355 97/21/356
f 99/6/357 98/49/358 84/118/359 85/120/360
f 100/7/361 99/6/362 85/120/363 86/121/364
f 86/121/365 87/122/366 101/17/367 100/7/368
f 87/122/369 88/123/370 102/34/371 101/17/372
f 102/34/373 88/123/374 89/124/375 103/28/376
f 103/28/377 89/124/378 90/125/379 104/13/380
f 90/125/381 91/126/382 105/14/383 104/13/384
f 91/126/385 92/127/386 106/39/387 105/14/388
f 107/40/389 106/39/390 92/127/391 93/128/392
f 93/130/393 94/129/394 108/133/395 107/134/396
f 124/135/397 126/136/398 125/137/399 123/138/400
f 110/20/401 109/139/402 95/131/403 96/132/404
f 97/21/405 110/20/406 96/132/407 83/119/408
f 7/37/409 107/40/410 111/140/411
f 111/140/412 107/40/413 108/141/414 112/142/415
f 111/140/416 112/143/417 12/41/418 7/37/419
f 112/142/420 108/141/421 109/144/422 113/145/423
f 112/143/424 113/146/425 16/43/426 12/41/427
f 109/144/428 110/147/429 114/148/430 113/145/431
f 110/20/432 20/19/433 114/149/434
f 20/45/435 16/43/436 113/146/437 114/150/438
f 51/78/439 1/59/440 115/151/441
f 115/151/442 1/59/443 9/57/444 116/152/445
f 115/151/446 116/153/447 52/154/448 51/78/449
f 116/152/450 9/57/451 13/55/452 117/155/453
f 116/153/454 117/156/455 53/157/456 52/154/457
f 54/158/458 53/157/459 117/156/460 118/159/461
f 13/55/462 17/51/463 118/160/464 117/155/465
f 17/80/466 54/79/467 118/161/468
f 66/162/469 52/163/470 120/164/471 119/165/472
f 120/164/473 52/163/474 53/166/475 122/167/476
f 119/99/477 121/98/478 67/168/479 66/169/480
f 53/166/481 67/168/482 121/98/483 122/167/484
f 108/170/485 94/171/486 124/172/487 123/173/488
f 124/172/489 94/171/490 95/174/491 126/175/492
f 123/173/493 125/137/494 109/176/495 108/170/496
f 95/177/497 109/176/498 125/137/499 126/136/500
g default
v -0.490742 0.010418 -0.715912
v -0.467125 -0.001012 -0.715912
v -0.513378 0.023685 -0.715912
v -0.688249 0.313129 -0.715912
v -0.736952 0.361832 -0.715912
v -0.798321 0.393101 -0.715912
v -0.656980 0.251759 -0.715912
v -0.866350 0.403876 -0.715912
v -0.646205 0.183731 -0.715912
v -0.442676 -0.010532 -0.715912
v -0.656980 0.115702 -0.715912
v -0.934379 0.393101 -0.715912
v -0.995748 0.361832 -0.715912
v -0.748484 0.345357 -0.715912
v -0.704122 0.300994 -0.715912
v -0.860423 0.173899 -0.715912
v -0.804384 0.373839 -0.715912
v -0.675639 0.245094 -0.715912
v -0.866350 0.383654 -0.715912
v -0.665824 0.183128 -0.715912
v -0.675638 0.121162 -0.715912
v -0.928316 0.373839 -0.715912
v -0.704121 0.065262 -0.715912
v -0.984216 0.345357 -0.715912
v -1.048528 0.313711 -0.715912
v -0.748484 0.020899 -0.715912
v -1.032655 0.301577 -0.715912
v -0.804384 -0.007583 -0.715912
v -1.062303 0.246841 -0.715912
v -0.667103 -0.077534 -0.715912
v -0.658061 -0.085214 -0.715912
v -0.692245 -0.059458 -0.715912
v -0.719967 -0.045664 -0.715912
v -0.851496 -0.029719 -0.715912
v -1.072700 0.183128 -0.715912
v -0.749549 -0.036510 -0.715912
v -1.080962 0.253507 -0.715912
v -0.916645 -0.021907 -0.715912
v -1.064050 0.119997 -0.715912
v -0.798321 -0.025640 -0.715912
v -0.991787 0.014493 -0.715912
v -1.035568 0.060603 -0.715912
v -0.477015 -0.307755 -0.237627
v -0.477015 -0.188257 -0.237627
v -0.225778 -0.188257 -0.237627
v -0.225778 -0.307755 -0.237627
v -0.369872 -0.403876 -0.510426
v -0.513966 -0.403876 -0.613169
v -0.850043 -0.049941 -0.715912
v -0.477015 -0.188257 -0.407682
v -0.225778 -0.188257 -0.407682
v -1.092319 0.183731 -0.715912
v -0.658061 -0.403876 -0.715912
v -0.921565 -0.041365 -0.715912
v -1.082710 0.114537 -0.715912
v -0.225778 -0.307755 -0.407682
v -0.477015 -0.307755 -0.407682
v -1.003319 -0.000777 -0.715912
v -1.051440 0.049674 -0.715912
v -0.369872 -0.140043 -0.715912
v -0.369872 -0.085214 -0.715912
v -0.225778 -0.085214 -0.715912
v -0.225778 -0.140043 -0.715912
v -0.500723 -0.027862 -0.715912
v -0.658061 -0.140043 -0.715912
v -0.225778 -0.140043 -0.407682
v -0.526695 -0.016478 -0.715912
v -0.553196 -0.004862 -0.715912
v -0.579738 0.006771 -0.715912
v -0.513966 -0.140043 -0.715912
v -0.513966 -0.085214 -0.715912
v -0.589608 -0.054398 -0.715912
v -0.688249 0.054333 -0.715912
v -0.621971 -0.041213 -0.715912
v -0.651915 -0.029014 -0.715912
v -0.678172 -0.018317 -0.715912
v -0.736952 0.005630 -0.715912
v -0.225778 -0.403876 -0.407682
v -0.225778 -0.403876 -0.236917
v -0.225778 -0.403876 -0.000001
v -0.225778 -0.085214 -0.237627
v -0.225777 -0.085214 -0.407682
v -0.513378 0.023685 -0.237627
v -0.656980 0.115702 -0.237627
v -0.646205 0.183731 -0.237627
v -0.656980 0.251759 -0.237627
v -0.688249 0.313129 -0.237627
v -0.736952 0.361832 -0.237627
v -0.798321 0.393101 -0.237627
v -0.866350 0.403876 -0.237627
v -0.934379 0.393101 -0.237627
v -0.995748 0.361832 -0.237627
v -1.048528 0.313711 -0.237627
v -1.080962 0.253507 -0.237627
v -1.092319 0.183731 -0.237627
v -1.082709 0.114537 -0.237627
v -1.051440 0.049674 -0.237627
v -1.003319 -0.000777 -0.237627
v -0.921565 -0.041365 -0.237627
v -0.850042 -0.049941 -0.237627
v -0.798321 -0.025640 -0.237627
v -0.749549 -0.036510 -0.237627
v -0.719967 -0.045664 -0.237627
v -0.692245 -0.059458 -0.237627
v -0.667103 -0.077534 -0.237627
v -0.658061 -0.085214 -0.237628
v -0.467125 -0.001012 -0.237627
v -0.442676 -0.010532 -0.237627
v -0.225778 -0.140043 -0.237627
v -0.513377 0.023685 -0.407682
v -0.656980 0.115702 -0.407682
v -0.646205 0.183731 -0.407682
v -0.656980 0.251759 -0.407682
v -0.688249 0.313129 -0.407682
v -0.736952 0.361832 -0.407682
v -0.798321 0.393101 -0.407682
v -0.866350 0.403876 -0.407682
v -0.934379 0.393101 -0.407682
v -0.995748 0.361832 -0.407682
v -1.048528 0.313711 -0.407682
v -1.080962 0.253507 -0.407682
v -1.092319 0.183731 -0.407682
v -1.082709 0.114537 -0.407682
v -1.051440 0.049674 -0.407682
v -1.003319 -0.000777 -0.407682
v -0.921565 -0.041365 -0.407682
v -0.850042 -0.049941 -0.407682
v -0.798321 -0.025640 -0.407682
v -0.749549 -0.036510 -0.407682
v -0.719967 -0.045664 -0.407682
v -0.692245 -0.059458 -0.407682
v -0.667103 -0.077534 -0.407682
v -0.658061 -0.085214 -0.407682
v -0.467125 -0.001012 -0.407682
v -0.442676 -0.010532 -0.407682
v -0.369872 -0.403876 -0.237627
v -0.513966 -0.403876 -0.237627
v -0.658061 -0.403876 -0.237628
v -0.658061 -0.307755 -0.237628
v -0.658061 -0.188257 -0.237628
v -0.658061 -0.140043 -0.237628
v -0.363609 -0.140043 -0.505961
v -0.364753 -0.188257 -0.506776
v -0.367590 -0.307755 -0.508799
v -0.517718 -0.140043 -0.615844
v -0.517032 -0.188257 -0.615355
v -0.515333 -0.307755 -0.614144
v -0.658061 -0.403876 -0.407682
v -0.658061 -0.188257 -0.715912
v -0.658061 -0.307755 -0.715912
v -0.658061 -0.140043 -0.407682
v -0.658061 -0.188257 -0.407682
v -0.658061 -0.307755 -0.407682
v -0.513966 -0.403876 -0.407682
v -0.369872 -0.403876 -0.407682
v -0.225778 -0.307755 -0.000001
v -0.225778 -0.188257 -0.000001
v -0.225778 -0.140043 -0.000001
v -0.225778 -0.085214 -0.000001
v -0.442676 -0.010532 -0.000001
v -0.467125 -0.001012 -0.000001
v -0.513378 0.023685 -0.000001
v -0.656980 0.115702 -0.000001
v -0.646205 0.183731 -0.000001
v -0.656980 0.251759 -0.000001
v -0.688249 0.313129 -0.000001
v -0.736952 0.361832 -0.000001
v -0.798321 0.393101 -0.000001
v -0.866350 0.403876 -0.000001
v -0.934379 0.393101 -0.000001
v -0.995748 0.361832 -0.000001
v -1.048528 0.313711 -0.000001
v -1.080962 0.253507 -0.000001
v -1.092319 0.183731 -0.000001
v -1.082709 0.114537 -0.000001
v -1.051440 0.049674 -0.000001
v -1.003319 -0.000777 -0.000001
v -0.921565 -0.041365 -0.000001
v -0.850042 -0.049941 -0.000001
v -0.798321 -0.025640 -0.000001
v -0.749549 -0.036510 -0.000001
v -0.719967 -0.045664 -0.000001
v -0.692245 -0.059458 -0.000001
v -0.667102 -0.077534 -0.000001
v -0.658061 -0.085214 -0.000001
v -0.658061 -0.140043 -0.000001
v -0.658061 -0.188257 -0.000001
v -0.658061 -0.307755 -0.000001
v -0.658061 -0.403876 -0.000001
v -0.513966 -0.403876 -0.000001
v -0.369872 -0.403876 -0.000001
v -0.490742 0.010418 0.715912
v -0.467125 -0.001012 0.715912
v -0.513378 0.023685 0.715912
v -0.688249 0.313129 0.715912
v -0.736952 0.361832 0.715912
v -0.798321 0.393101 0.715912
v -0.656980 0.251759 0.715912
v -0.866350 0.403876 0.715912
v -0.646205 0.183731 0.715912
v -0.442676 -0.010532 0.715912
v -0.656980 0.115702 0.715912
v -0.934379 0.393101 0.715912
v -0.995748 0.361832 0.715912
v -0.748484 0.345357 0.715912
v -0.704122 0.300994 0.715912
v -0.860423 0.173899 0.715912
v -0.804384 0.373839 0.715912
v -0.675639 0.245094 0.715912
v -0.866350 0.383654 0.715912
v -0.665824 0.183128 0.715912
v -0.675638 0.121162 0.715912
v -0.928316 0.373839 0.715912
v -0.704121 0.065262 0.715912
v -0.984216 0.345357 0.715912
v -1.048528 0.313711 0.715912
v -0.748484 0.020899 0.715912
v -1.032655 0.301577 0.715912
v -0.804384 -0.007583 0.715912
v -1.062303 0.246841 0.715912
v -0.667103 -0.077534 0.715912
v -0.658061 -0.085214 0.715912
v -0.692245 -0.059458 0.715912
v -0.719967 -0.045664 0.715912
v -0.851496 -0.029719 0.715912
v -1.072700 0.183128 0.715912
v -0.749549 -0.036510 0.715912
v -1.080962 0.253507 0.715912
v -0.916645 -0.021907 0.715912
v -1.064050 0.119997 0.715912
v -0.798321 -0.025640 0.715912
v -0.991787 0.014493 0.715912
v -1.035568 0.060603 0.715912
v -0.477015 -0.307755 0.237627
v -0.477015 -0.188257 0.237627
v -0.225778 -0.188257 0.237627
v -0.225778 -0.307755 0.237627
v -0.369872 -0.403876 0.510425
v -0.513966 -0.403876 0.613169
v -0.850043 -0.049941 0.715912
v -0.477015 -0.188257 0.407682
v -0.225778 -0.188257 0.407682
v -1.092319 0.183731 0.715912
v -0.658061 -0.403876 0.715912
v -0.921565 -0.041365 0.715912
v -1.082710 0.114537 0.715912
v -0.225778 -0.307755 0.407682
v -0.477015 -0.307755 0.407682
v -1.003319 -0.000777 0.715912
v -1.051440 0.049674 0.715912
v -0.369872 -0.140043 0.715912
v -0.369872 -0.085214 0.715912
v -0.225778 -0.085214 0.715912
v -0.225778 -0.140043 0.715912
v -0.500723 -0.027862 0.715912
v -0.658061 -0.140043 0.715912
v -0.225778 -0.140043 0.407682
v -0.526695 -0.016478 0.715912
v -0.553196 -0.004862 0.715912
v -0.579738 0.006771 0.715912
v -0.513966 -0.140043 0.715912
v -0.513966 -0.085214 0.715912
v -0.589608 -0.054398 0.715912
v -0.688249 0.054333 0.715912
v -0.621971 -0.041213 0.715912
v -0.651915 -0.029014 0.715912
v -0.678172 -0.018317 0.715912
v -0.736952 0.005630 0.715912
v -0.225778 -0.403876 0.407682
v -0.225778 -0.403876 0.236916
v -0.225778 -0.085214 0.237627
v -0.225777 -0.085214 0.407682
v -0.513378 0.023685 0.237627
v -0.656980 0.115702 0.237627
v -0.646205 0.183731 0.237627
v -0.656980 0.251759 0.237627
v -0.688249 0.313129 0.237627
v -0.736952 0.361832 0.237627
v -0.798321 0.393101 0.237627
v -0.866350 0.403876 0.237627
v -0.934379 0.393101 0.237627
v -0.995748 0.361832 0.237627
v -1.048528 0.313711 0.237627
v -1.080962 0.253507 0.237627
v -1.092319 0.183731 0.237627
v -1.082709 0.114537 0.237627
v -1.051440 0.049674 0.237627
v -1.003319 -0.000777 0.237627
v -0.921565 -0.041365 0.237627
v -0.850042 -0.049941 0.237627
v -0.798321 -0.025640 0.237627
v -0.749549 -0.036510 0.237627
v -0.719967 -0.045664 0.237627
v -0.692245 -0.059458 0.237627
v -0.667103 -0.077534 0.237627
v -0.658061 -0.085214 0.237627
v -0.467125 -0.001012 0.237627
v -0.442676 -0.010532 0.237627
v -0.225778 -0.140043 0.237627
v -0.513377 0.023685 0.407682
v -0.656980 0.115702 0.407682
v -0.646205 0.183731 0.407682
v -0.656980 0.251759 0.407682
v -0.688249 0.313129 0.407682
v -0.736952 0.361832 0.407682
v -0.798321 0.393101 0.407682
v -0.866350 0.403876 0.407682
v -0.934379 0.393101 0.407682
v -0.995748 0.361832 0.407682
v -1.048528 0.313711 0.407682
v -1.080962 0.253507 0.407682
v -1.092319 0.183731 0.407682
v -1.082709 0.114537 0.407682
v -1.051440 0.049674 0.407682
v -1.003319 -0.000777 0.407682
v -0.921565 -0.041365 0.407682
v -0.850042 -0.049941 0.407682
v -0.798321 -0.025640 0.407682
v -0.749549 -0.036510 0.407682
v -0.719967 -0.045664 0.407682
v -0.692245 -0.059458 0.407682
v -0.667103 -0.077534 0.407682
v -0.658061 -0.085214 0.407682
v -0.467125 -0.001012 0.407682
v -0.442676 -0.010532 0.407682
v -0.369872 -0.403876 0.237626
v -0.513966 -0.403876 0.237627
v -0.658061 -0.403876 0.237627
v -0.658061 -0.307755 0.237627
v -0.658061 -0.188257 0.237627
v -0.658061 -0.140043 0.237627
v -0.363609 -0.140043 0.505960
v -0.364753 -0.188257 0.506775
v -0.367590 -0.307755 0.508798
v -0.517718 -0.140043 0.615844
v -0.517032 -0.188257 0.615354
v -0.515333 -0.307755 0.614143
v -0.658061 -0.403876 0.407682
v -0.658061 -0.188257 0.715912
v -0.658061 -0.307755 0.715912
v -0.658061 -0.140043 0.407682
v -0.658061 -0.188257 0.407682
v -0.658061 -0.307755 0.407682
v -0.513966 -0.403876 0.407682
v -0.369872 -0.403876 0.407682
vt 0.213362 0.704488
vt 0.213360 0.713358
vt 0.154251 0.713350
vt 0.154252 0.708821
vt 0.154253 0.704481
vt 0.213360 0.718047
vt 0.154251 0.718039
vt 0.061146 0.870374
vt 0.069654 0.861868
vt 0.094023 0.891845
vt 0.055682 0.881094
vt 0.080375 0.856408
vt 0.053798 0.892976
vt 0.092258 0.854527
vt 0.104141 0.856411
vt 0.055679 0.904860
vt 0.114860 0.861874
vt 0.061139 0.915581
vt 0.123366 0.870383
vt 0.069534 0.924871
vt 0.128827 0.881103
vt 0.080030 0.930558
vt 0.133071 0.890138
vt 0.092248 0.932553
vt 0.131571 0.902632
vt 0.104354 0.930896
vt 0.124589 0.917041
vt 0.115745 0.925436
vt 0.499565 0.083600
vt 0.477810 0.083597
vt 0.477814 0.037857
vt 0.499570 0.037859
vt 0.174001 0.367134
vt 0.193707 0.339504
vt 0.213410 0.339507
vt 0.213407 0.367139
vt 0.446850 0.083595
vt 0.446853 0.037854
vt 0.425097 0.037853
vt 0.425094 0.083593
vt 0.394134 0.083591
vt 0.394137 0.037851
vt 0.477808 0.105353
vt 0.446847 0.105350
vt 0.057986 0.868162
vt 0.067327 0.858824
vt 0.051988 0.879930
vt 0.079097 0.852829
vt 0.154240 0.797781
vt 0.143726 0.797779
vt 0.143729 0.770146
vt 0.154244 0.770148
vt 0.129402 0.811739
vt 0.132724 0.822871
vt 0.049920 0.892976
vt 0.092143 0.850765
vt 0.127576 0.816427
vt 0.130540 0.827851
vt 0.105189 0.852832
vt 0.051985 0.906022
vt 0.125383 0.820956
vt 0.128312 0.832933
vt 0.122838 0.825296
vt 0.126080 0.838023
vt 0.154236 0.825414
vt 0.143722 0.825412
vt 0.137810 0.839917
vt 0.116957 0.858830
vt 0.057980 0.917792
vt 0.135281 0.846123
vt 0.132941 0.851865
vt 0.130889 0.856900
vt 0.126295 0.868172
vt 0.143718 0.853045
vt 0.142245 0.854779
vt 0.067206 0.927914
vt 0.138778 0.859600
vt 0.136132 0.864916
vt 0.134376 0.870588
vt 0.132290 0.879941
vt 0.078751 0.934136
vt 0.136949 0.889860
vt 0.092132 0.936316
vt 0.135302 0.903576
vt 0.105401 0.934475
vt 0.127517 0.919253
vt 0.117841 0.928480
vt 0.154233 0.853046
vt 0.173426 0.826136
vt 0.213414 0.311874
vt 0.154245 0.759633
vt 0.213354 0.759641
vt 0.213403 0.394772
vt 0.154294 0.394765
vt 0.213353 0.770156
vt 0.213421 0.261279
vt 0.246032 0.261283
vt 0.246031 0.270529
vt 0.213419 0.270525
vt 0.246028 0.293445
vt 0.246162 0.311878
vt 0.213416 0.293441
vt 0.213364 0.686842
vt 0.245976 0.686847
vt 0.245973 0.704493
vt 0.245977 0.673801
vt 0.213366 0.673797
vt 0.245979 0.660755
vt 0.213368 0.660751
vt 0.245981 0.648986
vt 0.213369 0.648982
vt 0.245982 0.639647
vt 0.213370 0.639642
vt 0.245983 0.627878
vt 0.213372 0.627873
vt 0.245985 0.614832
vt 0.213374 0.614828
vt 0.245987 0.601786
vt 0.213375 0.601782
vt 0.245988 0.590017
vt 0.213377 0.590013
vt 0.245990 0.580789
vt 0.213378 0.580785
vt 0.245991 0.569244
vt 0.213380 0.569239
vt 0.245993 0.555863
vt 0.213382 0.555859
vt 0.245995 0.542594
vt 0.213383 0.542589
vt 0.245996 0.530155
vt 0.213385 0.530151
vt 0.245998 0.520480
vt 0.213386 0.520476
vt 0.246000 0.504802
vt 0.213388 0.504798
vt 0.246002 0.491086
vt 0.213390 0.491082
vt 0.246003 0.481168
vt 0.213392 0.481163
vt 0.246004 0.471815
vt 0.213393 0.471810
vt 0.246005 0.466142
vt 0.213394 0.466137
vt 0.213394 0.460821
vt 0.246006 0.460825
vt 0.213395 0.457355
vt 0.246006 0.457359
vt 0.213395 0.455882
vt 0.246006 0.455886
vt 0.154255 0.686834
vt 0.154257 0.673789
vt 0.154259 0.660743
vt 0.154260 0.648974
vt 0.154261 0.639634
vt 0.154263 0.627866
vt 0.154265 0.614820
vt 0.154266 0.601774
vt 0.154268 0.590005
vt 0.154269 0.580777
vt 0.154271 0.569232
vt 0.154272 0.555851
vt 0.154274 0.542582
vt 0.154276 0.530143
vt 0.154277 0.520468
vt 0.154279 0.504790
vt 0.154281 0.491074
vt 0.154282 0.481155
vt 0.154284 0.471802
vt 0.154284 0.466130
vt 0.154285 0.460813
vt 0.154286 0.457347
vt 0.154286 0.455874
vt 0.245972 0.713362
vt 0.245971 0.718051
vt 0.245966 0.759646
vt 0.245964 0.770160
vt 0.291597 0.293451
vt 0.291595 0.311884
vt 0.291591 0.339517
vt 0.246022 0.339511
vt 0.194503 0.796585
vt 0.194416 0.270522
vt 0.194574 0.261276
vt 0.194025 0.293438
vt 0.193711 0.311871
vt 0.173594 0.270519
vt 0.173502 0.261274
vt 0.173824 0.293436
vt 0.174008 0.311869
vt 0.246018 0.367144
vt 0.246014 0.394777
vt 0.154312 0.261271
vt 0.154310 0.270517
vt 0.154307 0.293433
vt 0.154305 0.311866
vt 0.154287 0.445360
vt 0.213396 0.445367
vt 0.246008 0.445372
vt 0.154288 0.436114
vt 0.213397 0.436121
vt 0.246009 0.436126
vt 0.154291 0.413198
vt 0.213401 0.413205
vt 0.246012 0.413210
vt 0.291600 0.270535
vt 0.291602 0.261289
vt 0.291535 0.759652
vt 0.291534 0.770166
vt 0.291541 0.718057
vt 0.291541 0.713369
vt 0.291543 0.704499
vt 0.291545 0.686853
vt 0.291547 0.673807
vt 0.291548 0.660761
vt 0.291550 0.648992
vt 0.291551 0.639653
vt 0.291553 0.627884
vt 0.291555 0.614838
vt 0.291556 0.601792
vt 0.291558 0.590023
vt 0.291559 0.580795
vt 0.291561 0.569250
vt 0.291563 0.555869
vt 0.291564 0.542600
vt 0.291566 0.530161
vt 0.291567 0.520486
vt 0.291569 0.504808
vt 0.291571 0.491092
vt 0.291572 0.481174
vt 0.291574 0.471821
vt 0.291574 0.466148
vt 0.291575 0.460831
vt 0.291576 0.457365
vt 0.291576 0.455892
vt 0.291577 0.445378
vt 0.291579 0.436132
vt 0.291582 0.413216
vt 0.291584 0.394783
vt 0.291588 0.367150
vt 0.369724 0.704509
vt 0.428833 0.704517
vt 0.428832 0.708858
vt 0.428832 0.713387
vt 0.369723 0.713379
vt 0.428831 0.718076
vt 0.369722 0.718068
vt 0.521896 0.870435
vt 0.489014 0.891897
vt 0.513390 0.861926
vt 0.527357 0.881155
vt 0.502671 0.856463
vt 0.529238 0.893039
vt 0.490788 0.854579
vt 0.478904 0.856460
vt 0.527354 0.904922
vt 0.468184 0.861921
vt 0.521891 0.915641
vt 0.459676 0.870427
vt 0.513494 0.924929
vt 0.454212 0.881146
vt 0.502997 0.930613
vt 0.449966 0.890180
vt 0.490778 0.932606
vt 0.451463 0.902674
vt 0.478672 0.930945
vt 0.458441 0.917085
vt 0.467283 0.925482
vt 0.554228 0.089268
vt 0.508489 0.089014
vt 0.508609 0.067259
vt 0.554349 0.067512
vt 0.409175 0.367166
vt 0.369769 0.367160
vt 0.369772 0.339528
vt 0.389475 0.339530
vt 0.631221 0.036980
vt 0.631048 0.067939
vt 0.585309 0.067684
vt 0.585482 0.036724
vt 0.508317 0.119974
vt 0.554057 0.120227
vt 0.585188 0.089440
vt 0.630927 0.089695
vt 0.525056 0.868224
vt 0.515718 0.858883
vt 0.531051 0.879993
vt 0.503950 0.852885
vt 0.428821 0.797817
vt 0.428824 0.770184
vt 0.439338 0.770185
vt 0.439335 0.797818
vt 0.453655 0.811782
vt 0.450331 0.822913
vt 0.533116 0.893039
vt 0.490904 0.850817
vt 0.455480 0.816471
vt 0.452513 0.827894
vt 0.477858 0.852882
vt 0.531048 0.906085
vt 0.457671 0.821000
vt 0.454740 0.832976
vt 0.460215 0.825341
vt 0.456970 0.838066
vt 0.428817 0.825450
vt 0.439332 0.825451
vt 0.445239 0.839958
vt 0.466088 0.858877
vt 0.525050 0.917853
vt 0.447767 0.846164
vt 0.450106 0.851907
vt 0.452157 0.856942
vt 0.456748 0.868215
vt 0.440801 0.854818
vt 0.439328 0.853084
vt 0.515821 0.927973
vt 0.444267 0.859640
vt 0.446911 0.864957
vt 0.448666 0.870630
vt 0.450750 0.879983
vt 0.504274 0.934192
vt 0.446088 0.889901
vt 0.490894 0.936368
vt 0.447731 0.903617
vt 0.477625 0.934524
vt 0.455513 0.919296
vt 0.465186 0.928526
vt 0.428814 0.853083
vt 0.409627 0.826167
vt 0.369776 0.311894
vt 0.428825 0.759670
vt 0.369716 0.759662
vt 0.369765 0.394793
vt 0.428874 0.394801
vt 0.369715 0.770177
vt 0.369783 0.261299
vt 0.369782 0.270545
vt 0.337170 0.270541
vt 0.337171 0.261295
vt 0.337167 0.293457
vt 0.369779 0.293461
vt 0.337028 0.311890
vt 0.337112 0.704505
vt 0.337115 0.686859
vt 0.369726 0.686863
vt 0.337116 0.673813
vt 0.369728 0.673817
vt 0.337118 0.660767
vt 0.369730 0.660772
vt 0.337120 0.648998
vt 0.369731 0.649003
vt 0.337121 0.639659
vt 0.369732 0.639663
vt 0.337123 0.627890
vt 0.369734 0.627894
vt 0.337124 0.614844
vt 0.369736 0.614848
vt 0.337126 0.601798
vt 0.369738 0.601803
vt 0.337128 0.590030
vt 0.369739 0.590034
vt 0.337129 0.580801
vt 0.369740 0.580806
vt 0.337130 0.569256
vt 0.369742 0.569260
vt 0.337132 0.555875
vt 0.369744 0.555879
vt 0.337134 0.542606
vt 0.369745 0.542610
vt 0.337136 0.530167
vt 0.369747 0.530171
vt 0.337137 0.520492
vt 0.369748 0.520496
vt 0.337139 0.504814
vt 0.369750 0.504819
vt 0.337141 0.491098
vt 0.369752 0.491103
vt 0.337142 0.481180
vt 0.369754 0.481184
vt 0.337143 0.471827
vt 0.369755 0.471831
vt 0.337144 0.466154
vt 0.369756 0.466158
vt 0.337145 0.460838
vt 0.369756 0.460842
vt 0.337145 0.457371
vt 0.369757 0.457375
vt 0.337146 0.455898
vt 0.369757 0.455903
vt 0.428835 0.686871
vt 0.428837 0.673825
vt 0.428839 0.660779
vt 0.428840 0.649011
vt 0.428841 0.639671
vt 0.428843 0.627902
vt 0.428845 0.614856
vt 0.428847 0.601811
vt 0.428848 0.590042
vt 0.428849 0.580814
vt 0.428851 0.569268
vt 0.428853 0.555887
vt 0.428854 0.542618
vt 0.428856 0.530179
vt 0.428857 0.520504
vt 0.428859 0.504826
vt 0.428861 0.491111
vt 0.428863 0.481192
vt 0.428864 0.471839
vt 0.428865 0.466166
vt 0.428865 0.460850
vt 0.428866 0.457383
vt 0.428866 0.455911
vt 0.337111 0.713375
vt 0.337110 0.718063
vt 0.337105 0.759658
vt 0.337103 0.770172
vt 0.337161 0.339523
vt 0.388558 0.796611
vt 0.388785 0.270548
vt 0.388629 0.261302
vt 0.389170 0.293464
vt 0.389479 0.311897
vt 0.409607 0.270551
vt 0.409702 0.261305
vt 0.409372 0.293467
vt 0.409182 0.311900
vt 0.337157 0.367156
vt 0.337154 0.394789
vt 0.428892 0.261307
vt 0.428891 0.270553
vt 0.428888 0.293469
vt 0.428885 0.311902
vt 0.369758 0.445388
vt 0.428867 0.445396
vt 0.337147 0.445384
vt 0.369760 0.436142
vt 0.428869 0.436150
vt 0.337148 0.436138
vt 0.369763 0.413226
vt 0.428872 0.413234
vt 0.337151 0.413222
vn 0.523709 0.851897 -0.000256
vn 0.471017 0.882123 -0.001690
vn 0.471017 0.882123 -0.001690
vn 0.471017 0.882123 -0.001690
vn 0.522648 0.850172 -0.063610
vn 0.362847 0.931849 0.000000
vn 0.362847 0.931849 0.000000
vn 0.362847 0.931849 0.000000
vn 0.362847 0.931849 0.000000
vn 0.000002 0.000000 -1.000000
vn -0.000001 0.000000 -1.000000
vn 0.000000 0.000000 -1.000000
vn 0.000001 0.000000 -1.000000
vn 0.000002 0.000000 -1.000000
vn 0.000000 0.000000 -1.000000
vn -0.000001 0.000000 -1.000000
vn -0.000004 0.000000 -1.000000
vn 0.000000 0.000000 -1.000000
vn 0.000000 0.000000 -1.000000
vn 0.000001 0.000000 -1.000000
vn 0.000000 0.000000 -1.000000
vn -0.000004 0.000000 -1.000000
vn -0.000002 0.000000 -1.000000
vn -0.000005 0.000000 -1.000000
vn -0.000002 0.000000 -1.000000
vn 0.000001 0.000000 -1.000000
vn -0.000002 0.000000 -1.000000
vn 0.000003 0.000000 -1.000000
vn 0.000000 0.000000 -1.000000
vn 0.000000 0.000000 -1.000000
vn 0.000000 0.000000 -1.000000
vn 0.000000 0.000000 -1.000000
vn 0.000000 0.000000 -1.000000
vn 0.000002 0.000000 -1.000000
vn 0.000003 0.000000 -1.000000
vn 0.000009 0.000000 -1.000000
vn 0.000000 0.000000 -1.000000
vn 0.000000 0.000000 -1.000000
vn 0.000000 0.000000 -1.000000
vn 0.000001 0.000000 -1.000000
vn 0.000002 0.000000 -1.000000
vn 0.000000 0.000000 -1.000000
vn 0.000000 0.000000 -1.000000
vn 0.000000 0.000000 -1.000000
vn 0.000000 0.000000 -1.000000
vn 0.000000 0.000000 -1.000000
vn 0.000001 0.000000 -1.000000
vn 0.000000 0.000000 -1.000000
vn 0.000006 0.000000 -1.000000
vn -0.000006 0.000000 -1.000000
vn 0.000012 0.000000 -1.000000
vn -0.000002 0.000000 -1.000000
vn 0.000000 0.000000 -1.000000
vn -0.000002 0.000000 -1.000000
vn -0.000006 0.000000 -1.000000
vn -0.000006 0.000000 -1.000000
vn -0.000018 0.000000 -1.000000
vn -0.000002 0.000000 -1.000000
vn -0.000002 0.000000 -1.000000
vn -0.000004 0.000000 -1.000000
vn -0.000006 0.000000 -1.000000
vn 0.000004 0.000000 -1.000000
vn 0.000000 0.000000 -1.000000
vn 0.000002 0.000000 -1.000000
vn -0.000002 0.000000 -1.000000
vn -0.000009 0.000000 -1.000000
vn 0.000004 0.000000 -1.000000
vn 0.000002 0.000000 -1.000000
vn 0.000009 0.000000 -1.000000
vn 0.000000 0.000000 -1.000000
vn 0.000000 0.000000 -1.000000
vn 0.000000 0.000000 -1.000000
vn 0.000000 0.000000 -1.000000
vn 0.000000 -1.000000 0.000000
vn 0.000000 -1.000000 0.000000
vn 0.000000 -1.000000 0.000000
vn 0.000000 -1.000000 0.000000
vn 0.000000 -1.000000 0.000000
vn 0.000000 -1.000000 0.000000
vn 0.000000 -1.000000 0.000000
vn 0.000000 -1.000000 0.000000
vn 0.000000 1.000000 0.000000
vn 0.000000 1.000000 0.000000
vn 0.000000 1.000000 0.000000
vn 0.000000 1.000000 0.000000
vn 0.000000 0.000000 1.000000
vn 0.000000 0.000000 1.000000
vn 0.000000 0.000000 1.000000
vn 0.000000 0.000000 1.000000
vn 1.000000 0.000000 0.000000
vn 1.000000 0.000000 0.000000
vn 1.000000 0.000000 0.000000
vn 1.000000 0.000000 0.000000
vn 0.586865 0.807746 -0.056008
vn 0.807763 0.586876 -0.055640
vn -0.000001 0.000000 -1.000000
vn 0.000002 0.000000 -1.000000
vn 0.308528 0.949551 -0.056245
vn 0.586865 0.807746 -0.056008
vn 0.000002 0.000000 -1.000000
vn 0.000001 0.000000 -1.000000
vn 0.807763 0.586876 -0.055640
vn 0.949607 0.308549 -0.055175
vn -0.000004 0.000000 -1.000000
vn -0.000001 0.000000 -1.000000
vn 0.000004 0.000000 -1.000000
vn 0.000004 0.000000 -1.000000
vn 0.000004 0.000000 -1.000000
vn 0.000004 0.000000 -1.000000
vn 0.000000 0.000000 -1.000000
vn 0.000000 0.000000 -1.000000
vn 0.000000 0.000000 -1.000000
vn 0.000000 0.000000 -1.000000
vn 0.000000 0.998412 -0.056326
vn 0.308528 0.949551 -0.056245
vn 0.000001 0.000000 -1.000000
vn 0.000000 0.000000 -1.000000
vn 0.949607 0.308549 -0.055175
vn 0.998505 0.000000 -0.054658
vn -0.000002 0.000000 -1.000000
vn -0.000004 0.000000 -1.000000
vn 0.000007 0.000000 -1.000000
vn 0.000007 0.000000 -1.000000
vn 0.000007 0.000000 -1.000000
vn 0.000007 0.000000 -1.000000
vn 0.998505 0.000000 -0.054658
vn 0.760148 0.630871 -0.155492
vn 0.000001 0.000000 -1.000000
vn -0.000002 0.000000 -1.000000
vn -0.308528 0.949551 -0.056245
vn 0.000000 0.998412 -0.056326
vn 0.000000 0.000000 -1.000000
vn 0.000003 0.000000 -1.000000
vn 0.000000 0.000000 -1.000000
vn 0.000000 0.000000 -1.000000
vn 0.000000 0.000000 -1.000000
vn 0.000000 0.000000 -1.000000
vn -0.000006 0.000000 -1.000000
vn -0.000006 0.000000 -1.000000
vn -0.000006 0.000000 -1.000000
vn -0.000006 0.000000 -1.000000
vn -0.000004 0.000000 -1.000000
vn -0.000004 0.000000 -1.000000
vn -0.000004 0.000000 -1.000000
vn -0.000004 0.000000 -1.000000
vn -0.000002 0.000000 -1.000000
vn -0.000002 0.000000 -1.000000
vn -0.000002 0.000000 -1.000000
vn -0.000002 0.000000 -1.000000
vn 0.760148 0.630871 -0.155492
vn 0.522648 0.850172 -0.063610
vn 0.000000 0.000000 -1.000000
vn 0.000000 0.000000 -1.000000
vn 0.000001 0.000000 -1.000000
vn 0.760148 0.630871 -0.155492
vn 0.000000 0.000000 -1.000000
vn 0.000000 0.000000 -1.000000
vn -0.570055 0.819642 -0.056772
vn -0.308528 0.949551 -0.056245
vn 0.000003 0.000000 -1.000000
vn 0.000002 0.000000 -1.000000
vn 0.000000 0.000000 -1.000000
vn 0.000000 0.000000 -1.000000
vn 0.000000 0.000000 -1.000000
vn 0.000000 0.000000 -1.000000
vn 0.000004 0.000000 -1.000000
vn 0.000004 0.000000 -1.000000
vn 0.000004 0.000000 -1.000000
vn 0.000004 0.000000 -1.000000
vn 0.000000 0.000000 -1.000000
vn 0.000000 0.000000 -1.000000
vn 0.000000 0.000000 -1.000000
vn 0.000000 0.000000 -1.000000
vn 0.000001 0.000000 -1.000000
vn 0.000001 0.000000 -1.000000
vn 0.000001 0.000000 -1.000000
vn 0.000001 0.000000 -1.000000
vn 0.000003 0.000000 -1.000000
vn 0.000003 0.000000 -1.000000
vn 0.000003 0.000000 -1.000000
vn 0.000003 0.000000 -1.000000
vn -0.000009 0.000000 -1.000000
vn -0.000009 0.000000 -1.000000
vn -0.000009 0.000000 -1.000000
vn -0.000009 0.000000 -1.000000
vn -0.784757 0.617330 -0.055325
vn -0.570055 0.819642 -0.056772
vn 0.000002 0.000000 -1.000000
vn 0.000001 0.000000 -1.000000
vn 0.000000 0.000000 -1.000000
vn 0.000000 0.000000 -1.000000
vn 0.000000 0.000000 -1.000000
vn 0.000000 0.000000 -1.000000
vn 0.000000 0.000000 -1.000000
vn 0.000000 0.000000 -1.000000
vn 0.000000 0.000000 -1.000000
vn 0.000000 0.000000 -1.000000
vn 0.000000 0.000000 -1.000000
vn 0.000000 0.000000 -1.000000
vn 0.000000 0.000000 -1.000000
vn 0.000000 0.000000 -1.000000
vn 0.000000 0.000000 -1.000000
vn 0.000000 0.000000 -1.000000
vn -0.244113 -0.955213 -0.167262
vn 0.131733 -0.985623 -0.105804
vn -0.000012 0.000000 -1.000000
vn -0.000012 0.000000 -1.000000
vn 0.131733 -0.985623 -0.105804
vn 0.000006 0.000000 -1.000000
vn -0.946233 0.318792 -0.054916
vn -0.784757 0.617330 -0.055325
vn 0.000001 0.000000 -1.000000
vn 0.000000 0.000000 -1.000000
vn 0.131733 -0.985623 -0.105804
vn 0.126397 -0.990615 -0.052017
vn -0.000006 0.000000 -1.000000
vn 0.000006 0.000000 -1.000000
vn -0.998410 0.012554 -0.054950
vn -0.946233 0.318792 -0.054916
vn 0.000000 0.000000 -1.000000
vn -0.000002 0.000000 -1.000000
vn 0.126397 -0.990615 -0.052017
vn -0.304974 -0.950799 -0.054521
vn -0.000006 0.000000 -1.000000
vn -0.000006 0.000000 -1.000000
vn -0.955108 -0.291246 -0.054266
vn -0.998410 0.012554 -0.054950
vn -0.000002 0.000000 -1.000000
vn -0.000002 0.000000 -1.000000
vn -0.304974 -0.950799 -0.054521
vn -0.573177 -0.817692 -0.053374
vn 0.000004 0.000000 -1.000000
vn -0.000006 0.000000 -1.000000
vn -0.822477 -0.566250 -0.053785
vn -0.955108 -0.291246 -0.054266
vn -0.000002 0.000000 -1.000000
vn 0.000002 0.000000 -1.000000
vn -0.573177 -0.817692 -0.053374
vn -0.822477 -0.566250 -0.053785
vn 0.000002 0.000000 -1.000000
vn 0.000004 0.000000 -1.000000
vn 0.000000 -1.000000 0.000000
vn 0.000000 -1.000000 0.000000
vn 0.000000 -1.000000 0.000000
vn 0.000000 -1.000000 0.000000
vn 0.000000 -1.000000 0.000000
vn 0.000000 -1.000000 0.000000
vn 0.325562 0.945521 0.000000
vn 0.325562 0.945521 0.000000
vn 0.325562 0.945521 0.000000
vn 0.325562 0.945521 0.000000
vn 0.000000 -1.000000 0.000000
vn 0.000000 -1.000000 0.000000
vn 0.000000 -1.000000 0.000000
vn 0.000000 -1.000000 0.000000
vn 1.000000 -0.000001 0.000000
vn 1.000000 -0.000001 0.000000
vn 1.000000 -0.000001 0.000000
vn 1.000000 -0.000001 0.000000
vn 1.000000 0.000000 0.000000
vn 1.000000 0.000000 0.000000
vn 1.000000 0.000000 0.000000
vn 1.000000 0.000000 0.000000
vn 1.000000 0.000000 0.000000
vn 1.000000 0.000000 0.000000
vn 1.000000 0.000000 0.000000
vn 1.000000 0.000000 0.000000
vn 0.523709 0.851897 -0.000256
vn 0.769507 0.638639 0.000000
vn 0.769507 0.638639 0.000000
vn 0.523710 0.851897 0.000000
vn 1.000000 -0.000000 0.000000
vn 0.769507 0.638639 0.000000
vn 0.769507 0.638639 0.000000
vn 1.000000 -0.000000 0.000000
vn 0.951056 0.309018 0.000000
vn 1.000000 -0.000000 0.000000
vn 1.000000 -0.000000 0.000000
vn 0.951056 0.309019 0.000000
vn 0.809016 0.587786 0.000000
vn 0.951056 0.309018 0.000000
vn 0.951056 0.309019 0.000000
vn 0.809017 0.587786 0.000000
vn 0.587787 0.809016 0.000000
vn 0.809016 0.587786 0.000000
vn 0.809017 0.587786 0.000000
vn 0.587787 0.809016 0.000000
vn 0.309017 0.951057 0.000000
vn 0.587787 0.809016 0.000000
vn 0.587787 0.809016 0.000000
vn 0.309017 0.951057 0.000000
vn 0.000000 1.000000 0.000000
vn 0.309017 0.951057 0.000000
vn 0.309017 0.951057 0.000000
vn 0.000000 1.000000 0.000000
vn -0.309018 0.951056 0.000000
vn 0.000000 1.000000 0.000000
vn 0.000000 1.000000 0.000000
vn -0.309018 0.951056 0.000000
vn -0.570977 0.820966 0.000000
vn -0.309018 0.951056 0.000000
vn -0.309018 0.951056 0.000000
vn -0.570976 0.820967 0.000000
vn -0.785960 0.618278 0.000000
vn -0.570977 0.820966 0.000000
vn -0.570976 0.820967 0.000000
vn -0.785960 0.618277 0.000000
vn -0.947662 0.319274 0.000000
vn -0.785960 0.618278 0.000000
vn -0.785960 0.618277 0.000000
vn -0.947663 0.319274 -0.000000
vn -0.999921 0.012571 0.000000
vn -0.947662 0.319274 0.000000
vn -0.947663 0.319274 -0.000000
vn -0.999921 0.012572 -0.000000
vn -0.956517 -0.291676 0.000000
vn -0.999921 0.012571 0.000000
vn -0.999921 0.012572 -0.000000
vn -0.956517 -0.291675 0.000000
vn -0.823670 -0.567069 0.000000
vn -0.956517 -0.291676 0.000000
vn -0.956517 -0.291675 0.000000
vn -0.823670 -0.567070 0.000000
vn -0.573995 -0.818859 0.000000
vn -0.823670 -0.567069 0.000000
vn -0.823670 -0.567070 0.000000
vn -0.573995 -0.818859 0.000000
vn -0.305428 -0.952215 0.000000
vn -0.573995 -0.818859 0.000000
vn -0.573995 -0.818859 0.000000
vn -0.305428 -0.952215 0.000000
vn 0.126568 -0.991958 0.000000
vn -0.305428 -0.952215 0.000000
vn -0.305428 -0.952215 0.000000
vn 0.126568 -0.991958 0.000000
vn 0.132477 -0.991186 0.000000
vn 0.126568 -0.991958 0.000000
vn 0.126568 -0.991958 0.000000
vn 0.132477 -0.991186 0.000000
vn -0.247601 -0.968862 0.000000
vn 0.132477 -0.991186 0.000000
vn 0.132477 -0.991186 0.000000
vn -0.247601 -0.968862 0.000000
vn -0.295612 -0.955308 0.000000
vn -0.247601 -0.968862 0.000000
vn -0.247601 -0.968862 0.000000
vn -0.295612 -0.955308 0.000000
vn -0.445487 -0.895289 0.000000
vn -0.445487 -0.895289 0.000000
vn -0.445487 -0.895289 0.000000
vn -0.445487 -0.895289 0.000000
vn -0.583745 -0.811937 0.000000
vn -0.583745 -0.811937 0.000000
vn -0.583745 -0.811937 0.000000
vn -0.583745 -0.811937 0.000000
vn -0.647388 -0.762161 0.000000
vn -0.647388 -0.762161 0.000000
vn -0.647388 -0.762161 0.000000
vn -0.647388 -0.762161 0.000000
vn 0.522648 0.850172 -0.063610
vn 0.760148 0.630871 -0.155492
vn 0.769507 0.638639 0.000000
vn 0.523709 0.851897 -0.000256
vn 1.000000 -0.000000 0.000000
vn 0.769507 0.638639 0.000000
vn 0.760148 0.630871 -0.155492
vn 0.998505 0.000000 -0.054658
vn 0.951056 0.309019 0.000000
vn 1.000000 -0.000000 0.000000
vn 0.998505 0.000000 -0.054658
vn 0.949607 0.308549 -0.055175
vn 0.809017 0.587786 0.000000
vn 0.951056 0.309019 0.000000
vn 0.949607 0.308549 -0.055175
vn 0.807763 0.586876 -0.055640
vn 0.587787 0.809016 0.000000
vn 0.809017 0.587786 0.000000
vn 0.807763 0.586876 -0.055640
vn 0.586865 0.807746 -0.056008
vn 0.309017 0.951057 0.000000
vn 0.587787 0.809016 0.000000
vn 0.586865 0.807746 -0.056008
vn 0.308528 0.949551 -0.056245
vn 0.000000 1.000000 0.000000
vn 0.309017 0.951057 0.000000
vn 0.308528 0.949551 -0.056245
vn 0.000000 0.998412 -0.056326
vn -0.309018 0.951056 0.000000
vn 0.000000 1.000000 0.000000
vn 0.000000 0.998412 -0.056326
vn -0.308528 0.949551 -0.056245
vn -0.570976 0.820967 0.000000
vn -0.309018 0.951056 0.000000
vn -0.308528 0.949551 -0.056245
vn -0.570055 0.819642 -0.056772
vn -0.785960 0.618277 0.000000
vn -0.570976 0.820967 0.000000
vn -0.570055 0.819642 -0.056772
vn -0.784757 0.617330 -0.055325
vn -0.947663 0.319274 -0.000000
vn -0.785960 0.618277 0.000000
vn -0.784757 0.617330 -0.055325
vn -0.946233 0.318792 -0.054916
vn -0.999921 0.012572 -0.000000
vn -0.947663 0.319274 -0.000000
vn -0.946233 0.318792 -0.054916
vn -0.998410 0.012554 -0.054950
vn -0.956517 -0.291675 0.000000
vn -0.999921 0.012572 -0.000000
vn -0.998410 0.012554 -0.054950
vn -0.955108 -0.291246 -0.054266
vn -0.823670 -0.567070 0.000000
vn -0.956517 -0.291675 0.000000
vn -0.955108 -0.291246 -0.054266
vn -0.822477 -0.566250 -0.053785
vn -0.573995 -0.818859 0.000000
vn -0.823670 -0.567070 0.000000
vn -0.822477 -0.566250 -0.053785
vn -0.573177 -0.817692 -0.053374
vn -0.305428 -0.952215 0.000000
vn -0.573995 -0.818859 0.000000
vn -0.573177 -0.817692 -0.053374
vn -0.304974 -0.950799 -0.054521
vn 0.126568 -0.991958 0.000000
vn -0.305428 -0.952215 0.000000
vn -0.304974 -0.950799 -0.054521
vn 0.126397 -0.990615 -0.052017
vn 0.132477 -0.991186 0.000000
vn 0.126568 -0.991958 0.000000
vn 0.126397 -0.990615 -0.052017
vn 0.131733 -0.985623 -0.105804
vn -0.247601 -0.968862 0.000000
vn 0.132477 -0.991186 0.000000
vn 0.131733 -0.985623 -0.105804
vn -0.244113 -0.955213 -0.167262
vn -0.295612 -0.955308 0.000000
vn -0.247601 -0.968862 0.000000
vn -0.244113 -0.955213 -0.167262
vn -0.295612 -0.955308 0.000000
vn -0.445487 -0.895289 0.000000
vn -0.445487 -0.895288 0.000000
vn -0.445487 -0.895289 0.000000
vn -0.445487 -0.895288 0.000000
vn -0.583745 -0.811937 0.000000
vn -0.583745 -0.811937 0.000000
vn -0.583745 -0.811937 0.000000
vn -0.583745 -0.811937 0.000000
vn -0.647387 -0.762161 0.000000
vn -0.647387 -0.762161 0.000000
vn -0.647387 -0.762161 0.000000
vn -0.647387 -0.762161 0.000000
vn 0.523710 0.851897 0.000000
vn 0.471019 0.882123 0.000001
vn 0.471019 0.882123 0.000001
vn 0.523709 0.851897 -0.000256
vn 0.362843 0.931850 0.000000
vn 0.362843 0.931850 0.000000
vn 0.362843 0.931850 0.000000
vn 0.362843 0.931850 0.000000
vn 0.325562 0.945521 0.000000
vn 0.325562 0.945521 0.000000
vn 0.325562 0.945521 0.000000
vn 0.325562 0.945521 0.000000
vn 1.000000 -0.000001 0.000000
vn 1.000000 -0.000001 0.000000
vn 1.000000 -0.000001 0.000000
vn 1.000000 -0.000001 0.000000
vn 1.000000 -0.000000 0.000000
vn 1.000000 -0.000000 0.000000
vn 1.000000 -0.000000 0.000000
vn 1.000000 -0.000000 0.000000
vn 0.000000 -1.000000 0.000000
vn 0.000000 -1.000000 0.000000
vn 0.000000 -1.000000 0.000000
vn 0.000000 -1.000000 0.000000
vn 0.000004 0.000000 -1.000000
vn 0.000004 0.000000 -1.000000
vn 0.000004 0.000000 -1.000000
vn 0.000004 0.000000 -1.000000
vn 0.000000 -1.000000 0.000000
vn 0.000000 -1.000000 0.000000
vn 0.000000 -1.000000 0.000000
vn 0.000000 -1.000000 0.000000
vn 0.580560 -0.000002 -0.814217
vn 0.580560 -0.000002 -0.814217
vn 0.580560 -0.000002 -0.814217
vn 0.580560 -0.000002 -0.814217
vn 0.580560 0.000000 -0.814218
vn 0.580560 0.000000 -0.814218
vn 0.580560 0.000000 -0.814218
vn 0.580560 0.000000 -0.814218
vn 0.580561 0.000000 -0.814217
vn 0.580561 0.000000 -0.814217
vn 0.580561 0.000000 -0.814217
vn 0.580561 0.000000 -0.814217
vn 0.000000 -1.000000 0.000000
vn 0.000000 -1.000000 0.000000
vn 0.000000 -1.000000 0.000000
vn 0.000000 -1.000000 0.000000
vn 0.580559 -0.000003 -0.814218
vn 0.580559 -0.000003 -0.814218
vn 0.580559 -0.000003 -0.814218
vn 0.580559 -0.000003 -0.814218
vn 0.580561 0.000002 -0.814217
vn 0.580561 0.000002 -0.814217
vn 0.580561 0.000002 -0.814217
vn 0.580561 0.000002 -0.814217
vn 0.580560 -0.000001 -0.814218
vn 0.580560 -0.000001 -0.814218
vn 0.580560 -0.000001 -0.814218
vn 0.580560 -0.000001 -0.814218
vn 0.000000 -1.000000 0.000000
vn 0.000000 -1.000000 0.000000
vn 0.000000 -1.000000 0.000000
vn 0.000000 -1.000000 0.000000
vn 0.000000 -1.000000 0.000000
vn 0.000000 -1.000000 0.000000
vn 0.000000 -1.000000 0.000000
vn 0.000000 -1.000000 0.000000
vn 0.000000 -1.000000 0.000000
vn 0.000000 -1.000000 0.000000
vn 0.000000 -1.000000 0.000000
vn 0.000000 -1.000000 0.000000
vn 0.580560 -0.000001 -0.814217
vn 0.580560 -0.000001 -0.814217
vn 0.580560 -0.000001 -0.814217
vn 0.580560 -0.000001 -0.814217
vn 0.580559 0.000001 -0.814218
vn 0.580559 0.000001 -0.814218
vn 0.580559 0.000001 -0.814219
vn 0.580559 0.000001 -0.814218
vn 0.580560 -0.000001 -0.814217
vn 0.580560 -0.000001 -0.814217
vn 0.580560 -0.000001 -0.814217
vn 0.580560 -0.000001 -0.814217
vn -1.000000 0.000000 0.000000
vn -1.000000 0.000000 0.000000
vn -1.000000 0.000000 0.000000
vn -1.000000 0.000000 0.000000
vn -1.000000 0.000000 0.000000
vn -1.000000 0.000000 0.000000
vn -1.000000 0.000000 0.000000
vn -1.000000 0.000000 0.000000
vn -1.000000 0.000000 0.000000
vn -1.000000 0.000000 0.000000
vn -1.000000 0.000000 0.000000
vn -1.000000 0.000000 0.000000
vn -1.000000 0.000000 0.000000
vn -1.000000 0.000000 0.000000
vn -1.000000 0.000000 0.000000
vn -1.000000 0.000000 0.000000
vn -1.000000 0.000000 0.000000
vn -1.000000 0.000000 0.000000
vn -1.000000 0.000000 0.000000
vn -1.000000 0.000000 0.000000
vn -1.000000 0.000000 0.000000
vn -1.000000 0.000000 0.000000
vn -1.000000 0.000000 0.000000
vn -1.000000 0.000000 0.000000
vn -1.000000 0.000000 0.000000
vn -1.000000 0.000000 0.000000
vn -1.000000 0.000000 0.000000
vn -1.000000 0.000000 0.000000
vn -1.000000 0.000000 0.000000
vn -1.000000 0.000000 0.000000
vn -1.000000 0.000000 0.000000
vn -1.000000 0.000000 0.000000
vn 1.000000 0.000000 0.000000
vn 1.000000 0.000000 0.000000
vn 1.000000 0.000000 0.000000
vn 1.000000 0.000000 0.000000
vn 1.000000 0.000000 0.000000
vn 1.000000 0.000000 0.000000
vn 1.000000 0.000000 0.000000
vn 1.000000 0.000000 0.000000
vn 1.000000 0.000000 0.000000
vn 1.000000 0.000000 0.000000
vn 1.000000 0.000000 0.000000
vn 1.000000 0.000000 0.000000
vn 0.325561 0.945521 0.000000
vn 0.325561 0.945521 0.000000
vn 0.325561 0.945521 0.000000
vn 0.325561 0.945521 0.000000
vn 0.362841 0.931851 0.000000
vn 0.362841 0.931851 0.000000
vn 0.362841 0.931851 0.000000
vn 0.362841 0.931851 0.000000
vn 0.523710 0.851897 0.000000
vn 0.471020 0.882123 0.000000
vn 0.471020 0.882123 0.000000
vn 0.523710 0.851897 0.000000
vn 0.523710 0.851897 0.000000
vn 0.769507 0.638639 0.000000
vn 0.769507 0.638639 0.000000
vn 0.523710 0.851897 0.000000
vn 1.000000 -0.000000 0.000000
vn 0.769507 0.638639 0.000000
vn 0.769507 0.638639 0.000000
vn 1.000000 -0.000000 0.000000
vn 0.951056 0.309018 0.000000
vn 1.000000 -0.000000 0.000000
vn 1.000000 -0.000000 0.000000
vn 0.951056 0.309018 0.000000
vn 0.809016 0.587786 0.000000
vn 0.951056 0.309018 0.000000
vn 0.951056 0.309018 0.000000
vn 0.809016 0.587786 0.000000
vn 0.587787 0.809016 0.000000
vn 0.809016 0.587786 0.000000
vn 0.809016 0.587786 0.000000
vn 0.587787 0.809016 0.000000
vn 0.309017 0.951057 0.000000
vn 0.587787 0.809016 0.000000
vn 0.587787 0.809016 0.000000
vn 0.309017 0.951057 0.000000
vn 0.000000 1.000000 0.000000
vn 0.309017 0.951057 0.000000
vn 0.309017 0.951057 0.000000
vn 0.000000 1.000000 0.000000
vn -0.309018 0.951056 0.000000
vn 0.000000 1.000000 0.000000
vn 0.000000 1.000000 0.000000
vn -0.309018 0.951056 0.000000
vn -0.570977 0.820966 0.000000
vn -0.309018 0.951056 0.000000
vn -0.309018 0.951056 0.000000
vn -0.570977 0.820966 0.000000
vn -0.785960 0.618278 0.000000
vn -0.570977 0.820966 0.000000
vn -0.570977 0.820966 0.000000
vn -0.785960 0.618278 0.000000
vn -0.947663 0.319274 0.000000
vn -0.785960 0.618278 0.000000
vn -0.785960 0.618278 0.000000
vn -0.947662 0.319274 0.000000
vn -0.999921 0.012571 0.000000
vn -0.947663 0.319274 0.000000
vn -0.947662 0.319274 0.000000
vn -0.999921 0.012571 0.000000
vn -0.956517 -0.291676 0.000000
vn -0.999921 0.012571 0.000000
vn -0.999921 0.012571 0.000000
vn -0.956517 -0.291676 0.000000
vn -0.823670 -0.567069 0.000000
vn -0.956517 -0.291676 0.000000
vn -0.956517 -0.291676 0.000000
vn -0.823670 -0.567069 0.000000
vn -0.573995 -0.818859 0.000000
vn -0.823670 -0.567069 0.000000
vn -0.823670 -0.567069 0.000000
vn -0.573995 -0.818859 0.000000
vn -0.305428 -0.952215 0.000000
vn -0.573995 -0.818859 0.000000
vn -0.573995 -0.818859 0.000000
vn -0.305428 -0.952215 0.000000
vn 0.126568 -0.991958 0.000000
vn -0.305428 -0.952215 0.000000
vn -0.305428 -0.952215 0.000000
vn 0.126568 -0.991958 0.000000
vn 0.132477 -0.991186 0.000000
vn 0.126568 -0.991958 0.000000
vn 0.126568 -0.991958 0.000000
vn 0.132477 -0.991186 0.000000
vn -0.247601 -0.968862 0.000000
vn 0.132477 -0.991186 0.000000
vn 0.132477 -0.991186 0.000000
vn -0.247601 -0.968862 0.000000
vn -0.295613 -0.955308 0.000000
vn -0.247601 -0.968862 0.000000
vn -0.247601 -0.968862 0.000000
vn -0.295613 -0.955308 0.000000
vn -0.445487 -0.895288 0.000000
vn -0.445487 -0.895288 0.000000
vn -0.445487 -0.895288 0.000000
vn -0.445487 -0.895288 0.000000
vn -0.583742 -0.811939 0.000000
vn -0.583742 -0.811939 0.000000
vn -0.583742 -0.811939 0.000000
vn -0.583742 -0.811939 0.000000
vn -0.647396 -0.762154 0.000000
vn -0.647396 -0.762154 0.000000
vn -0.647396 -0.762154 0.000000
vn -0.647396 -0.762154 0.000000
vn -1.000000 0.000000 0.000000
vn -1.000000 0.000000 0.000000
vn -1.000000 0.000000 0.000000
vn -1.000000 0.000000 0.000000
vn -1.000000 0.000000 0.000000
vn -1.000000 0.000000 0.000000
vn -1.000000 0.000000 0.000000
vn -1.000000 0.000000 0.000000
vn -1.000000 0.000000 0.000000
vn -1.000000 0.000000 0.000000
vn -1.000000 0.000000 0.000000
vn -1.000000 0.000000 0.000000
vn -1.000000 0.000000 0.000000
vn -1.000000 0.000000 0.000000
vn -1.000000 0.000000 0.000000
vn -1.000000 0.000000 0.000000
vn 0.000000 -1.000000 0.000000
vn 0.000000 -1.000000 0.000000
vn 0.000000 -1.000000 0.000000
vn 0.000000 -1.000000 0.000000
vn 0.000000 -1.000000 0.000000
vn 0.000000 -1.000000 0.000000
vn 0.000000 -1.000000 0.000000
vn 0.000000 -1.000000 0.000000
vn 0.523709 0.851897 0.000256
vn 0.522648 0.850172 0.063610
vn 0.471016 0.882123 0.001690
vn 0.471016 0.882123 0.001690
vn 0.471016 0.882123 0.001690
vn 0.362846 0.931849 0.000000
vn 0.362846 0.931849 0.000000
vn 0.362846 0.931849 0.000000
vn 0.362846 0.931849 0.000000
vn -0.000002 0.000000 1.000000
vn -0.000002 0.000000 1.000000
vn 0.000000 0.000000 1.000000
vn -0.000001 0.000000 1.000000
vn -0.000002 0.000000 1.000000
vn -0.000002 0.000000 1.000000
vn 0.000000 0.000000 1.000000
vn 0.000002 0.000000 1.000000
vn 0.000000 0.000000 1.000000
vn 0.000000 0.000000 1.000000
vn 0.000003 0.000000 1.000000
vn -0.000001 0.000000 1.000000
vn 0.000000 0.000000 1.000000
vn 0.000000 0.000000 1.000000
vn -0.000002 0.000000 1.000000
vn -0.000002 0.000000 1.000000
vn 0.000000 0.000000 1.000000
vn -0.000002 0.000000 1.000000
vn 0.000000 0.000000 1.000000
vn -0.000003 0.000000 1.000000
vn 0.000000 0.000000 1.000000
vn 0.000000 0.000000 1.000000
vn 0.000000 0.000000 1.000000
vn 0.000000 0.000000 1.000000
vn 0.000001 0.000000 1.000000
vn 0.000002 0.000000 1.000000
vn 0.000000 0.000000 1.000000
vn 0.000005 0.000000 1.000000
vn 0.000005 0.000000 1.000000
vn 0.000005 0.000000 1.000000
vn -0.000001 0.000000 1.000000
vn 0.000000 0.000000 1.000000
vn 0.000001 0.000000 1.000000
vn -0.000010 0.000000 1.000000
vn -0.000010 0.000000 1.000000
vn -0.000010 0.000000 1.000000
vn 0.000000 0.000000 1.000000
vn 0.000000 0.000000 1.000000
vn -0.000001 0.000000 1.000000
vn 0.000003 0.000000 1.000000
vn 0.000003 0.000000 1.000000
vn 0.000000 0.000000 1.000000
vn 0.000001 0.000000 1.000000
vn 0.000000 0.000000 1.000000
vn 0.000000 0.000000 1.000000
vn 0.000000 0.000000 1.000000
vn -0.000003 0.000000 1.000000
vn 0.000002 0.000000 1.000000
vn -0.000001 0.000000 1.000000
vn 0.000000 0.000000 1.000000
vn 0.000001 0.000000 1.000000
vn 0.000002 0.000000 1.000000
vn 0.000005 0.000000 1.000000
vn 0.000001 0.000000 1.000000
vn -0.000002 0.000000 1.000000
vn 0.000000 0.000000 1.000000
vn -0.000001 0.000000 1.000000
vn 0.000001 0.000000 1.000000
vn -0.000002 0.000000 1.000000
vn -0.000002 0.000000 1.000000
vn 0.000000 0.000000 1.000000
vn 0.000000 0.000000 1.000000
vn 0.000000 0.000000 1.000000
vn 0.000000 0.000000 1.000000
vn 0.000000 -1.000000 0.000000
vn 0.000000 -1.000000 0.000000
vn 0.000000 -1.000000 0.000000
vn 0.000000 -1.000000 0.000000
vn 0.000000 -1.000000 0.000000
vn 0.000000 -1.000000 0.000000
vn 0.000000 -1.000000 0.000000
vn 0.000000 -1.000000 0.000000
vn 0.000000 1.000000 0.000000
vn 0.000000 1.000000 0.000000
vn 0.000000 1.000000 0.000000
vn 0.000000 1.000000 0.000000
vn 0.000000 0.000000 -1.000000
vn 0.000000 0.000000 -1.000000
vn 0.000000 0.000000 -1.000000
vn 0.000000 0.000000 -1.000000
vn 1.000000 0.000000 0.000000
vn 1.000000 0.000000 0.000000
vn 1.000000 0.000000 0.000000
vn 1.000000 0.000000 0.000000
vn 0.586864 0.807746 0.056008
vn -0.000002 0.000000 1.000000
vn 0.000000 0.000000 1.000000
vn 0.807763 0.586875 0.055640
vn 0.308527 0.949551 0.056245
vn -0.000001 0.000000 1.000000
vn -0.000002 0.000000 1.000000
vn 0.586864 0.807746 0.056008
vn 0.807763 0.586875 0.055640
vn 0.000000 0.000000 1.000000
vn 0.000000 0.000000 1.000000
vn 0.949607 0.308549 0.055175
vn 0.000000 0.000000 1.000000
vn 0.000000 0.000000 1.000000
vn 0.000000 0.000000 1.000000
vn 0.000000 0.000000 1.000000
vn 0.000000 0.000000 1.000000
vn 0.000000 0.000000 1.000000
vn 0.000000 0.000000 1.000000
vn 0.000000 0.000000 1.000000
vn 0.000000 0.998412 0.056326
vn 0.000000 0.000000 1.000000
vn -0.000001 0.000000 1.000000
vn 0.308527 0.949551 0.056245
vn 0.949607 0.308549 0.055175
vn 0.000000 0.000000 1.000000
vn -0.000002 0.000000 1.000000
vn 0.998505 0.000000 0.054658
vn -0.000004 0.000000 1.000000
vn -0.000004 0.000000 1.000000
vn -0.000004 0.000000 1.000000
vn -0.000004 0.000000 1.000000
vn 0.998505 0.000000 0.054658
vn -0.000002 0.000000 1.000000
vn -0.000002 0.000000 1.000000
vn 0.760147 0.630871 0.155492
vn -0.308528 0.949551 0.056245
vn 0.000000 0.000000 1.000000
vn 0.000000 0.000000 1.000000
vn 0.000000 0.998412 0.056326
vn 0.000007 0.000000 1.000000
vn 0.000007 0.000000 1.000000
vn 0.000007 0.000000 1.000000
vn 0.000007 0.000000 1.000000
vn 0.000000 0.000000 1.000000
vn 0.000000 0.000000 1.000000
vn 0.000000 0.000000 1.000000
vn 0.000000 0.000000 1.000000
vn 0.000000 0.000000 1.000000
vn 0.000000 0.000000 1.000000
vn 0.000000 0.000000 1.000000
vn 0.000000 0.000000 1.000000
vn -0.000001 0.000000 1.000000
vn -0.000001 0.000000 1.000000
vn -0.000001 0.000000 1.000000
vn -0.000001 0.000000 1.000000
vn 0.760147 0.630871 0.155492
vn -0.000004 0.000000 1.000000
vn -0.000004 0.000000 1.000000
vn 0.522648 0.850172 0.063610
vn -0.000002 0.000000 1.000000
vn -0.000003 0.000000 1.000000
vn -0.000003 0.000000 1.000000
vn 0.760147 0.630871 0.155492
vn -0.570055 0.819643 0.056772
vn 0.000001 0.000000 1.000000
vn 0.000000 0.000000 1.000000
vn -0.308528 0.949551 0.056245
vn 0.000004 0.000000 1.000000
vn 0.000004 0.000000 1.000000
vn 0.000004 0.000000 1.000000
vn 0.000004 0.000000 1.000000
vn -0.000002 0.000000 1.000000
vn -0.000002 0.000000 1.000000
vn -0.000002 0.000000 1.000000
vn -0.000002 0.000000 1.000000
vn 0.000000 0.000000 1.000000
vn 0.000000 0.000000 1.000000
vn 0.000000 0.000000 1.000000
vn 0.000000 0.000000 1.000000
vn 0.000003 0.000000 1.000000
vn 0.000003 0.000000 1.000000
vn 0.000003 0.000000 1.000000
vn 0.000003 0.000000 1.000000
vn 0.000000 0.000000 1.000000
vn 0.000000 0.000000 1.000000
vn 0.000000 0.000000 1.000000
vn 0.000000 0.000000 1.000000
vn 0.000000 0.000000 1.000000
vn 0.000000 0.000000 1.000000
vn 0.000000 0.000000 1.000000
vn 0.000000 0.000000 1.000000
vn -0.784757 0.617330 0.055325
vn -0.000001 0.000000 1.000000
vn 0.000001 0.000000 1.000000
vn -0.570055 0.819643 0.056772
vn -0.000002 0.000000 1.000000
vn -0.000002 0.000000 1.000000
vn -0.000002 0.000000 1.000000
vn -0.000002 0.000000 1.000000
vn -0.000003 0.000000 1.000000
vn -0.000003 0.000000 1.000000
vn -0.000003 0.000000 1.000000
vn -0.000003 0.000000 1.000000
vn 0.000000 0.000000 1.000000
vn 0.000000 0.000000 1.000000
vn 0.000000 0.000000 1.000000
vn 0.000000 0.000000 1.000000
vn 0.000000 0.000000 1.000000
vn 0.131734 -0.985623 0.105804
vn -0.244113 -0.955213 0.167262
vn 0.000000 0.000000 1.000000
vn 0.000003 0.000000 1.000000
vn 0.000003 0.000000 1.000000
vn 0.131734 -0.985623 0.105804
vn 0.000003 0.000000 1.000000
vn -0.946233 0.318792 0.054916
vn 0.000000 0.000000 1.000000
vn -0.000001 0.000000 1.000000
vn -0.784757 0.617330 0.055325
vn 0.131734 -0.985623 0.105804
vn 0.000003 0.000000 1.000000
vn 0.000000 0.000000 1.000000
vn 0.126397 -0.990615 0.052017
vn -0.998410 0.012554 0.054950
vn 0.000001 0.000000 1.000000
vn 0.000000 0.000000 1.000000
vn -0.946233 0.318792 0.054916
vn 0.126397 -0.990615 0.052017
vn 0.000000 0.000000 1.000000
vn 0.000002 0.000000 1.000000
vn -0.304974 -0.950799 0.054521
vn -0.955108 -0.291246 0.054266
vn -0.000001 0.000000 1.000000
vn 0.000001 0.000000 1.000000
vn -0.998410 0.012554 0.054950
vn -0.304974 -0.950799 0.054521
vn 0.000002 0.000000 1.000000
vn 0.000001 0.000000 1.000000
vn -0.573177 -0.817692 0.053374
vn -0.822477 -0.566249 0.053785
vn -0.000002 0.000000 1.000000
vn -0.000001 0.000000 1.000000
vn -0.955108 -0.291246 0.054266
vn -0.573177 -0.817692 0.053374
vn 0.000001 0.000000 1.000000
vn -0.000002 0.000000 1.000000
vn -0.822477 -0.566249 0.053785
vn 0.000000 -1.000000 0.000000
vn 0.000000 -1.000000 0.000000
vn 0.000000 -1.000000 0.000000
vn 0.000000 -1.000000 0.000001
vn 0.000000 -1.000000 0.000001
vn 0.000000 -1.000000 0.000001
vn 0.325562 0.945521 0.000000
vn 0.325562 0.945521 0.000000
vn 0.325562 0.945521 0.000000
vn 0.325562 0.945521 0.000000
vn 0.000000 -1.000000 0.000000
vn 0.000000 -1.000000 0.000000
vn 0.000000 -1.000000 0.000000
vn 0.000000 -1.000000 0.000000
vn 1.000000 -0.000001 0.000000
vn 1.000000 -0.000001 0.000000
vn 1.000000 -0.000001 0.000000
vn 1.000000 -0.000001 0.000000
vn 1.000000 0.000000 0.000000
vn 1.000000 0.000000 0.000000
vn 1.000000 0.000000 0.000000
vn 1.000000 0.000000 0.000000
vn 1.000000 -0.000000 0.000000
vn 1.000000 -0.000000 0.000000
vn 1.000000 -0.000000 0.000000
vn 1.000000 -0.000000 0.000000
vn 0.523709 0.851897 0.000256
vn 0.523710 0.851897 0.000000
vn 0.769507 0.638639 0.000000
vn 0.769507 0.638639 0.000000
vn 1.000000 -0.000000 0.000000
vn 1.000000 0.000000 0.000000
vn 0.769507 0.638639 0.000000
vn 0.769507 0.638639 0.000000
vn 0.951056 0.309018 0.000000
vn 0.951056 0.309019 0.000000
vn 1.000000 0.000000 0.000000
vn 1.000000 -0.000000 0.000000
vn 0.809017 0.587786 0.000000
vn 0.809017 0.587786 0.000000
vn 0.951056 0.309019 0.000000
vn 0.951056 0.309018 0.000000
vn 0.587787 0.809016 0.000000
vn 0.587787 0.809016 0.000000
vn 0.809017 0.587786 0.000000
vn 0.809017 0.587786 0.000000
vn 0.309017 0.951057 0.000000
vn 0.309017 0.951057 0.000000
vn 0.587787 0.809016 0.000000
vn 0.587787 0.809016 0.000000
vn 0.000000 1.000000 0.000000
vn 0.000000 1.000000 0.000000
vn 0.309017 0.951057 0.000000
vn 0.309017 0.951057 0.000000
vn -0.309018 0.951056 -0.000000
vn -0.309018 0.951056 -0.000000
vn 0.000000 1.000000 0.000000
vn 0.000000 1.000000 0.000000
vn -0.570977 0.820966 -0.000000
vn -0.570976 0.820966 -0.000000
vn -0.309018 0.951056 -0.000000
vn -0.309018 0.951056 -0.000000
vn -0.785960 0.618277 -0.000000
vn -0.785960 0.618277 -0.000000
vn -0.570976 0.820966 -0.000000
vn -0.570977 0.820966 -0.000000
vn -0.947663 0.319274 0.000000
vn -0.947663 0.319274 0.000000
vn -0.785960 0.618277 -0.000000
vn -0.785960 0.618277 -0.000000
vn -0.999921 0.012571 0.000000
vn -0.999921 0.012572 0.000000
vn -0.947663 0.319274 0.000000
vn -0.947663 0.319274 0.000000
vn -0.956517 -0.291675 0.000000
vn -0.956517 -0.291676 0.000000
vn -0.999921 0.012572 0.000000
vn -0.999921 0.012571 0.000000
vn -0.823670 -0.567069 0.000000
vn -0.823670 -0.567070 0.000000
vn -0.956517 -0.291676 0.000000
vn -0.956517 -0.291675 0.000000
vn -0.573995 -0.818859 0.000000
vn -0.573995 -0.818859 0.000000
vn -0.823670 -0.567070 0.000000
vn -0.823670 -0.567069 0.000000
vn -0.305428 -0.952215 0.000000
vn -0.305428 -0.952215 0.000000
vn -0.573995 -0.818859 0.000000
vn -0.573995 -0.818859 0.000000
vn 0.126568 -0.991958 0.000000
vn 0.126568 -0.991958 0.000000
vn -0.305428 -0.952215 0.000000
vn -0.305428 -0.952215 0.000000
vn 0.132477 -0.991186 0.000000
vn 0.132477 -0.991186 0.000000
vn 0.126568 -0.991958 0.000000
vn 0.126568 -0.991958 0.000000
vn -0.247601 -0.968862 0.000000
vn -0.247601 -0.968862 0.000000
vn 0.132477 -0.991186 0.000000
vn 0.132477 -0.991186 0.000000
vn -0.295612 -0.955308 0.000000
vn -0.295612 -0.955308 0.000000
vn -0.247601 -0.968862 0.000000
vn -0.247601 -0.968862 0.000000
vn -0.445487 -0.895289 0.000000
vn -0.445487 -0.895289 0.000000
vn -0.445487 -0.895289 0.000000
vn -0.445487 -0.895289 0.000000
vn -0.583745 -0.811937 0.000000
vn -0.583745 -0.811937 0.000000
vn -0.583745 -0.811937 0.000000
vn -0.583745 -0.811937 0.000000
vn -0.647388 -0.762161 0.000000
vn -0.647388 -0.762160 0.000000
vn -0.647388 -0.762161 0.000000
vn -0.647388 -0.762161 0.000000
vn 0.522648 0.850172 0.063610
vn 0.523709 0.851897 0.000256
vn 0.769507 0.638639 0.000000
vn 0.760147 0.630871 0.155492
vn 1.000000 0.000000 0.000000
vn 0.998505 0.000000 0.054658
vn 0.760147 0.630871 0.155492
vn 0.769507 0.638639 0.000000
vn 0.951056 0.309019 0.000000
vn 0.949607 0.308549 0.055175
vn 0.998505 0.000000 0.054658
vn 1.000000 0.000000 0.000000
vn 0.809017 0.587786 0.000000
vn 0.807763 0.586875 0.055640
vn 0.949607 0.308549 0.055175
vn 0.951056 0.309019 0.000000
vn 0.587787 0.809016 0.000000
vn 0.586864 0.807746 0.056008
vn 0.807763 0.586875 0.055640
vn 0.809017 0.587786 0.000000
vn 0.309017 0.951057 0.000000
vn 0.308527 0.949551 0.056245
vn 0.586864 0.807746 0.056008
vn 0.587787 0.809016 0.000000
vn 0.000000 1.000000 0.000000
vn 0.000000 0.998412 0.056326
vn 0.308527 0.949551 0.056245
vn 0.309017 0.951057 0.000000
vn -0.309018 0.951056 -0.000000
vn -0.308528 0.949551 0.056245
vn 0.000000 0.998412 0.056326
vn 0.000000 1.000000 0.000000
vn -0.570976 0.820966 -0.000000
vn -0.570055 0.819643 0.056772
vn -0.308528 0.949551 0.056245
vn -0.309018 0.951056 -0.000000
vn -0.785960 0.618277 -0.000000
vn -0.784757 0.617330 0.055325
vn -0.570055 0.819643 0.056772
vn -0.570976 0.820966 -0.000000
vn -0.947663 0.319274 0.000000
vn -0.946233 0.318792 0.054916
vn -0.784757 0.617330 0.055325
vn -0.785960 0.618277 -0.000000
vn -0.999921 0.012572 0.000000
vn -0.998410 0.012554 0.054950
vn -0.946233 0.318792 0.054916
vn -0.947663 0.319274 0.000000
vn -0.956517 -0.291676 0.000000
vn -0.955108 -0.291246 0.054266
vn -0.998410 0.012554 0.054950
vn -0.999921 0.012572 0.000000
vn -0.823670 -0.567070 0.000000
vn -0.822477 -0.566249 0.053785
vn -0.955108 -0.291246 0.054266
vn -0.956517 -0.291676 0.000000
vn -0.573995 -0.818859 0.000000
vn -0.573177 -0.817692 0.053374
vn -0.822477 -0.566249 0.053785
vn -0.823670 -0.567070 0.000000
vn -0.305428 -0.952215 0.000000
vn -0.304974 -0.950799 0.054521
vn -0.573177 -0.817692 0.053374
vn -0.573995 -0.818859 0.000000
vn 0.126568 -0.991958 0.000000
vn 0.126397 -0.990615 0.052017
vn -0.304974 -0.950799 0.054521
vn -0.305428 -0.952215 0.000000
vn 0.132477 -0.991186 0.000000
vn 0.131734 -0.985623 0.105804
vn 0.126397 -0.990615 0.052017
vn 0.126568 -0.991958 0.000000
vn -0.247601 -0.968862 0.000000
vn -0.244113 -0.955213 0.167262
vn 0.131734 -0.985623 0.105804
vn 0.132477 -0.991186 0.000000
vn -0.295612 -0.955308 0.000000
vn -0.295612 -0.955308 0.000000
vn -0.244113 -0.955213 0.167262
vn -0.247601 -0.968862 0.000000
vn -0.445487 -0.895289 0.000000
vn -0.445487 -0.895289 0.000000
vn -0.445487 -0.895289 0.000000
vn -0.445487 -0.895289 0.000000
vn -0.583745 -0.811937 0.000000
vn -0.583745 -0.811937 0.000000
vn -0.583745 -0.811937 0.000000
vn -0.583745 -0.811937 0.000000
vn -0.647387 -0.762161 0.000000
vn -0.647387 -0.762161 0.000000
vn -0.647387 -0.762161 0.000000
vn -0.647387 -0.762161 0.000000
vn 0.523710 0.851897 0.000000
vn 0.523709 0.851897 0.000256
vn 0.471019 0.882123 -0.000001
vn 0.471019 0.882123 -0.000001
vn 0.362844 0.931850 0.000000
vn 0.362844 0.931850 0.000000
vn 0.362844 0.931850 0.000000
vn 0.362844 0.931850 0.000000
vn 0.325562 0.945521 0.000000
vn 0.325562 0.945521 0.000000
vn 0.325562 0.945521 0.000000
vn 0.325562 0.945521 0.000000
vn 1.000000 -0.000001 0.000000
vn 1.000000 -0.000001 0.000000
vn 1.000000 -0.000001 0.000000
vn 1.000000 -0.000001 0.000000
vn 1.000000 0.000000 0.000000
vn 1.000000 0.000000 0.000000
vn 1.000000 0.000000 0.000000
vn 1.000000 0.000000 0.000000
vn 0.000000 -1.000000 0.000000
vn 0.000000 -1.000000 0.000000
vn 0.000000 -1.000000 0.000000
vn 0.000000 -1.000000 0.000000
vn 0.000001 0.000000 1.000000
vn 0.000001 0.000000 1.000000
vn 0.000001 0.000000 1.000000
vn 0.000001 0.000000 1.000000
vn 0.000000 -1.000000 0.000000
vn 0.000000 -1.000000 0.000000
vn 0.000000 -1.000000 0.000000
vn 0.000000 -1.000000 0.000000
vn 0.580562 -0.000004 0.814216
vn 0.580562 -0.000004 0.814216
vn 0.580562 -0.000004 0.814216
vn 0.580562 -0.000004 0.814216
vn 0.580561 0.000000 0.814216
vn 0.580561 0.000000 0.814217
vn 0.580561 0.000000 0.814217
vn 0.580561 0.000000 0.814216
vn 0.580560 -0.000000 0.814218
vn 0.580560 -0.000000 0.814218
vn 0.580560 -0.000000 0.814218
vn 0.580560 -0.000000 0.814218
vn 0.000000 -1.000000 0.000000
vn 0.000000 -1.000000 0.000000
vn 0.000000 -1.000000 0.000000
vn 0.000000 -1.000000 0.000000
vn 0.580559 -0.000005 0.814218
vn 0.580559 -0.000005 0.814218
vn 0.580559 -0.000005 0.814218
vn 0.580559 -0.000005 0.814218
vn 0.580560 0.000001 0.814218
vn 0.580560 0.000001 0.814218
vn 0.580560 0.000001 0.814217
vn 0.580560 0.000001 0.814217
vn 0.580561 -0.000000 0.814217
vn 0.580561 -0.000000 0.814217
vn 0.580561 -0.000000 0.814217
vn 0.580561 -0.000000 0.814217
vn 0.000000 -1.000000 0.000000
vn 0.000000 -1.000000 0.000000
vn 0.000000 -1.000000 0.000000
vn 0.000000 -1.000000 0.000000
vn 0.000000 -1.000000 0.000000
vn 0.000000 -1.000000 0.000000
vn 0.000000 -1.000000 0.000000
vn 0.000000 -1.000000 0.000000
vn 0.000000 -1.000000 0.000000
vn 0.000000 -1.000000 0.000000
vn 0.000000 -1.000000 0.000000
vn 0.000000 -1.000000 0.000000
vn 0.580560 -0.000001 0.814218
vn 0.580560 -0.000001 0.814218
vn 0.580560 -0.000001 0.814218
vn 0.580560 -0.000001 0.814218
vn 0.580559 0.000001 0.814218
vn 0.580559 0.000001 0.814218
vn 0.580559 0.000001 0.814218
vn 0.580559 0.000001 0.814218
vn 0.580560 -0.000000 0.814218
vn 0.580560 -0.000000 0.814218
vn 0.580560 -0.000000 0.814218
vn 0.580560 -0.000000 0.814218
vn -1.000000 0.000000 0.000000
vn -1.000000 0.000000 0.000000
vn -1.000000 0.000000 0.000000
vn -1.000000 0.000000 0.000000
vn -1.000000 0.000000 0.000000
vn -1.000000 0.000000 0.000000
vn -1.000000 0.000000 0.000000
vn -1.000000 0.000000 0.000000
vn -1.000000 0.000000 0.000000
vn -1.000000 0.000000 0.000000
vn -1.000000 0.000000 0.000000
vn -1.000000 0.000000 0.000000
vn -1.000000 0.000000 0.000000
vn -1.000000 0.000000 0.000000
vn -1.000000 0.000000 0.000000
vn -1.000000 0.000000 0.000000
vn -1.000000 0.000000 0.000000
vn -1.000000 0.000000 0.000000
vn -1.000000 0.000000 0.000000
vn -1.000000 0.000000 0.000000
vn -1.000000 0.000000 0.000000
vn -1.000000 0.000000 0.000000
vn -1.000000 0.000000 0.000000
vn -1.000000 0.000000 0.000000
vn -1.000000 0.000000 0.000000
vn -1.000000 0.000000 0.000000
vn -1.000000 0.000000 0.000000
vn -1.000000 0.000000 0.000000
vn -1.000000 0.000000 0.000000
vn -1.000000 0.000000 0.000000
vn -1.000000 0.000000 0.000000
vn -1.000000 0.000000 0.000000
vn 1.000000 0.000000 0.000000
vn 1.000000 0.000000 0.000000
vn 1.000000 0.000000 0.000000
vn 1.000000 0.000000 0.000000
vn 1.000000 0.000000 0.000000
vn 1.000000 0.000000 0.000000
vn 1.000000 0.000000 0.000000
vn 1.000000 0.000000 0.000000
vn 1.000000 0.000000 0.000000
vn 1.000000 0.000000 0.000000
vn 1.000000 0.000000 0.000000
vn 1.000000 0.000000 0.000000
vn 0.325562 0.945521 0.000000
vn 0.325562 0.945521 0.000000
vn 0.325562 0.945521 0.000000
vn 0.325562 0.945521 0.000000
vn 0.362841 0.931851 0.000000
vn 0.362841 0.931851 0.000000
vn 0.362841 0.931851 0.000000
vn 0.362841 0.931851 0.000000
vn 0.523710 0.851897 0.000000
vn 0.523710 0.851897 0.000000
vn 0.471020 0.882122 0.000000
vn 0.471020 0.882122 0.000000
vn 0.523710 0.851897 0.000000
vn 0.523710 0.851897 0.000000
vn 0.769507 0.638639 0.000000
vn 0.769507 0.638639 0.000000
vn 1.000000 -0.000000 0.000000
vn 1.000000 -0.000000 0.000000
vn 0.769507 0.638639 0.000000
vn 0.769507 0.638639 0.000000
vn 0.951056 0.309018 0.000000
vn 0.951056 0.309018 0.000000
vn 1.000000 -0.000000 0.000000
vn 1.000000 -0.000000 0.000000
vn 0.809016 0.587786 0.000000
vn 0.809017 0.587786 0.000000
vn 0.951056 0.309018 0.000000
vn 0.951056 0.309018 0.000000
vn 0.587787 0.809016 0.000000
vn 0.587787 0.809016 0.000000
vn 0.809017 0.587786 0.000000
vn 0.809016 0.587786 0.000000
vn 0.309017 0.951057 0.000000
vn 0.309017 0.951057 0.000000
vn 0.587787 0.809016 0.000000
vn 0.587787 0.809016 0.000000
vn 0.000000 1.000000 0.000000
vn 0.000000 1.000000 0.000000
vn 0.309017 0.951057 0.000000
vn 0.309017 0.951057 0.000000
vn -0.309018 0.951056 0.000000
vn -0.309018 0.951056 -0.000000
vn 0.000000 1.000000 0.000000
vn 0.000000 1.000000 0.000000
vn -0.570977 0.820966 0.000000
vn -0.570977 0.820966 -0.000000
vn -0.309018 0.951056 -0.000000
vn -0.309018 0.951056 0.000000
vn -0.785960 0.618278 0.000000
vn -0.785960 0.618277 -0.000000
vn -0.570977 0.820966 -0.000000
vn -0.570977 0.820966 0.000000
vn -0.947663 0.319274 0.000000
vn -0.947663 0.319274 0.000000
vn -0.785960 0.618277 -0.000000
vn -0.785960 0.618278 0.000000
vn -0.999921 0.012571 0.000000
vn -0.999921 0.012571 0.000000
vn -0.947663 0.319274 0.000000
vn -0.947663 0.319274 0.000000
vn -0.956517 -0.291676 0.000000
vn -0.956517 -0.291675 0.000000
vn -0.999921 0.012571 0.000000
vn -0.999921 0.012571 0.000000
vn -0.823670 -0.567069 0.000000
vn -0.823670 -0.567069 0.000000
vn -0.956517 -0.291675 0.000000
vn -0.956517 -0.291676 0.000000
vn -0.573995 -0.818859 0.000000
vn -0.573995 -0.818859 0.000000
vn -0.823670 -0.567069 0.000000
vn -0.823670 -0.567069 0.000000
vn -0.305428 -0.952215 0.000000
vn -0.305428 -0.952215 0.000000
vn -0.573995 -0.818859 0.000000
vn -0.573995 -0.818859 0.000000
vn 0.126568 -0.991958 0.000000
vn 0.126568 -0.991958 0.000000
vn -0.305428 -0.952215 0.000000
vn -0.305428 -0.952215 0.000000
vn 0.132477 -0.991186 0.000000
vn 0.132477 -0.991186 0.000000
vn 0.126568 -0.991958 0.000000
vn 0.126568 -0.991958 0.000000
vn -0.247601 -0.968862 0.000000
vn -0.247601 -0.968862 0.000000
vn 0.132477 -0.991186 0.000000
vn 0.132477 -0.991186 0.000000
vn -0.295612 -0.955308 0.000000
vn -0.295612 -0.955308 0.000000
vn -0.247601 -0.968862 0.000000
vn -0.247601 -0.968862 0.000000
vn -0.445487 -0.895289 0.000000
vn -0.445487 -0.895289 0.000000
vn -0.445487 -0.895289 0.000000
vn -0.445487 -0.895289 0.000000
vn -0.583743 -0.811939 0.000000
vn -0.583743 -0.811939 0.000000
vn -0.583743 -0.811939 0.000000
vn -0.583743 -0.811939 0.000000
vn -0.647390 -0.762159 0.000000
vn -0.647390 -0.762159 0.000000
vn -0.647390 -0.762159 0.000000
vn -0.647390 -0.762159 0.000000
vn -1.000000 0.000000 0.000000
vn -1.000000 0.000000 0.000000
vn -1.000000 0.000000 0.000000
vn -1.000000 0.000000 0.000000
vn -1.000000 0.000000 0.000000
vn -1.000000 0.000000 0.000000
vn -1.000000 0.000000 0.000000
vn -1.000000 0.000000 0.000000
vn -1.000000 0.000000 0.000000
vn -1.000000 0.000000 0.000000
vn -1.000000 0.000000 0.000000
vn -1.000000 0.000000 0.000000
vn -1.000000 0.000000 0.000000
vn -1.000000 0.000000 0.000000
vn -1.000000 0.000000 0.000000
vn -1.000000 0.000000 0.000000
vn 0.000000 -1.000000 0.000000
vn 0.000000 -1.000000 0.000000
vn 0.000000 -1.000000 0.000000
vn 0.000000 -1.000000 0.000000
vn 0.000000 -1.000000 0.000000
vn 0.000000 -1.000000 0.000000
vn 0.000000 -1.000000 0.000000
vn 0.000000 -1.000000 0.000000
s off
g initialShadingGroup Sunmao_008_A
f 236/178/501 260/179/502 128/180/503 127/181/504 129/182/505
f 260/179/506 261/183/507 136/184/508 128/180/509
f 140/185/510 141/186/511 142/187/512
f 143/188/513 140/185/514 142/187/515
f 141/186/516 144/189/517 142/187/518
f 145/190/519 143/188/520 142/187/521
f 144/189/522 146/191/523 142/187/524
f 146/191/525 147/192/526 142/187/527
f 148/193/528 145/190/529 142/187/530
f 142/187/531 147/192/532 149/194/533
f 150/195/534 148/193/535 142/187/536
f 149/194/537 152/196/538 142/187/539
f 153/197/540 150/195/541 142/187/542
f 142/187/543 152/196/544 154/198/545
f 155/199/546 153/197/547 142/187/548
f 154/198/549 160/200/550 142/187/551
f 161/201/552 155/199/553 142/187/554
f 160/200/555 164/202/556 142/187/557
f 165/203/558 161/201/559 142/187/560
f 164/202/561 167/204/562 142/187/563
f 168/205/564 165/203/565 142/187/566
f 167/204/567 168/205/568 142/187/569
f 169/206/570 170/207/571 171/208/572 172/209/573
f 174/210/574 173/211/575 281/212/576 280/213/577
f 171/208/578 170/207/579 176/214/580 177/215/581
f 182/216/582 183/217/583 169/218/584 172/219/585
f 183/217/586 182/216/587 177/215/588 176/214/589
f 169/220/590 183/221/591 176/214/592 170/207/593
f 131/222/594 130/223/595 141/186/596 140/185/597
f 132/224/598 131/222/599 140/185/600 143/188/601
f 130/223/602 133/225/603 144/189/604 141/186/605
f 186/226/606 187/227/607 188/228/608 189/229/609
f 136/230/610 188/228/611 187/227/612 190/231/613
f 134/232/614 132/224/615 143/188/616 145/190/617
f 133/225/618 135/233/619 146/191/620 144/189/621
f 128/234/622 136/230/623 190/231/624 193/235/625
f 135/233/626 137/236/627 147/192/628 146/191/629
f 138/237/630 134/232/631 145/190/632 148/193/633
f 127/238/634 128/234/635 193/235/636 194/239/637
f 129/240/638 127/238/639 194/239/640 195/241/641
f 196/242/642 197/243/643 187/227/644 186/226/645
f 197/243/646 198/244/647 190/231/648 187/227/649
f 137/236/650 129/240/651 195/241/652 199/245/653
f 147/192/654 137/236/655 199/245/656 149/194/657
f 139/246/658 138/237/659 148/193/660 150/195/661
f 193/235/662 190/231/663 198/244/664 200/247/665
f 194/239/666 193/235/667 200/247/668 201/248/669
f 195/241/670 194/239/671 201/248/672 202/249/673
f 203/250/674 199/245/675 195/241/676 202/249/677
f 198/244/678 197/243/679 157/251/680 156/252/681
f 199/245/682 203/250/683 152/196/684 149/194/685
f 151/253/686 139/246/687 150/195/688 153/197/689
f 200/247/690 198/244/691 156/252/692 158/254/693
f 201/248/694 200/247/695 158/254/696 159/255/697
f 202/249/698 201/248/699 159/255/700 162/256/701
f 203/250/702 202/249/703 162/256/704 166/257/705
f 152/196/706 203/250/707 166/257/708 154/198/709
f 163/258/710 151/253/711 153/197/712 155/199/713
f 166/257/714 175/259/715 160/200/716 154/198/717
f 178/260/718 163/258/719 155/199/720 161/201/721
f 175/259/722 180/261/723 164/202/724 160/200/725
f 181/262/726 178/260/727 161/201/728 165/203/729
f 180/261/730 184/263/731 167/204/732 164/202/733
f 185/264/734 181/262/735 165/203/736 168/205/737
f 184/263/738 185/264/739 168/205/740 167/204/741
f 191/265/742 196/242/743 271/266/744
f 173/211/745 204/267/746 281/212/747
f 188/268/748 136/184/749 261/183/750 208/269/751
f 274/270/752 179/271/753 174/210/754 280/213/755
f 208/269/756 192/272/757 189/229/758 188/268/759
f 192/273/760 235/274/761 171/275/762 177/276/763
f 172/277/764 205/278/765 204/267/766 182/279/767
f 236/178/768 237/280/769 210/281/770 209/282/771
f 211/283/772 210/281/773 237/280/774 238/284/775
f 212/285/776 211/283/777 238/284/778 239/286/779
f 213/287/780 212/285/781 239/286/782 240/288/783
f 214/289/784 213/287/785 240/288/786 241/290/787
f 215/291/788 214/289/789 241/290/790 242/292/791
f 216/293/792 215/291/793 242/292/794 243/294/795
f 217/295/796 216/293/797 243/294/798 244/296/799
f 218/297/800 217/295/801 244/296/802 245/298/803
f 219/299/804 218/297/805 245/298/806 246/300/807
f 220/301/808 219/299/809 246/300/810 247/302/811
f 221/303/812 220/301/813 247/302/814 248/304/815
f 222/305/816 221/303/817 248/304/818 249/306/819
f 223/307/820 222/305/821 249/306/822 250/308/823
f 224/309/824 223/307/825 250/308/826 251/310/827
f 225/311/828 224/309/829 251/310/830 252/312/831
f 226/313/832 225/311/833 252/312/834 253/314/835
f 227/315/836 226/313/837 253/314/838 254/316/839
f 228/317/840 227/315/841 254/316/842 255/318/843
f 229/319/844 228/317/845 255/318/846 256/320/847
f 256/320/848 257/321/849 230/322/850 229/319/851
f 257/321/852 258/323/853 231/324/854 230/322/855
f 258/323/856 259/325/857 232/326/858 231/324/859
f 129/182/860 137/327/861 237/280/862 236/178/863
f 238/284/864 237/280/865 137/327/866 135/328/867
f 239/286/868 238/284/869 135/328/870 133/329/871
f 240/288/872 239/286/873 133/329/874 130/330/875
f 241/290/876 240/288/877 130/330/878 131/331/879
f 242/292/880 241/290/881 131/331/882 132/332/883
f 243/294/884 242/292/885 132/332/886 134/333/887
f 244/296/888 243/294/889 134/333/890 138/334/891
f 245/298/892 244/296/893 138/334/894 139/335/895
f 246/300/896 245/298/897 139/335/898 151/336/899
f 247/302/900 246/300/901 151/336/902 163/337/903
f 248/304/904 247/302/905 163/337/906 178/338/907
f 249/306/908 248/304/909 178/338/910 181/339/911
f 250/308/912 249/306/913 181/339/914 185/340/915
f 251/310/916 250/308/917 185/340/918 184/341/919
f 252/312/920 251/310/921 184/341/922 180/342/923
f 253/314/924 252/312/925 180/342/926 175/343/927
f 254/316/928 253/314/929 175/343/930 166/344/931
f 255/318/932 254/316/933 166/344/934 162/345/935
f 256/320/936 255/318/937 162/345/938 159/346/939
f 159/346/940 158/347/941 257/321/942 256/320/943
f 158/347/944 156/348/945 258/323/946 257/321/947
f 156/348/948 157/349/949 259/325/950 258/323/951
f 209/282/952 233/350/953 260/179/954 236/178/955
f 233/350/956 234/351/957 261/183/958 260/179/959
f 208/269/960 261/183/961 234/351/962 207/352/963
f 208/269/964 207/352/965 235/353/966 192/272/967
f 172/277/968 282/354/969 206/355/970 205/278/971
f 206/355/972 317/356/973 262/357/974 205/278/975
f 157/251/976 197/243/977 196/242/978 191/265/979
f 192/272/980 268/358/981 186/226/982 189/229/983
f 269/359/984 268/360/985 192/273/986 177/276/987
f 270/361/988 269/359/989 177/276/990 182/279/991
f 173/362/992 270/361/993 182/279/994 204/267/995
f 271/266/996 196/242/997 186/226/998 268/358/999
f 272/363/1000 271/364/1001 268/360/1002 269/359/1003
f 273/365/1004 272/363/1005 269/359/1006 270/361/1007
f 174/366/1008 273/365/1009 270/361/1010 173/362/1011
f 205/278/1012 262/357/1013 281/212/1014 204/267/1015
f 280/213/1016 281/212/1017 262/357/1018 263/367/1019
f 274/270/1020 280/213/1021 263/367/1022 264/368/1023
f 191/369/1024 271/364/1025 272/363/1026 275/370/1027
f 275/370/1028 272/363/1029 273/365/1030 276/371/1031
f 276/371/1032 273/365/1033 174/366/1034 179/372/1035
f 259/325/1036 157/349/1037 191/373/1038 277/374/1039
f 232/326/1040 259/325/1041 277/374/1042 267/375/1043
f 277/374/1044 191/373/1045 275/376/1046 278/377/1047
f 267/375/1048 277/374/1049 278/377/1050 266/378/1051
f 278/377/1052 275/376/1053 276/379/1054 279/380/1055
f 266/378/1056 278/377/1057 279/380/1058 265/381/1059
f 279/380/1060 276/379/1061 179/271/1062 274/270/1063
f 265/381/1064 279/380/1065 274/270/1066 264/368/1067
f 171/275/1068 283/382/1069 282/354/1070 172/277/1071
f 171/275/1072 235/274/1073 284/383/1074 283/382/1075
f 207/352/1076 285/384/1077 284/385/1078 235/353/1079
f 207/352/1080 234/351/1081 286/386/1082 285/384/1083
f 287/387/1084 286/386/1085 234/351/1086 233/350/1087
f 288/388/1088 287/387/1089 233/350/1090 209/282/1091
f 209/282/1092 210/281/1093 289/389/1094 288/388/1095
f 290/390/1096 289/389/1097 210/281/1098 211/283/1099
f 291/391/1100 290/390/1101 211/283/1102 212/285/1103
f 292/392/1104 291/391/1105 212/285/1106 213/287/1107
f 293/393/1108 292/392/1109 213/287/1110 214/289/1111
f 294/394/1112 293/393/1113 214/289/1114 215/291/1115
f 295/395/1116 294/394/1117 215/291/1118 216/293/1119
f 296/396/1120 295/395/1121 216/293/1122 217/295/1123
f 297/397/1124 296/396/1125 217/295/1126 218/297/1127
f 298/398/1128 297/397/1129 218/297/1130 219/299/1131
f 299/399/1132 298/398/1133 219/299/1134 220/301/1135
f 300/400/1136 299/399/1137 220/301/1138 221/303/1139
f 301/401/1140 300/400/1141 221/303/1142 222/305/1143
f 302/402/1144 301/401/1145 222/305/1146 223/307/1147
f 303/403/1148 302/402/1149 223/307/1150 224/309/1151
f 304/404/1152 303/403/1153 224/309/1154 225/311/1155
f 305/405/1156 304/404/1157 225/311/1158 226/313/1159
f 306/406/1160 305/405/1161 226/313/1162 227/315/1163
f 307/407/1164 306/406/1165 227/315/1166 228/317/1167
f 308/408/1168 307/407/1169 228/317/1170 229/319/1171
f 229/319/1172 230/322/1173 309/409/1174 308/408/1175
f 230/322/1176 231/324/1177 310/410/1178 309/409/1179
f 231/324/1180 232/326/1181 311/411/1182 310/410/1183
f 267/375/1184 312/412/1185 311/411/1186 232/326/1187
f 266/378/1188 313/413/1189 312/412/1190 267/375/1191
f 265/381/1192 314/414/1193 313/413/1194 266/378/1195
f 264/368/1196 315/415/1197 314/414/1198 265/381/1199
f 264/368/1200 263/367/1201 316/416/1202 315/415/1203
f 263/367/1204 262/357/1205 317/356/1206 316/416/1207
f 426/417/1208 320/418/1209 318/419/1210 319/420/1211 450/421/1212
f 450/421/1213 319/420/1214 327/422/1215 451/423/1216
f 331/424/1217 333/425/1218 332/426/1219
f 334/427/1220 333/425/1221 331/424/1222
f 332/426/1223 333/425/1224 335/428/1225
f 336/429/1226 333/425/1227 334/427/1228
f 335/428/1229 333/425/1230 337/430/1231
f 337/430/1232 333/425/1233 338/431/1234
f 339/432/1235 333/425/1236 336/429/1237
f 333/425/1238 340/433/1239 338/431/1240
f 341/434/1241 333/425/1242 339/432/1243
f 340/433/1244 333/425/1245 343/435/1246
f 344/436/1247 333/425/1248 341/434/1249
f 333/425/1250 345/437/1251 343/435/1252
f 346/438/1253 333/425/1254 344/436/1255
f 345/437/1256 333/425/1257 351/439/1258
f 352/440/1259 333/425/1260 346/438/1261
f 351/439/1262 333/425/1263 355/441/1264
f 356/442/1265 333/425/1266 352/440/1267
f 355/441/1268 333/425/1269 358/443/1270
f 359/444/1271 333/425/1272 356/442/1273
f 358/443/1274 333/425/1275 359/444/1276
f 360/445/1277 363/446/1278 362/447/1279 361/448/1280
f 365/449/1281 470/450/1282 471/451/1283 364/452/1284
f 362/453/1285 368/454/1286 367/455/1287 361/456/1288
f 373/457/1289 363/446/1290 360/445/1291 374/458/1292
f 374/459/1293 367/455/1294 368/454/1295 373/460/1296
f 360/445/1297 361/448/1298 367/455/1299 374/459/1300
f 322/461/1301 331/424/1302 332/426/1303 321/462/1304
f 323/463/1305 334/427/1306 331/424/1307 322/461/1308
f 321/462/1309 332/426/1310 335/428/1311 324/464/1312
f 377/465/1313 380/466/1314 379/467/1315 378/468/1316
f 327/469/1317 381/470/1318 378/468/1319 379/467/1320
f 325/471/1321 336/429/1322 334/427/1323 323/463/1324
f 324/464/1325 335/428/1326 337/430/1327 326/472/1328
f 319/473/1329 384/474/1330 381/470/1331 327/469/1332
f 326/472/1333 337/430/1334 338/431/1335 328/475/1336
f 329/476/1337 339/432/1338 336/429/1339 325/471/1340
f 318/477/1341 385/478/1342 384/474/1343 319/473/1344
f 320/479/1345 386/480/1346 385/478/1347 318/477/1348
f 387/481/1349 377/465/1350 378/468/1351 388/482/1352
f 388/482/1353 378/468/1354 381/470/1355 389/483/1356
f 328/475/1357 390/484/1358 386/480/1359 320/479/1360
f 338/431/1361 340/433/1362 390/484/1363 328/475/1364
f 330/485/1365 341/434/1366 339/432/1367 329/476/1368
f 384/474/1369 391/486/1370 389/483/1371 381/470/1372
f 385/478/1373 392/487/1374 391/486/1375 384/474/1376
f 386/480/1377 393/488/1378 392/487/1379 385/478/1380
f 394/489/1381 393/488/1382 386/480/1383 390/484/1384
f 389/483/1385 347/490/1386 348/491/1387 388/482/1388
f 390/484/1389 340/433/1390 343/435/1391 394/489/1392
f 342/492/1393 344/436/1394 341/434/1395 330/485/1396
f 391/486/1397 349/493/1398 347/490/1399 389/483/1400
f 392/487/1401 350/494/1402 349/493/1403 391/486/1404
f 393/488/1405 353/495/1406 350/494/1407 392/487/1408
f 394/489/1409 357/496/1410 353/495/1411 393/488/1412
f 343/435/1413 345/437/1414 357/496/1415 394/489/1416
f 354/497/1417 346/438/1418 344/436/1419 342/492/1420
f 357/496/1421 345/437/1422 351/439/1423 366/498/1424
f 369/499/1425 352/440/1426 346/438/1427 354/497/1428
f 366/498/1429 351/439/1430 355/441/1431 371/500/1432
f 372/501/1433 356/442/1434 352/440/1435 369/499/1436
f 371/500/1437 355/441/1438 358/443/1439 375/502/1440
f 376/503/1441 359/444/1442 356/442/1443 372/501/1444
f 375/502/1445 358/443/1446 359/444/1447 376/503/1448
f 382/504/1449 461/505/1450 387/481/1451
f 364/452/1452 471/451/1453 395/506/1454
f 379/507/1455 398/508/1456 451/423/1457 327/422/1458
f 464/509/1459 470/450/1460 365/449/1461 370/510/1462
f 398/508/1463 379/507/1464 380/466/1465 383/511/1466
f 383/512/1467 368/513/1468 362/514/1469 425/515/1470
f 363/516/1471 373/517/1472 395/506/1473 396/518/1474
f 426/417/1475 399/519/1476 400/520/1477 427/521/1478
f 401/522/1479 428/523/1480 427/521/1481 400/520/1482
f 402/524/1483 429/525/1484 428/523/1485 401/522/1486
f 403/526/1487 430/527/1488 429/525/1489 402/524/1490
f 404/528/1491 431/529/1492 430/527/1493 403/526/1494
f 405/530/1495 432/531/1496 431/529/1497 404/528/1498
f 406/532/1499 433/533/1500 432/531/1501 405/530/1502
f 407/534/1503 434/535/1504 433/533/1505 406/532/1506
f 408/536/1507 435/537/1508 434/535/1509 407/534/1510
f 409/538/1511 436/539/1512 435/537/1513 408/536/1514
f 410/540/1515 437/541/1516 436/539/1517 409/538/1518
f 411/542/1519 438/543/1520 437/541/1521 410/540/1522
f 412/544/1523 439/545/1524 438/543/1525 411/542/1526
f 413/546/1527 440/547/1528 439/545/1529 412/544/1530
f 414/548/1531 441/549/1532 440/547/1533 413/546/1534
f 415/550/1535 442/551/1536 441/549/1537 414/548/1538
f 416/552/1539 443/553/1540 442/551/1541 415/550/1542
f 417/554/1543 444/555/1544 443/553/1545 416/552/1546
f 418/556/1547 445/557/1548 444/555/1549 417/554/1550
f 419/558/1551 446/559/1552 445/557/1553 418/556/1554
f 446/559/1555 419/558/1556 420/560/1557 447/561/1558
f 447/561/1559 420/560/1560 421/562/1561 448/563/1562
f 448/563/1563 421/562/1564 422/564/1565 449/565/1566
f 320/418/1567 426/417/1568 427/521/1569 328/566/1570
f 428/523/1571 326/567/1572 328/566/1573 427/521/1574
f 429/525/1575 324/568/1576 326/567/1577 428/523/1578
f 430/527/1579 321/569/1580 324/568/1581 429/525/1582
f 431/529/1583 322/570/1584 321/569/1585 430/527/1586
f 432/531/1587 323/571/1588 322/570/1589 431/529/1590
f 433/533/1591 325/572/1592 323/571/1593 432/531/1594
f 434/535/1595 329/573/1596 325/572/1597 433/533/1598
f 435/537/1599 330/574/1600 329/573/1601 434/535/1602
f 436/539/1603 342/575/1604 330/574/1605 435/537/1606
f 437/541/1607 354/576/1608 342/575/1609 436/539/1610
f 438/543/1611 369/577/1612 354/576/1613 437/541/1614
f 439/545/1615 372/578/1616 369/577/1617 438/543/1618
f 440/547/1619 376/579/1620 372/578/1621 439/545/1622
f 441/549/1623 375/580/1624 376/579/1625 440/547/1626
f 442/551/1627 371/581/1628 375/580/1629 441/549/1630
f 443/553/1631 366/582/1632 371/581/1633 442/551/1634
f 444/555/1635 357/583/1636 366/582/1637 443/553/1638
f 445/557/1639 353/584/1640 357/583/1641 444/555/1642
f 446/559/1643 350/585/1644 353/584/1645 445/557/1646
f 350/585/1647 446/559/1648 447/561/1649 349/586/1650
f 349/586/1651 447/561/1652 448/563/1653 347/587/1654
f 347/587/1655 448/563/1656 449/565/1657 348/588/1658
f 399/519/1659 426/417/1660 450/421/1661 423/589/1662
f 423/589/1663 450/421/1664 451/423/1665 424/590/1666
f 398/508/1667 397/591/1668 424/590/1669 451/423/1670
f 398/508/1671 383/511/1672 425/592/1673 397/591/1674
f 363/516/1675 396/518/1676 206/355/1677 282/354/1678
f 206/355/1679 396/518/1680 452/593/1681 317/356/1682
f 348/491/1683 382/504/1684 387/481/1685 388/482/1686
f 383/511/1687 380/466/1688 377/465/1689 458/594/1690
f 459/595/1691 368/513/1692 383/512/1693 458/596/1694
f 460/597/1695 373/517/1696 368/513/1697 459/595/1698
f 364/598/1699 395/506/1700 373/517/1701 460/597/1702
f 461/505/1703 458/594/1704 377/465/1705 387/481/1706
f 462/599/1707 459/595/1708 458/596/1709 461/600/1710
f 463/601/1711 460/597/1712 459/595/1713 462/599/1714
f 365/602/1715 364/598/1716 460/597/1717 463/601/1718
f 396/518/1719 395/506/1720 471/451/1721 452/593/1722
f 470/450/1723 453/603/1724 452/593/1725 471/451/1726
f 464/509/1727 454/604/1728 453/603/1729 470/450/1730
f 382/605/1731 465/606/1732 462/599/1733 461/600/1734
f 465/606/1735 466/607/1736 463/601/1737 462/599/1738
f 466/607/1739 370/608/1740 365/602/1741 463/601/1742
f 449/565/1743 467/609/1744 382/610/1745 348/588/1746
f 422/564/1747 457/611/1748 467/609/1749 449/565/1750
f 467/609/1751 468/612/1752 465/613/1753 382/610/1754
f 457/611/1755 456/614/1756 468/612/1757 467/609/1758
f 468/612/1759 469/615/1760 466/616/1761 465/613/1762
f 456/614/1763 455/617/1764 469/615/1765 468/612/1766
f 469/615/1767 464/509/1768 370/510/1769 466/616/1770
f 455/617/1771 454/604/1772 464/509/1773 469/615/1774
f 362/514/1775 363/516/1776 282/354/1777 283/382/1778
f 362/514/1779 283/382/1780 284/383/1781 425/515/1782
f 397/591/1783 425/592/1784 284/385/1785 285/384/1786
f 397/591/1787 285/384/1788 286/386/1789 424/590/1790
f 287/387/1791 423/589/1792 424/590/1793 286/386/1794
f 288/388/1795 399/519/1796 423/589/1797 287/387/1798
f 399/519/1799 288/388/1800 289/389/1801 400/520/1802
f 290/390/1803 401/522/1804 400/520/1805 289/389/1806
f 291/391/1807 402/524/1808 401/522/1809 290/390/1810
f 292/392/1811 403/526/1812 402/524/1813 291/391/1814
f 293/393/1815 404/528/1816 403/526/1817 292/392/1818
f 294/394/1819 405/530/1820 404/528/1821 293/393/1822
f 295/395/1823 406/532/1824 405/530/1825 294/394/1826
f 296/396/1827 407/534/1828 406/532/1829 295/395/1830
f 297/397/1831 408/536/1832 407/534/1833 296/396/1834
f 298/398/1835 409/538/1836 408/536/1837 297/397/1838
f 299/399/1839 410/540/1840 409/538/1841 298/398/1842
f 300/400/1843 411/542/1844 410/540/1845 299/399/1846
f 301/401/1847 412/544/1848 411/542/1849 300/400/1850
f 302/402/1851 413/546/1852 412/544/1853 301/401/1854
f 303/403/1855 414/548/1856 413/546/1857 302/402/1858
f 304/404/1859 415/550/1860 414/548/1861 303/403/1862
f 305/405/1863 416/552/1864 415/550/1865 304/404/1866
f 306/406/1867 417/554/1868 416/552/1869 305/405/1870
f 307/407/1871 418/556/1872 417/554/1873 306/406/1874
f 308/408/1875 419/558/1876 418/556/1877 307/407/1878
f 419/558/1879 308/408/1880 309/409/1881 420/560/1882
f 420/560/1883 309/409/1884 310/410/1885 421/562/1886
f 421/562/1887 310/410/1888 311/411/1889 422/564/1890
f 457/611/1891 422/564/1892 311/411/1893 312/412/1894
f 456/614/1895 457/611/1896 312/412/1897 313/413/1898
f 455/617/1899 456/614/1900 313/413/1901 314/414/1902
f 454/604/1903 455/617/1904 314/414/1905 315/415/1906
f 454/604/1907 315/415/1908 316/416/1909 453/603/1910
f 453/603/1911 316/416/1912 317/356/1913 452/593/1914
